"guid","fid","name","cr","size","type","tags","section","alignment","environment","ac","hp","init","lair?","legendary?","unique?","sources"
"8858bfe7-3e4f-4614-9f37-4411493b22cf","5ef.aaztar-ghola","Aaztar-Ghola","4","Medium","Humanoid","","","chaotic evil","","13","38","0","","","","Fifth Edition Foes: 5"
"e481ef5e-679d-4afe-b21e-7b31b6a1b6a6","5ef.adherer","Adherer","2","Medium","Aberration","","","lawful evil","forest, underground","13","45","1","","","","Fifth Edition Foes: 6"
"29aa7820-a973-45ea-9d2c-221d98519c0b","5ef.adult-leucrotta","Adult Leucrotta","2","Large","Monstrosity","","","chaotic evil","forest","14","39","2","","","","Fifth Edition Foes: 164"
"34aa1e77-a133-4bfa-a01d-b364fa9cd3b3","5ef.aerial-servant","Aerial Servant","9","Medium","Fiend","","","neutral","","18","152","4","","","","Fifth Edition Foes: 7"
"eeec8e91-0b42-4231-a782-a9ac8d1baa31","5ef.algoid","Algoid","3","Medium","Plant","","","neutral","swamp","14","52","0","","","","Fifth Edition Foes: 8"
"fb39c66d-2d1b-465c-b790-250b7236a06b","5ef.ant-lion","Ant Lion","4","Large","Beast","","","unaligned","desert","15","93","0","","","","Fifth Edition Foes: 11"
"0c83f120-fc3b-416d-a660-3eec3a09cbc9","5ef.arcanoplasm","Arcanoplasm","4","Large","Monstrosity","","","neutral","underground","12","103","-2","","","","Fifth Edition Foes: 14"
"9c48d00c-7ef1-4779-b733-b64becac876c","5ef.arenea","Aranea","3","Large","Monstrosity","","","chaotic evil","cave, dungeon, forest","14","39","3","","","","Fifth Edition Foes: 13"
"fc957e94-6739-4aa8-a58e-946e96c924d6","5ef.artificer-of-yothri","Artificer of Yothri","5","Medium","Aberration","","","chaotic evil","","16","66","2","","","","Fifth Edition Foes: 15"
"24f44c14-a6b4-48e0-a985-52bcd71c867b","5ef.ascomoid","Ascomoid","3","Large","Plant","Fungoid","","unaligned","underground","12","76","1","","","","Fifth Edition Foes: 16"
"3889f8b7-6727-4edd-9694-27dfd206b541","5ef.assassin-bug","Assassin Bug","5","Medium","Beast","","","unaligned","forest","16","120","3","","","","Fifth Edition Foes: 17"
"547e770c-ae8c-48fe-84b4-5e4dd901fdde","5ef.astral-moth","Astral Moth","1/8","Large","Monstrosity","","","neutral","forest","12","32","2","","","","Fifth Edition Foes: 18"
"98a090a3-c223-4d46-944a-0c03fb1d7fa9","5ef.astral-shark","Astral Shark","5","Large","Fiend","","","neutral","planar","14","102","2","","","","Fifth Edition Foes: 19"
"aa4af6ea-b5d7-454f-b149-7eb71ecea5f8","5ef.aurumvorax-golden-gorger","Aurumvorax (Golden Gorger)","5","Small","Monstrosity","","","unaligned","forest, grassland","16","78","5","","","","Fifth Edition Foes: 20"
"c3a84c7f-8036-4b60-81af-8be8a4b721f4","5ef.biclops","Biclops","6","Huge","Giant","","","neutral","mountain","13","115","1","","","","Fifth Edition Foes: 26"
"3460ab4e-0c73-46da-8264-c3cd738098ca","5ef.blood-hawk","Blood Hawk","1/4","Small","Monstrosity","","","unaligned","forest, grassland, mountain","13","5","3","","","","Fifth Edition Foes: 27"
"33f8a198-101e-42c8-9dc0-a30e427aec76","5ef.blood-orchid","Blood Orchid","5","Large","Aberration","","Blood Orchid","chaotic evil","underground","14","85","1","","","","Fifth Edition Foes: 28"
"61486dcd-aea5-47a3-93b9-699578f57a2f","5ef.blood-orchid-grand-savant","Blood Orchid Grand Savant","9","Huge","Aberration","","Blood Orchid","lawful evil","underground","16","136","1","","","","Fifth Edition Foes: 29"
"2c76f25c-fea5-41aa-95cd-9b3cff17aa5a","5ef.blood-orchid-savant","Blood Orchid Savant","7","Large","Aberration","","Blood Orchid","lawful evil","underground","15","82","2","","","","Fifth Edition Foes: 28"
"3a8536aa-c0df-4408-971c-cfaa17754cb8","5ef.blood-pudding","Blood Pudding","2","Medium","Ooze","","","unaligned","swamp, underground","10","42","0","","","","Fifth Edition Foes: 187"
"b909141f-f103-4c1b-a2f0-8c201a9d297f","5ef.bloodsuckle","Bloodsuckle","3","Large","Plant","","","unaligned","forest, grassland","13","57","0","","","","Fifth Edition Foes: 30"
"7b554986-d466-4559-9165-7ae87e45f207","5ef.bloody-bones","Bloody Bones","2","Medium","Undead","","","chaotic evil","cave, ruins","13","27","1","","","","Fifth Edition Foes: 31"
"d8e494ed-78cb-411d-981b-6879c0654447","5ef.boalisk","Boalisk","1","Large","Monstrosity","","","unaligned","aquatic, forest","12","39","2","","","","Fifth Edition Foes: 32"
"8be204a1-450f-426f-a443-4a34d053088b","5ef.bone-cobbler","Bone Cobbler","2","Medium","Aberration","","","chaotic evil","underground","13","22","2","","","","Fifth Edition Foes: 33"
"06ed1123-cff6-4c57-8a3f-3021759e1030","5ef.bonesucker","Bonesucker","4","Large","Aberration","","","neutral evil","underground","15","68","1","","","","Fifth Edition Foes: 35"
"ef3f7368-89b7-4ca1-aed4-cbdb44766fc0","5ef.borsin-ape-centaur","Borsin (Ape Centaur)","3","Large","Monstrosity","","","chaotic evil","","12","60","2","","","","Fifth Edition Foes: 36"
"1b899f2f-eda5-4196-9f9f-f6a5352d2850","5ef.brass-man","Brass Man","6","Large","Construct","","","unaligned","planar","18","95","0","","","","Fifth Edition Foes: 37"
"d64b71c7-026e-41c2-868a-9b18efd58eae","5ef.brine-sea-serpent","Brine Sea Serpent","10","Huge","Dragon","Aquatic","","chaotic evil","aquatic","17","168","2","","legendary","","Fifth Edition Foes: 199"
"842934bf-43fd-4a27-9178-0d29fe2791bb","5ef.brontotherium","Brontotherium","6","Huge","Beast","","Pleistocene Animal","unaligned","","13","128","0","","","","Fifth Edition Foes: 183"
"30608f1b-aa83-43f8-b26a-ae1bedda7d52","5ef.brume","Brume","6","Large","Aberration","","","neutral evil","","16","90","3","","","","Fifth Edition Foes: 38"
"652e7842-051a-40ac-988d-a5a382142c96","5ef.burning-dervish","Burning Dervish","3","Medium","Fiend","","","lawful evil","planar","16","65","3","","","","Fifth Edition Foes: 39"
"e290d910-5ec3-42bb-90b6-6e27e4b1cb28","5ef.cadaver","Cadaver","1/2","Medium","Undead","","","chaotic evil","","11","15","1","","","","Fifth Edition Foes: 40"
"e56ff88a-f223-4d90-b555-dc847b9cdafa","5ef.cadaver-lord","Cadaver Lord","3","Medium","Undead","","","chaotic evil","","15","45","2","","","","Fifth Edition Foes: 41"
"eaeb0ca9-3904-4c36-b2c6-e4e178ded00a","5ef.carbuncle","Carbuncle","1/8","Small","Aberration","","","unaligned","forest","11","4","0","","","","Fifth Edition Foes: 42"
"ec0b8eb1-51f1-4dc3-ad1f-eec948e90724","5ef.caryatid-column","Caryatid Column","1","Medium","Construct","","","unaligned","","14","30","-1","","","","Fifth Edition Foes: 43"
"082fc525-a4e5-41aa-8ccb-d1ec6d80a9ab","5ef.caterprism","Caterprism","4","Large","Monstrosity","","","unaligned","planar","14","87","1","","","","Fifth Edition Foes: 45"
"f6c69373-bbab-47e9-a255-dc660cb96843","5ef.catoblepas","Catoblepas","5","Large","Monstrosity","","","unaligned","swamp","13","76","0","","","","Fifth Edition Foes: 47"
"06f1b52b-0cfb-48a2-83f5-b548523cf24f","5ef.cave-cricket","Cave Cricket","1/4","Small","Beast","","","unaligned","underground","13","5","2","","","","Fifth Edition Foes: 48"
"6becceec-276c-42b0-8fa8-1c2ff87d84a9","5ef.cave-eel","Cave Eel","1/4","Medium","Beast","","","unaligned","cave, dungeon","12","9","2","","","","Fifth Edition Foes: 49"
"431a88c4-19f8-4a5e-8861-1102ab2766cc","5ef.cave-fisher","Cave Fisher","2","Large","Monstrosity","","","unaligned","underground","12","51","2","","","","Fifth Edition Foes: 50"
"27c84aed-9b9e-496a-9b2f-e8d36925b464","5ef.cave-leech","Cave Leech","6","Large","Beast","","","chaotic evil","underground","10","102","2","","","","Fifth Edition Foes: 51"
"b25b5ed8-7ad5-48e6-bc4b-ea14fb6e5e22","5ef.centipede-nest","Centipede Nest","1/2","Medium","Beast","Swarm","","unaligned","","11","22","2","","","","Fifth Edition Foes: 52"
"21294951-6251-4e74-b166-30726b85c3d4","5ef.cerebral-stalker","Cerebral Stalker","5","Medium","Aberration","","","chaotic evil","","16","85","2","","","","Fifth Edition Foes: 53"
"6cb45236-ed84-468d-bb44-fc6b4ee27ef9","5ef.chain-worm","Chain Worm","12","Large","Beast","","","unaligned","underground","21","161","3","","","","Fifth Edition Foes: 54"
"388f5263-8df5-4b78-9469-dc82f25ea0d5","5ef.chaos-knight","Chaos Knight","3","Medium","Fiend","","","chaotic evil","","16","78","2","","","","Fifth Edition Foes: 55"
"b0c06424-9fc5-4c34-82ac-a1f3c2507b96","5ef.chupacabra","Chupacabra","1","Small","Humanoid","","","chaotic neutral","forest, urban","12","27","2","","","","Fifth Edition Foes: 56"
"6874540a-1b44-4082-9e01-8abae4f99109","5ef.church-grim","Church Grim","1","Medium","Monstrosity","Incorporeal","","lawful good","","12","32","2","","","","Fifth Edition Foes: 57"
"3e1e5b6f-12c9-4b4c-8043-7b9283be7212","5ef.churr","Churr","4","Large","Monstrosity","","","neutral evil","forest","14","57","2","","","","Fifth Edition Foes: 58"
"1ba27eaa-c952-40c8-92f9-3073e1d9fc51","5ef.cimota","Cimota","2","Medium","Undead","","Cimota","lawful evil","","15","44","3","","","","Fifth Edition Foes: 59"
"5013a4e9-6072-49e3-a287-25cb0d43cf58","5ef.cimota-guardian","Cimota Guardian","4","Medium","Undead","","Cimota","lawful evil","","16","71","3","","","","Fifth Edition Foes: 59"
"61f8ab2e-a308-41d4-b063-3064babc0b7c","5ef.clamor","Clamor","2","Medium","Aberration","Extraplanar, Incorporeal","","unaligned","","17","45","7","","","","Fifth Edition Foes: 62"
"a0d04c1f-e306-46dc-a483-049cdbef3bf1","5ef.cobra-flower","Cobra Flower","2","Large","Plant","","","unaligned","forest","11","51","1","","","","Fifth Edition Foes: 63"
"e0b158b9-6847-4e07-92e8-149baadd0f06","5ef.coffer-corpse","Coffer Corpse","2","Medium","Undead","","","chaotic evil","underground","12","45","1","","","","Fifth Edition Foes: 64"
"5d2e03d9-7593-4d9f-9dee-c2eb8637d9fb","5ef.cooshee","Cooshee","1","Medium","Monstrosity","","","neutral good","forest","13","13","3","","","","Fifth Edition Foes: 65"
"c73a2904-8c96-443a-96db-45c2d9c8308e","5ef.corpse-rook","Corpse Rook","4","Large","Monstrosity","","","neutral evil","grassland","14","45","2","","","","Fifth Edition Foes: 66"
"1e4d6002-0f2d-499a-9a7c-c07dc1369904","5ef.corpsespinner","Corpsespinner","5","Huge","Monstrosity","Extraplanar","","unaligned","planar","17","114","3","","","","Fifth Edition Foes: 67"
"15aca2d5-5da4-4a41-b4e3-eb926d6a3bcd","5ef.corpsespun","Corpsespun","1","Medium","Undead","","","neutral","planar","11","44","1","","","","Fifth Edition Foes: 68"
"f627523a-7a8d-4914-9709-a827f15e2ab1","5ef.crabman","Crabman","1","Large","Monstrosity","","","neutral","aquatic","14","22","0","","","","Fifth Edition Foes: 69"
"c4ee0612-11fc-4327-a641-2fc5cd6f5ee6","5ef.crimson-basilisk","Crimson Basilisk","3","Medium","Monstrosity","","Basilisks","unaligned","underground","13","60","0","","","","Fifth Edition Foes: 21"
"2e242225-28d7-4656-9199-445bdbec57fe","5ef.crimson-mist","Crimson Mist","7","Medium","Aberration","","","neutral evil","swamp, underground","17","127","4","","","","Fifth Edition Foes: 71"
"37a66de3-f1d3-4927-9761-bcc3ee9ccaed","5ef.crypt-thing","Crypt Thing","3","Medium","Undead","","","neutral","underground","15","52","2","","","","Fifth Edition Foes: 72"
"9fca5d72-502a-42e9-9712-d27ee1af479c","5ef.dagon","Dagon","20","Large","Fiend","Aquatic","","chaotic evil","aquatic, planar","19","287","4","","legendary","","Fifth Edition Foes: 73"
"bb2f95fd-8125-40b5-bc22-c671f0dc4dc1","5ef.dark-creeper","Dark Creeper","1/4","Small","Humanoid","","Dark Folk","chaotic neutral","underground","15","16","3","","","","Fifth Edition Foes: 74"
"a58f7528-0727-46a9-b382-52e3061f1a25","5ef.dark-stalker","Dark Stalker","2","Medium","Humanoid","","Dark Folk","chaotic neutral","underground","15","48","4","","","","Fifth Edition Foes: 74"
"e50756f9-5450-40b8-a2b0-0e9d12cdfa46","5ef.dark-triton","Dark Triton","1","Large","Monstrosity","Aquatic","","chaotic evil","aquatic","12","30","0","","","","Fifth Edition Foes: 233"
"5af1c32d-ba8d-4b68-8258-ad58f9c586a2","5ef.darno","Darno","2","Medium","Undead","","","lawful evil","","12","52","2","","","","Fifth Edition Foes: 76"
"c8951c4f-344e-43b2-b347-7bfeb1342d95","5ef.death-dog","Death Dog","1/2","Medium","Monstrosity","","","neutral evil","desert","13","26","2","","","","Fifth Edition Foes: 77"
"d8340df1-64e8-4504-b4f3-fbb37815557b","5ef.death-worm","Death Worm","3","Large","Monstrosity","","","unaligned","","15","59","1","","","","Fifth Edition Foes: 78"
"748a1b33-972e-4d6b-bf93-66d4f17462a2","5ef.decapus","Decapus","2","Medium","Aberration","","","chaotic evil","forest, ruins, underground","12","44","1","","","","Fifth Edition Foes: 79"
"03355493-0eed-4b7f-a761-d3a092d52ec2","5ef.deep-hunter-sea-serpent","Deep Hunter Sea Serpent","14","Gargantuan","Dragon","Aquatic","","lawful neutral","aquatic","18","232","2","","legendary","","Fifth Edition Foes: 200"
"cf9a0fa9-e840-471f-8f20-218fe1d10d64","5ef.demonic-knight","Demonic Knight","5","Medium","Fiend","","","chaotic evil","","17","81","1","","","","Fifth Edition Foes: 82"
"5df7b005-92a7-49b6-b994-8139341a1fa2","5ef.denizen-of-leng","Denizen of Leng","5","Medium","Aberration","","","chaotic evil","","16","85","4","","","","Fifth Edition Foes: 83"
"aedfee30-ec76-4cfc-adc5-71f9ac1151f8","5ef.dire-corby","Dire Corby","1/2","Medium","Monstrosity","","","neutral evil","underground","11","11","1","","","","Fifth Edition Foes: 84"
"5f0cee9e-673f-419e-b4c6-bd45efe7fddd","5ef.doombat","Doombat","3","Large","Monstrosity","","","unaligned","underground","15","59","5","","","","Fifth Edition Foes: 23"
"14ce29a0-f233-4ce5-bcc5-28497daad2b7","5ef.dracolisk","Dracolisk","7","Large","Dragon","","","unaligned","","17","114","1","","","","Fifth Edition Foes: 85"
"9edb5935-e824-48ef-9e61-1c2f5894f975","5ef.dust-digger","Dust Digger","3","Large","Aberration","","","unaligned","desert","13","38","0","","","","Fifth Edition Foes: 88"
"2e2b546e-0154-4fca-b142-14a7e9ec68f9","5ef.eblis","Eblis","1/2","Medium","Monstrosity","","","neutral evil","swamp","12","22","2","","","","Fifth Edition Foes: 89"
"96236a8d-483c-46ed-9af7-1a0033434c1d","5ef.ectoplasm","Ectoplasm","2","Large","Ooze","Incorporeal","","unaligned","","12","39","1","","","","Fifth Edition Foes: 90"
"cfc78e02-ba1d-40a5-b6c8-4aff2f0f985b","5ef.elusa-hound","Elusa Hound","1","Medium","Monstrosity","","","unaligned","forest, grassland","14","26","2","","","","Fifth Edition Foes: 93"
"8aa24fcf-01dd-4c1f-986a-35f3a27b40a5","5ef.encephalon-gorger-psilian","Encephalon Gorger (Psilian)","4","Medium","Aberration","","","chaotic evil","","13","65","3","","","","Fifth Edition Foes: 94"
"9c7cddd1-1159-4d22-8cb1-db8d7722fe42","5ef.fanged-sea-serpent","Fanged Sea Serpent","5","Large","Dragon","Aquatic","","neutral evil","aquatic","18","85","1","","","","Fifth Edition Foes: 201"
"44253d68-8f2c-4751-991f-abc921df8a9c","5ef.fear-guard","Fear Guard","3","Medium","Undead","","","chaotic evil","underground","17","51","2","","","","Fifth Edition Foes: 98"
"195d4017-bd24-4b10-9e1a-3a8b05e38977","5ef.fen-witch","Fen Witch","2","Medium","Monstrosity","","","chaotic evil","swamp","12","33","1","","","","Fifth Edition Foes: 99"
"877eeff7-a54d-4beb-b94d-490a917a3c98","5ef.feral-undead-cat","Feral Undead Cat","1/8","Small","Undead","","","chaotic evil","ruins","12","3","2","","","","Fifth Edition Foes: 44"
"56e56efe-e085-41a7-8b68-16a6214a5fbe","5ef.fetch","Fetch","1","Medium","Undead","","","lawful evil","grassland, mountain","13","16","2","","","","Fifth Edition Foes: 100"
"8a9ee592-179e-4d88-9110-48a3f25aea2d","5ef.fire-drake","Fire Drake","1","Small","Dragon","","","chaotic evil","mountain","13","27","1","","","","Fifth Edition Foes: 86"
"da5d467a-61f9-4863-89dc-7b2cb828f12f","5ef.flagstone-golem","Flagstone Golem","7","Large","Construct","","Golems","unaligned","","15","114","-1","","","","Fifth Edition Foes: 126"
"50e8cce3-f0b6-4b53-8be5-4c9b3e99b2be","5ef.flail-snail","Flail Snail","3","Large","Monstrosity","","","unaligned","ruins, underground","16","38","-1","","","","Fifth Edition Foes: 103"
"3d630efa-9f83-43e4-9f02-9d10c9d7b7ce","5ef.flowershroud","Flowershroud","1","Large","Plant","","","unaligned","forest, grassland","11","19","1","","","","Fifth Edition Foes: 104"
"cf00a20a-5160-41a3-9c33-53cdf9fbc7aa","5ef.flying-ape","Flying Ape","2","Large","Monstrosity","","","chaotic neutral","","13","45","2","","","","Fifth Edition Foes: 12"
"9fde7d89-902a-418c-96b9-fde58e5c088e","5ef.foo-dog","Foo Dog","3","Medium","Monstrosity","","","chaotic good","planar","13","52","2","","","","Fifth Edition Foes: 105"
"4dffa61d-9d30-4710-9039-8f23ff84f11c","5ef.foresters-bane","Forester's Bane","5","Large","Plant","","","unaligned","grassland","10","103","0","","","","Fifth Edition Foes: 106"
"f305e58f-b209-4df7-a969-da60985f8952","5ef.four-armed-gargoyle","Four-Armed Gargoyle","4","Medium","Monstrosity","","Gargoyles","chaotic evil","aquatic, underground","15","55","2","","","","Fifth Edition Foes: 113"
"25ae7268-2b42-487e-8bd5-3ff47eb97855","5ef.foxwere","Foxwere","1/2","Small","Monstrosity","Shapechanger","Therianthrope","lawful evil","forest, underground","12","13","2","","","","Fifth Edition Foes: 227"
"7d5c64eb-eefe-4152-be3c-c0f065d27c11","5ef.froghemoth","Froghemoth","11","Huge","Aberration","","","unaligned","swamp","15","200","0","","","","Fifth Edition Foes: 107"
"61018b7f-fc0b-4204-ac4e-18d39d520b50","5ef.fungoid","Fungoid","2","Medium","Plant","Fungoid","","neutral evil","swamp","15","45","1","","","","Fifth Edition Foes: 108"
"0ab016e4-ac4e-4dff-ad91-cd731999ff6c","5ef.fungus-bat","Fungus Bat","1/4","Medium","Plant","Fungoid","","unaligned","underground","11","16","1","","","","Fifth Edition Foes: 109"
"a43a7260-f1ea-4c5d-98ca-929db9a1bd4a","5ef.fungus-gargoyle","Fungus Gargoyle","1","Medium","Plant","","Gargoyles, Fungi","neutral evil","","14","52","2","","","","Fifth Edition Foes: 114"
"56d812d0-1e6c-4215-8add-69997bda3581","5ef.furnace-golem","Furnace Golem","9","Large","Construct","","Golems","unaligned","","16","152","-1","","","","Fifth Edition Foes: 127"
"2ed648cd-e401-4aa1-ad00-19cf596aa0c2","5ef.fyr","Fyr","1/4","Small","Fey","","","neutral","forest, mountain","11","9","1","","","","Fifth Edition Foes: 110"
"6b3ba99c-30b6-4b19-8fea-b2ddc1397afc","5ef.gallows-tree","Gallows Tree","13","Huge","Plant","","","unaligned","forest, grassland, swamp","15","225","0","","","","Fifth Edition Foes: 111"
"9680e243-fecb-4e71-b7fb-ebfc695cff84","5ef.gallows-tree-zombie","Gallows Tree Zombie","2","Medium","Plant","","","unaligned","forest, grassland, swamp","11","33","1","","","","Fifth Edition Foes: 112"
"813dfa0d-6747-4c30-b98d-a7872a959d79","5ef.ghost-ammonite","Ghost-Ammonite","2","Medium","Undead","","","unaligned","","10","33","2","","","","Fifth Edition Foes: 118"
"68c63f04-8e50-45ef-b0be-7c66313d7aad","5ef.giant-ant-exoskeleton","Giant Ant Exoskeleton","1/2","Large","Construct","","","lawful evil","desert, grassland","16","15","1","","","","Fifth Edition Foes: 95"
"150f864a-a381-4cdc-b983-47cd0cd2f6c8","5ef.giant-beetle-exoskeleton","Giant Beetle Exoskeleton","2","Large","Construct","","","unaligned","","17","42","1","","","","Fifth Edition Foes: 96"
"9ab9a2e0-347f-4645-9ac5-920e4109e442","5ef.giant-clam","Giant Clam","1/4","Large","Beast","","","unaligned","aquatic","14","22","0","","","","Fifth Edition Foes: 61"
"f2a457ae-756c-45e8-a159-a2e15eff43e0","5ef.giant-crab-exoskeleton","Giant Crab Exoskeleton","3","Large","Construct","","","unaligned","","18","57","0","","","","Fifth Edition Foes: 97"
"c1b7bebb-222f-4e83-a7b9-885fb8b958d1","5ef.giant-electric-catfish","Giant Electric Catfish","3","Large","Beast","Aquatic","","unaligned","aquatic","12","68","2","","","","Fifth Edition Foes: 46"
"d5d4329c-ab10-4a4f-8040-6a1a035c80da","5ef.giant-horsefly","Giant Horsefly","1/2","Large","Beast","","","unaligned","","12","30","2","","","","Fifth Edition Foes: 146"
"f0d94abd-9d0d-49f9-b1a1-fad5818d8ac5","5ef.giant-moray-eel","Giant Moray Eel","2","Medium","Beast","Aquatic","","unaligned","aquatic","12","52","2","","","","Fifth Edition Foes: 91"
"b5a7f95d-023a-48ac-b87d-aee218afd4ce","5ef.giant-rhinoceros-beetle","Giant Rhinoceros Beetle","4","Large","Beast","","","unaligned","forest","18","95","0","","","","Fifth Edition Foes: 24"
"2dcf8e8b-f858-4acb-9a13-8f898ed872a9","5ef.giant-seahorse","Giant Seahorse","1/2","Large","Beast","","","unaligned","aquatic","12","26","2","","","","Fifth Edition Foes: 205"
"dc62f7b1-fc36-4e85-afa3-4cf25d0cabeb","5ef.giant-slicer-beetle","Giant Slicer Beetle","3","Large","Beast","","","unaligned","forest","15","59","0","","","","Fifth Edition Foes: 24"
"fba44dbb-a3b3-44d7-81ce-bae7fd75e562","5ef.giant-slug-of-pnakh","Giant Slug of P'nakh","4","Large","Fiend","","","chaotic evil","ruins, underground","11","76","-1","","","","Fifth Edition Foes: 119"
"a97cd7b9-152c-48f2-8908-5f08da9a5027","5ef.giant-water-beetle","Giant Water Beetle","1/2","Medium","Beast","Aquatic","","unaligned","aquatic","14","30","1","","","","Fifth Edition Foes: 25"
"8f957588-da24-404d-915f-6f2e76399d82","5ef.gillmonkey","Gillmonkey","1/4","Small","Beast","Aquatic","","chaotic evil","aquatic","12","7","2","","","","Fifth Edition Foes: 121"
"6cd7a61a-7734-49fb-94b3-8a4b7083e00b","5ef.glacial-ooze","Glacial Ooze","1","Large","Ooze","","","unaligned","arctic","5","57","-5","","","","Fifth Edition Foes: 178"
"10f215bf-29aa-4426-96d1-c6e6baaabf96","5ef.gloom-crawler","Gloom Crawler","10","Huge","Monstrosity","","","neutral","","12","159","2","","","","Fifth Edition Foes: 122"
"63798c35-6c96-4e6f-be8c-d98e2e97b1cb","5ef.gnarlwood","Gnarlwood","8","Huge","Plant","","","neutral evil","forest","16","132","-1","","","","Fifth Edition Foes: 123"
"1f20da7f-5464-4386-87dc-dc34e0928220","5ef.gohl","Gohl","8","Large","Aberration","","","chaotic evil","ruins, underground","13","85","3","","","","Fifth Edition Foes: 124"
"df1c7b07-15b6-4274-9d4f-dcad32e176cc","5ef.golden-cat","Golden Cat","0","Tiny","Beast","","","unaligned","","12","3","2","","","","Fifth Edition Foes: 125"
"f44e122d-f1fd-473c-8233-9282c8c95fe0","5ef.gorbel","Gorbel","1/4","Small","Aberration","","","neutral","forest","12","11","2","","","","Fifth Edition Foes: 130"
"32e8f240-7de2-4261-8c37-0e2edaf48e85","5ef.gorgimera","Gorgimera","7","Large","Monstrosity","","","unaligned","mountain","17","95","1","","","","Fifth Edition Foes: 131"
"ffaf52f8-a1cc-4a5e-bd4d-5c10bdd48836","5ef.gorilla-bear","Gorilla Bear","1","Medium","Monstrosity","","","unaligned","forest","13","26","2","","","","Fifth Edition Foes: 132"
"8d92db78-2370-4cc5-9c12-a47e645f4825","5ef.gray-nisp","Gray Nisp","6","Large","Fey","","","chaotic neutral","aquatic","15","95","3","","","","Fifth Edition Foes: 133"
"c096015a-9bff-483e-b0c7-b67a948c59b1","5ef.greater-basilisk","Greater Basilisk","5","Large","Monstrosity","","Basilisks","neutral evil","desert","16","95","-1","","","","Fifth Edition Foes: 22"
"8fe9fbdc-e6bf-4c7f-b64b-3b537589a5df","5ef.greater-boneneedle","Greater Boneneedle","1","Medium","Beast","","Boneneedle","unaligned","underground","13","31","3","","","","Fifth Edition Foes: 34"
"b47d2bf0-b548-4cd5-982b-c58ab7ef30dc","5ef.greater-fire-crab","Greater Fire Crab","2","Large","Monstrosity","","","unaligned","planar","14","34","0","","","","Fifth Edition Foes: 101"
"7cb9a7e8-516b-4772-a429-148b4a6431f2","5ef.green-brain","Green Brain","1","Small","Plant","","","lawful evil","underground","12","17","2","","","","Fifth Edition Foes: 134"
"f5d27c86-df25-4f77-b7e4-fc018f151186","5ef.green-guardian-gargoyle","Green Guardian Gargoyle","1","Medium","Monstrosity","","Gargoyles","chaotic evil","aquatic, underground","13","34","2","","","","Fifth Edition Foes: 115"
"3e235c32-1cd0-4cc4-892e-a4a51d47d07c","5ef.grimm","Grimm","7","Large","Fey","","","neutral evil","mountain","14","104","2","","","","Fifth Edition Foes: 135"
"905d0a84-71ea-43ab-9e41-190373db01d6","5ef.grippli","Grippli","1/4","Small","Humanoid","","","neutral","forest, swamp","13","9","3","","","","Fifth Edition Foes: 136"
"4398adcd-87f3-4bd7-98ca-854f2a66bb77","5ef.grue-type-1","Grue (Type 1)","4","Large","Ooze","","","unaligned","underground","15","75","0","","","","Fifth Edition Foes: 137"
"2953d90d-2079-49be-89de-5e1e4977e924","5ef.grue-type-2","Grue (Type 2)","2","Medium","Aberration","","","chaotic evil","","13","36","3","","","","Fifth Edition Foes: 138"
"a416b6de-fc27-40ab-b4be-25d74a333002","5ef.gulper-eel","Gulper Eel","3","Large","Beast","Aquatic","","unaligned","aquatic","14","60","2","","","","Fifth Edition Foes: 92"
"169a5633-9680-4bc0-b172-e2775a45c514","5ef.hanged-man","Hanged Man","1/2","Medium","Undead","","","chaotic evil","","11","22","1","","","","Fifth Edition Foes: 139"
"964941f9-1859-467d-b12c-e1afdb967cd0","5ef.hangman-tree","Hangman Tree","7","Huge","Plant","","","neutral evil","forest","17","92","-2","","","","Fifth Edition Foes: 140"
"f5088d29-9ad8-40e0-bf14-85873c2a04c2","5ef.hanu-naga","Hanu-naga","2","Large","Monstrosity","","Nagas","chaotic evil","forest, mountain","14","39","2","","","","Fifth Edition Foes: 175"
"bfa26d58-e035-402c-bddb-eeba284a9a97","5ef.hawanar","Hawanar","7","Large","Fiend","","Genies","lawful neutral","planar","17","97","2","","","","Fifth Edition Foes: 117"
"5c1cc602-9168-43d9-8c57-a41debe78732","5ef.hawktoad","Hawktoad","1/4","Small","Monstrosity","","","unaligned","forest, swamp","12","5","2","","","","Fifth Edition Foes: 141"
"a2b10350-c778-42ee-90d9-06c8eabd79a2","5ef.helix-moth-adult","Helix Moth Adult","6","Huge","Beast","","","unaligned","forest","14","114","2","","","","Fifth Edition Foes: 142"
"e33c82a2-9f11-49d8-b283-1d1188659bda","5ef.helix-moth-larva","Helix Moth Larva","2","Large","Beast","","","unaligned","underground","14","65","2","","","","Fifth Edition Foes: 142"
"963a4b94-940f-4d43-9d63-c0720ebf41a6","5ef.hieroglyphicroc","Hieroglyphicroc","3","Large","Undead","","","lawful evil","ruins","13","52","0","","","","Fifth Edition Foes: 143"
"bdbbcb95-28fb-42af-a0e8-8becba855486","5ef.high-cimota","High Cimota","6","Medium","Undead","","Cimota","lawful evil","","17","99","4","","","","Fifth Edition Foes: 60"
"b0ed20be-5d74-4892-9e46-7503cc10263e","5ef.hippocampus","Hippocampus","1","Large","Monstrosity","","","chaotic good","aquatic","12","34","2","","","","Fifth Edition Foes: 144"
"cdda62de-1fc4-40af-87e0-b558b926ddac","5ef.hoar-fox","Hoar Fox","1","Small","Monstrosity","","","unaligned","arctic, forest","14","26","3","","","","Fifth Edition Foes: 145"
"7ba610ba-b5a0-4d4b-83b5-2226acb81eb3","5ef.huggermugger","Huggermugger","1/4","Small","Humanoid","","","chaotic evil","underground","13","7","3","","","","Fifth Edition Foes: 147"
"74ca7858-7ba7-4e4e-8c5d-9b50f13dad65","5ef.hyaenodon","Hyaenodon","1","Large","Beast","","Pleistocene Animal","unaligned","grassland","13","44","2","","","","Fifth Edition Foes: 184"
"fb3cb5da-279c-437e-8c5a-3d2dfe93f6e0","5ef.ice-drake","Ice Drake","1","Small","Dragon","","","chaotic evil","arctic","14","22","1","","","","Fifth Edition Foes: 87"
"4755c9ff-33ef-4795-a023-268fe0d330ed","5ef.igniguana","Igniguana","1","Medium","Elemental","","","unaligned","planar, underground","12","26","0","","","","Fifth Edition Foes: 148"
"7bdb5b8a-1f90-4e33-8b89-c0095ed0d7b8","5ef.jack-in-irons","Jack-in-Irons","7","Huge","Giant","","Giants","chaotic evil","forest, grassland","14","126","1","","","","Fifth Edition Foes: 120"
"04cd2290-02d0-444d-aafc-5a944281fc07","5ef.jackal-of-darkness","Jackal of Darkness","1","Small","Undead","","","neutral evil","ruins","13","21","2","","","","Fifth Edition Foes: 149"
"619a44e4-6157-4c91-ab34-b9074f031b80","5ef.jaculi","Jaculi","1/8","Medium","Monstrosity","","","unaligned","","14","4","3","","","","Fifth Edition Foes: 150"
"f6eb324c-4236-440f-9708-7e6457bbd5b8","5ef.juggernaut","Juggernaut","6","Large","Construct","","Amphorons of Yothri","neutral","","17","102","0","","","","Fifth Edition Foes: 10"
"804dae66-0996-47ae-b2e0-497a87ff71ae","5ef.jupiter-bloodsucker","Jupiter Bloodsucker","1","Medium","Plant","","","unaligned","forest","8","26","-3","","","","Fifth Edition Foes: 152"
"cf8c3aeb-fed2-480c-845f-1cd0800419de","5ef.kamadan","Kamadan","3","Large","Monstrosity","","","unaligned","","14","30","2","","","","Fifth Edition Foes: 153"
"418f42d0-b7d2-4425-8072-5612c0a54c35","5ef.kampfult","Kampfult","2","Medium","Plant","","","unaligned","underground","15","32","1","","","","Fifth Edition Foes: 154"
"697094e6-3d30-402f-b0ab-e997c12a3293","5ef.kech","Kech","1/2","Medium","Monstrosity","","","neutral evil","forest","13","27","2","","","","Fifth Edition Foes: 155"
"5df53170-860c-4cf6-9b89-eabc7f2d8890","5ef.kelpie","Kelpie","1","Medium","Plant","","","neutral evil","aquatic","12","27","2","","","","Fifth Edition Foes: 156"
"cb027442-bf51-4e3d-989e-dfb87ebb1b9c","5ef.khargra","Khargra","2","Small","Fiend","","","unaligned","planar","16","33","2","","","","Fifth Edition Foes: 157"
"5b0d734a-48a4-4f75-b62e-6be805f15cf1","5ef.korred","Korred","1","Small","Fey","","","chaotic neutral","forest","13","27","2","","","","Fifth Edition Foes: 158"
"33310580-40d5-410b-b280-805940c79166","5ef.kurok-spirit","Kurok-spirit","1","Large","Fiend","","","chaotic neutral","","13","19","3","","","","Fifth Edition Foes: 159"
"75b436c0-5118-4a60-916d-b31a8d025813","5ef.land-lamprey","Land Lamprey","1/4","Small","Beast","","","unaligned","underground","12","2","2","","","","Fifth Edition Foes: 160"
"4e09d563-e9cc-4bab-a88c-2e32cb135c2e","5ef.lava-child","Lava Child","1","Medium","Elemental","","","neutral","underground","11","22","0","","","","Fifth Edition Foes: 161"
"b4813d30-f494-455b-8f4b-c75ff3bdc854","5ef.lava-weird","Lava Weird","4","Large","Elemental","","","chaotic evil","planar","16","76","2","","","","Fifth Edition Foes: 244"
"4b3a36c1-7513-44ae-b422-00770ef80b6b","5ef.leng-spider","Leng Spider","6","Huge","Aberration","","","chaotic evil","","15","97","3","","","","Fifth Edition Foes: 162"
"14c8179e-6309-4d15-8c4a-8950209fbaff","5ef.lesser-boneneedle","Lesser Boneneedle","1/4","Small","Beast","","Boneneedle","unaligned","underground","12","13","2","","","","Fifth Edition Foes: 34"
"cd5f37bc-f0cb-41de-bff4-00ce7b0ec6b2","5ef.lesser-fire-crab","Lesser Fire Crab","1/8","Small","Monstrosity","","","unaligned","planar","12","4","2","","","","Fifth Edition Foes: 101"
"cfbcd4c4-a626-4274-9e9f-46359a39be3b","5ef.lesser-shadow","Lesser Shadow","1/8","Medium","Undead","","","chaotic evil","","12","7","2","","","","Fifth Edition Foes: 208"
"ba9171aa-dce5-471f-98a5-002524efea1d","5ef.lightning-treant","Lightning Treant","6","Huge","Plant","","","neutral evil","forest","15","105","-2","","","","Fifth Edition Foes: 231"
"5aece682-36f6-4760-bd9d-862cdbf315b4","5ef.lionwere","Lionwere","2","Large","Monstrosity","Shapechanger","Therianthrope","chaotic evil","grassland, underground","13","30","3","","","","Fifth Edition Foes: 228"
"103b318f-5844-4c28-88bc-0a88801599f6","5ef.lithonnite","Lithonnite","4","Large","Monstrosity","","","unaligned","aquatic, underground","18","68","1","","","","Fifth Edition Foes: 165"
"c3e2ed63-41cf-4ccf-9977-31e1f97e934e","5ef.magma-ooze","Magma Ooze","5","Large","Ooze","","","unaligned","mountain, underground","14","115","-5","","","","Fifth Edition Foes: 179"
"f57e8c30-656d-46af-9d1b-fec7eaf7f193","5ef.magmoid","Magmoid","4","Large","Elemental","","","unaligned","planar","16","75","2","","","","Fifth Edition Foes: 166"
"25457afb-09cf-4b91-a4db-968bd4ec250d","5ef.mandragora","Mandragora","1/8","Small","Plant","Fungoid","","neutral evil","forest","11","4","1","","","","Fifth Edition Foes: 167"
"efd769f7-8915-4106-b3e6-6b82aae844fc","5ef.mandrill","Mandrill","1/8","Small","Beast","","","unaligned","forest","12","9","2","","","","Fifth Edition Foes: 168"
"c4382159-8969-4f0b-9c4f-ff00a99f776e","5ef.mantari","Mantari","1/8","Medium","Monstrosity","","","neutral evil","underground","12","4","2","","","","Fifth Edition Foes: 169"
"3be8ea59-4982-4a6d-af3f-d3b6f48a5f5c","5ef.margoyle","Margoyle","5","Medium","Monstrosity","","Gargoyles","chaotic evil","aquatic, underground","16","114","2","","","","Fifth Edition Foes: 116"
"2363ae59-7bb2-4714-adfe-dc61c37f80bc","5ef.mastodon","Mastodon","4","Huge","Beast","","Pleistocene Animal","unaligned","forest, grassland","13","105","-1","","","","Fifth Edition Foes: 185"
"f172980e-5b6c-4a14-826c-59cdbc9ad957","5ef.midnight-peddler","Midnight Peddler","1/2","Medium","Fey","","","neutral","","11","45","1","","","","Fifth Edition Foes: 170"
"2bd24040-6384-4388-93f5-66846a471917","5ef.mite","Mite","1/8","Small","Fey","","Mites","lawful evil","underground","11","3","1","","","","Fifth Edition Foes: 171"
"a5a46e43-0367-4dd0-80e7-727a06f49c1e","5ef.monstrous-crayfish","Monstrous Crayfish","2","Large","Beast","Aquatic","","unaligned","aquatic","14","45","0","","","","Fifth Edition Foes: 70"
"54c76671-883c-46f8-a3e4-6c742732d652","5ef.mummy-of-the-deep","Mummy of the Deep","2","Medium","Undead","Aquatic","","neutral evil","aquatic","11","33","0","","","","Fifth Edition Foes: 173"
"24c71a8d-54d4-4e52-9e9a-67d8cc268a49","5ef.murder-crow","Murder Crow","3","Medium","Undead","","","chaotic evil","","15","52","3","","","","Fifth Edition Foes: 174"
"14a40422-3e78-4d99-8772-bec7b387e6eb","5ef.mustard-jelly","Mustard Jelly","5","Large","Ooze","","","unaligned","swamp","14","85","0","","","","Fifth Edition Foes: 151"
"a98dda59-e604-4397-a8bf-c3ebea465fe6","5ef.olive-slime","Olive Slime","0","Large","Plant","Fungoid","","unaligned","underground","11","14","1","","","","Fifth Edition Foes: 176"
"c26c85a8-4d1f-4a71-8182-81590b7fc0ad","5ef.olive-slime-zombie","Olive Slime Zombie","1/2","Medium","Plant","","","neutral evil","underground","9","26","-1","","","","Fifth Edition Foes: 177"
"cfc83102-72b9-414d-a7eb-a01ee760fa51","5ef.origami-warrior","Origami Warrior","1/8","Medium","Construct","","","unaligned","","15","9","3","","","","Fifth Edition Foes: 180"
"982f4e9e-01b6-4361-81e9-63f8448f8e8e","5ef.owlwere","Owlwere","1/2","Small","Monstrosity","Shapechanger","Therianthrope","chaotic evil","grassland, underground","13","13","3","","","","Fifth Edition Foes: 229"
"e63a187e-1d25-46ff-acfd-ca869a6f664b","5ef.pech","Pech","1/4","Small","Fey","","","neutral good","planar, underground","11","18","1","","","","Fifth Edition Foes: 181"
"61b6158a-05b7-4cc9-9b70-507a3ec22ef6","5ef.pestie","Pestie","1/4","Small","Fey","","Mites","lawful evil","underground","12","7","2","","","","Fifth Edition Foes: 172"
"72d8df79-bede-4f5e-8584-e4425ed25b4a","5ef.phycomid","Phycomid","1/2","Small","Plant","Fungoid","","neutral evil","underground","10","22","0","","","","Fifth Edition Foes: 182"
"925b7880-251a-4e01-8829-6231ed13ac1d","5ef.poisonous-fire-snake","Poisonous Fire Snake","1/2","Small","Fiend","","","unaligned","planar","13","13","3","","","","Fifth Edition Foes: 102"
"613b4121-7fe3-4b23-be80-d0fcff54620f","5ef.pyrolisk","Pyrolisk","1/2","Small","Monstrosity","","","neutral evil","underground","12","21","2","","","","Fifth Edition Foes: 188"
"2f98de88-8424-4e9b-a658-95b0ee302a29","5ef.quadricorn","Quadricorn","4","Large","Monstrosity","","","neutral evil","grassland","12","59","1","","","","Fifth Edition Foes: 189"
"47aa6784-4245-440f-9f51-b90e061bfc60","5ef.quickwood","Quickwood","8","Huge","Plant","","","neutral","forest, mountain","14","149","2","","","","Fifth Edition Foes: 190"
"52096bf8-1a8d-4cb3-88f7-91302e60b9cd","5ef.red-jester","Red Jester","5","Medium","Undead","","","chaotic neutral","","14","67","3","","","","Fifth Edition Foes: 192"
"084ba8ff-ab3b-4f76-aa3f-b577978f0e4d","5ef.ronus","Ronus","1/4","Medium","Monstrosity","","","unaligned","forest","14","16","3","","","","Fifth Edition Foes: 193"
"ff870084-5a52-4c18-afcd-4f63ffb41cb5","5ef.russet-mold","Russet Mold","1/2","Medium","Plant","Fungoid","","unaligned","underground","8","9","2","","","","Fifth Edition Foes: 194"
"2496c9fa-a7d8-4b97-a20e-42c76c585660","5ef.ryven","Ryven","1","Medium","Humanoid","","","neutral","forest","13","19","2","","","","Fifth Edition Foes: 195"
"36e4e3ee-af3e-4093-b83c-7e1546628a9c","5ef.sandling","Sandling","1","Large","Elemental","","","unaligned","planar","15","26","1","","","","Fifth Edition Foes: 196"
"2a7f3c35-4fa9-465d-809a-fefbd79356b9","5ef.screaming-devilkin","Screaming Devilkin","1/4","Small","Fiend","","","lawful evil","","12","13","2","","","","Fifth Edition Foes: 197"
"8e2ff0f9-f028-4820-a066-79b048f089fa","5ef.scythe-tree","Scythe Tree","5","Huge","Plant","","","chaotic evil","forest","14","76","-1","","","","Fifth Edition Foes: 198"
"6db77354-d6ab-416b-b23b-90b142ef7c11","5ef.sepulchral-guardian","Sepulchral Guardian","3","Medium","Construct","","","unaligned","","14","65","0","","","","Fifth Edition Foes: 206"
"2cef4f87-c829-4108-8b88-95e935af7297","5ef.shadow-mastiff","Shadow Mastiff","1/2","Medium","Fiend","","","chaotic evil","","12","22","2","","","","Fifth Edition Foes: 207"
"a791b84a-57f7-4625-96ae-eed2d7451197","5ef.shadow-rat","Shadow Rat","0","Tiny","Undead","","","unaligned","","12","1","2","","","","Fifth Edition Foes: 191"
"bda1c849-b316-46c9-b02f-74e1f023abd6","5ef.shipbreaker-sea-serpent","Shipbreaker Sea Serpent","20","Gargantuan","Dragon","Aquatic","","chaotic neutral","aquatic","19","310","1","","legendary","","Fifth Edition Foes: 202"
"b13be6df-2259-4bbf-9fbb-8712f11f6132","5ef.shroom","Shroom","4","Small","Plant","Fungoid","","chaotic evil","forest, underground","12","49","0","lair","","","Fifth Edition Foes: 209"
"94e4df5d-bba5-4810-99b7-bfd8a15e67c6","5ef.skeleton-warrior","Skeleton Warrior","14","Medium","Undead","","","neutral evil","underground","19","150","1","","legendary","","Fifth Edition Foes: 210"
"f5ec9872-59ff-4455-bd4d-e01a81a39851","5ef.skelzi","Skelzi","1","Medium","Humanoid","","","chaotic evil","","14","44","2","","","","Fifth Edition Foes: 213"
"16bc059c-afd0-4eae-b07c-9ff786f323e1","5ef.skulk","Skulk","1/2","Medium","Humanoid","","","chaotic neutral","underground","13","18","3","","","","Fifth Edition Foes: 214"
"fa7c0cd2-fce9-47e4-82c2-f217930e9940","5ef.slithering-tracker","Slithering Tracker","1","Small","Ooze","","","unaligned","underground","14","32","4","","","","Fifth Edition Foes: 215"
"fe3a553f-eff8-4b22-be3a-c218f0322a6b","5ef.snow-leopard","Snow Leopard","1/4","Medium","Beast","","","unaligned","arctic, forest, mountain","12","16","2","","","","Fifth Edition Foes: 163"
"3e120c8e-9d56-4ffd-a791-ec4e5a610e5b","5ef.soul-reaper","Soul Reaper","16","Large","Undead","","","neutral evil","","19","152","3","","","","Fifth Edition Foes: 216"
"2e36753d-6831-4782-bde2-ea3d3ba7bd82","5ef.spectral-troll","Spectral Troll","4","Large","Undead","","Trolls","chaotic evil","","15","52","1","","","","Fifth Edition Foes: 234"
"415f28df-d304-4914-9c8e-06e6d12c1d57","5ef.spitting-sea-serpent","Spitting Sea Serpent","5","Large","Dragon","Aquatic","","chaotic evil","aquatic","14","97","4","","","","Fifth Edition Foes: 204"
"f63952f3-3c3a-448e-afbf-ed6f7c9a9ee7","5ef.stegocentipede","Stegocentipede","4","Huge","Beast","","","unaligned","forest, underground","14","76","2","","","","Fifth Edition Foes: 217"
"e72c259e-e85f-4b37-a79f-4ba6c0dca135","5ef.stone-guardian-golem","Stone Guardian Golem","2","Medium","Construct","","Golems","unaligned","","14","42","-1","","","","Fifth Edition Foes: 128"
"c06f6a75-6ea2-4466-b4ae-ec73b038f97c","5ef.strangle-weed","Strangle Weed","2","Large","Plant","Aquatic","","unaligned","aquatic","10","34","0","","","","Fifth Edition Foes: 218"
"8bf9526f-0d32-44d2-8d15-92ac6076cbf9","5ef.stygian-skeleton","Stygian Skeleton","7","Medium","Undead","","","chaotic evil","underground","16","97","3","","","","Fifth Edition Foes: 212"
"83c265a3-3cd4-4f0e-bcdd-38582bc0e1e4","5ef.tabaxi","Tabaxi","1/2","Medium","Humanoid","","","chaotic neutral","forest","12","11","2","","","","Fifth Edition Foes: 219"
"ea2fba96-a553-40db-a5ef-66912d3f1d46","5ef.taer","Taer","1","Medium","Humanoid","","","neutral","mountain","14","26","2","","","","Fifth Edition Foes: 220"
"e70c5539-e92b-43fb-b9b8-a1eafbe50c0a","5ef.tangtal","Tangtal","1","Medium","Monstrosity","","","neutral evil","forest, grassland","13","19","3","","","","Fifth Edition Foes: 221"
"1c892be7-9839-4224-8989-8077f52f9e6e","5ef.tazelwurm--tatzelwurm","Tazelwurm / Tatzelwurm","2","Large","Monstrosity","","","unaligned","mountain","12","45","2","","","","Fifth Edition Foes: 222"
"5722d06a-5388-4438-bbc3-7644ce74ed1e","5ef.temporal-crawler","Temporal Crawler","2","Medium","Aberration","","","neutral evil","planar","14","45","3","","","","Fifth Edition Foes: 223"
"b00b8450-8ea4-4fd7-98e9-5a9325ef542f","5ef.tendriculos","Tendriculos","4","Large","Plant","","","unaligned","","8","93","-2","","","","Fifth Edition Foes: 224"
"d48b2e9f-df78-43ed-be7c-329cf4a67471","5ef.tentacled-horror","Tentacled Horror","11","Huge","Aberration","","","chaotic evil","underground","17","171","-1","","legendary","","Fifth Edition Foes: 225"
"5dfef99c-ec51-4503-81e9-72408322a686","5ef.teratashia","Teratashia","15","Large","Fiend","","Demons","chaotic evil","planar","18","161","4","","","","Fifth Edition Foes: 80"
"409b267d-1c8e-4d83-9073-754676435a06","5ef.thalasskoptis","Thalasskoptis","10","Large","Fiend","Aquatic, Demon Prince","Demons","chaotic evil","aquatic","18","168","4","","legendary","","Fifth Edition Foes: 81"
"4ba6fe62-4d05-4c9c-a79d-4dbc8ff944e3","5ef.tri-flower-frond","Tri-flower Frond","1/2","Medium","Plant","","","unaligned","forest","12","19","0","","","","Fifth Edition Foes: 232"
"f894b14f-db34-4fe7-b56d-faaf3af5ae9c","5ef.tunnel-prawn","Tunnel Prawn","1/8","Small","Beast","","","unaligned","underground","14","7","2","","","","Fifth Edition Foes: 236"
"61e73927-3a92-46ed-b036-26ef21f783d5","5ef.tunnel-worm","Tunnel Worm","8","Huge","Monstrosity","","","unaligned","underground","16","115","1","","","","Fifth Edition Foes: 237"
"abefd210-c81e-4b0a-b783-99033d183706","5ef.two-headed-troll","Two-headed Troll","6","Large","Giant","","Trolls","chaotic evil","mountain, underground","15","105","1","","","","Fifth Edition Foes: 235"
"7f18f6e9-7582-410a-9fac-dad94e33c49d","5ef.vampire-rose","Vampire Rose","1/4","Small","Plant","","","unaligned","","9","27","-1","","","","Fifth Edition Foes: 238"
"689d781c-3335-41d0-ac69-ca66d43b5f72","5ef.vegepygmy-chief","Vegepygmy Chief","3","Medium","Plant","Fungoid","","unaligned","underground","14","60","2","","","","Fifth Edition Foes: 239"
"9dc6591a-0abc-41c7-8577-d432e698d734","5ef.vegepygmy-commoner-and-worker","Vegepygmy Commoner and Worker","1/8","Small","Plant","Fungoid","","unaligned","underground","12","10","2","","","","Fifth Edition Foes: 239"
"3ee667b4-dd1e-4c3b-a9b1-cbb7a67324e2","5ef.vegepygmy-guard","Vegepygmy Guard","1/2","Small","Plant","Fungoid","","unaligned","underground","13","28","2","","","","Fifth Edition Foes: 239"
"bee30fb9-d847-4a3c-bd00-02cc0da21369","5ef.volt-bolt-wurm","Volt (Bolt Wurm)","1/4","Small","Aberration","","","unaligned","underground","13","13","3","","","","Fifth Edition Foes: 241"
"26aa0a9b-3c08-40cf-b262-025b902fac25","5ef.vorin","Vorin","9","Huge","Monstrosity","Aquatic","","chaotic evil","swamp","14","149","4","","","","Fifth Edition Foes: 242"
"3a072df0-6203-467f-b638-074af40639d3","5ef.vulchling","Vulchling","1/8","Medium","Monstrosity","","","chaotic evil","underground","12","9","2","","","","Fifth Edition Foes: 243"
"5c66baa2-20cb-4d18-9c71-b43add3b467f","5ef.warrior","Warrior","2","Medium","Construct","","Amphorons of Yothri","neutral","","17","33","0","","","","Fifth Edition Foes: 10"
"d3b85b60-4b6b-4ee3-93b1-9baf49440aec","5ef.were-mist","Were-mist","2","Large","Aberration","","","chaotic evil","","7","16","2","","","","Fifth Edition Foes: 245"
"bbeb8c00-df9b-477c-a485-bfb0cc6ec4e6","5ef.weredactyl","Weredactyl","2","Medium","Humanoid","Shapechanger","","neutral evil","","12","44","2","","","","Fifth Edition Foes: 246"
"7785b231-b5b2-4269-8aa3-f400c01632f6","5ef.widow-creeper","Widow Creeper","10","Large","Plant","","","unaligned","forest","13","133","1","","","","Fifth Edition Foes: 247"
"8a5d973c-9698-4aed-a99b-f31dad99bae5","5ef.witch-grass","Witch Grass","0","Small","Plant","","","unaligned","forest, grassland","5","3","0","","","","Fifth Edition Foes: 248"
"e002e4cd-51ea-4aab-b69b-15826cad2ccd","5ef.witherstench","Witherstench","0","Small","Monstrosity","","","unaligned","","12","1","2","","","","Fifth Edition Foes: 249"
"42db7f08-1537-484e-a7c4-eeabb41c31cf","5ef.wolfwere","Wolfwere","1","Medium","Monstrosity","Shapechanger","Therianthrope","chaotic evil","grassland, underground","14","19","3","","","","Fifth Edition Foes: 230"
"aefb5349-effc-4072-9d41-9107040c81de","5ef.wooden-golem","Wooden Golem","3","Medium","Construct","","Golems","unaligned","","14","60","-1","","","","Fifth Edition Foes: 129"
"cb104764-015e-4a72-a3be-749cc07fbd63","5ef.woolly-rhinoceros","Woolly Rhinoceros","6","Large","Beast","","Pleistocene Animal","unaligned","forest, grassland, swamp","14","136","-1","","","","Fifth Edition Foes: 186"
"37f04c1c-c541-46ae-8711-9a124d481108","5ef.worker","Worker","1/2","Small","Construct","","Amphorons of Yothri","neutral","","17","13","0","","","","Fifth Edition Foes: 9"
"eb7f35d4-9cfc-4334-9c35-61d723fc658c","5ef.yellow-musk-creeper","Yellow Musk Creeper","1","Large","Plant","","","unaligned","forest, underground","12","25","2","","","","Fifth Edition Foes: 250"
"1e77dc01-0354-45db-9915-4bebdb87d17b","5ef.yellow-musk-zombie","Yellow Musk Zombie","1/4","Medium","Plant","","","neutral evil","forest, underground","9","19","-1","","","","Fifth Edition Foes: 251"
"83570a96-43c8-4ebd-b3fc-e1caaf516983","5ef.young-leucrotta","Young Leucrotta","1/4","Medium","Monstrosity","","","chaotic evil","forest","13","10","2","","","","Fifth Edition Foes: 164"
"2591660e-aa93-45f2-9321-936928f894bd","5ef.zombie-raven","Zombie Raven","0","Tiny","Undead","","","chaotic evil","","11","3","1","","","","Fifth Edition Foes: 252"
"","dcss.agent-of-the-order","Agent of the Order","2","Medium","Humanoid","Dwarf","The Emerald Order","lawful evil","","18","77","2","","","","Demon Cults & Secret Societies: 78"
"","dcss.altar-flame-golem","Altar Flame Golem","10","Large","Construct","Construct","The Burning Rune","neutral","","16","152","-1","","","","Demon Cults & Secret Societies: 30"
"","dcss.anastasiya","Anastasiya","3","Medium","Fey","Winter Hag","Night Cauldron of Chernobog","chaotic evil","","","65","3","","","unique","Demon Cults & Secret Societies: 99"
"","dcss.andora-navarre","Andora Navarre","6","Medium","Humanoid","Half-elf","Doomspeakers","chaotic evil","","19","120","2","","","unique","Demon Cults & Secret Societies: 66"
"","dcss.anton-valcrist","Anton Valcrist","7","Medium","Humanoid","Human","Black Goat's Flock","chaotic evil","","","120","3","","","unique","Demon Cults & Secret Societies: 5"
"","dcss.arikiine","Arikiine","13","Small","Undead","Derro","Chosen of the Demon Bat","lawful evil","","16","127","4","","","unique","Demon Cults & Secret Societies: 33"
"","dcss.avatar-of-the-great-white-ape","Avatar of the Great White Ape","8","Huge","Beast","","Servents of the White Ape","unaligned","","15","157","2","","","unique","Demon Cults & Secret Societies: 148"
"","dcss.belina","Belina","5","Medium","Fey","Faerie","The Burning Rune","chaotic neutral","","","68","5","","","unique","Demon Cults & Secret Societies: 21"
"","dcss.black-goat-cabalist","Black Goat Cabalist","3","Medium","Humanoid","Human","Black Goat's Flock","chaotic neutral","","11","84","1","","","","Demon Cults & Secret Societies: 9"
"","dcss.blood-hound","Blood Hound","1","Medium","Monstrosity","","Red Sisters","lawful evil","","13","45","2","","","","Demon Cults & Secret Societies: 121"
"","dcss.blood-ritualist","Blood Ritualist","6","Medium","Humanoid","Dhampir","Red Sisters","lawful evil","","","77","3","","","","Demon Cults & Secret Societies: 116"
"","dcss.blood-zombie","Blood Zombie","1/4","Medium","Undead","","Red Sisters","neutral evil","","8","22","-2","","","","Demon Cults & Secret Societies: 122"
"","dcss.brothel-agent-bandit","Brothel Agent (Bandit)","1/8","Medium","Humanoid","","Red Sisters","any non-lawful","","12","11","1","","","","Demon Cults & Secret Societies: 115"
"","dcss.brothel-agent-guard","Brothel Agent (Guard)","1/8","Medium","Humanoid","","Red Sisters","any","","16","11","1","","","","Demon Cults & Secret Societies: 115"
"","dcss.brothel-agent-thug","Brothel Agent (Thug)","1/2","Medium","Humanoid","","Red Sisters","any non-good","","11","32","0","","","","Demon Cults & Secret Societies: 115"
"","dcss.burning-oracle","Burning Oracle","9","Medium","Humanoid","Human","The Burning Rune","chaotic evil","","16","97","2","","","","Demon Cults & Secret Societies: 27"
"","dcss.burning-rune-cultist","Burning Rune Cultist","2","Medium","Humanoid","Human","The Burning Rune","chaotic evil","","14","52","2","","","","Demon Cults & Secret Societies: 25"
"","dcss.chatha","Chatha","6","Large","Beast","","Selket's Sting","unaligned","","17","87","1","","","unique","Demon Cults & Secret Societies: 139"
"","dcss.cosmina-holrosu","Cosmina Holrosu","13","Medium","Undead","Shapechanger","Red Sisters","lawful evil","","16","144","4","","","unique","Demon Cults & Secret Societies: 113"
"","dcss.coven-of-the-night-cauldron","Coven of the Night Cauldron","12","Medium","Fey","Winter Hag, Coven","Night Cauldron of Chernobog","chaotic evil","","","65","3","","","unique","Demon Cults & Secret Societies: 99"
"","dcss.creed-necrophagus","Creed Necrophagus","4","Large","Humanoid","","Creed of All Flesh","chaotic evil","","16","52","1","","","","Demon Cults & Secret Societies: 57"
"","dcss.crimson-guard","Crimson Guard","4","Large","Monstrosity","","The Sanguine Path","chaotic evil","","16","76","2","","","","Demon Cults & Secret Societies: 131"
"","dcss.cultist-guard","Cultist Guard","1","Medium","Humanoid","Human","Servents of the White Ape","chaotic evil","","14","52","2","","","","Demon Cults & Secret Societies: 152"
"","dcss.dakhamunza-sat-selket","Dakhamunza Sat Selket","11","Medium","Humanoid","Human","Selket's Sting","neutral evil","","16","153","3","","","unique","Demon Cults & Secret Societies: 138"
"","dcss.dark-squire","Dark Squire","2","Medium","Humanoid","Human","Doomspeakers","chaotic evil","","18","101","1","","","","Demon Cults & Secret Societies: 70"
"","dcss.desert-scorpion-assassin","Desert Scorpion Assassin","4","Medium","Humanoid","Human","Selket's Sting","lawful evil","","15","91","3","","","","Demon Cults & Secret Societies: 142"
"","dcss.diversion-expert","Diversion Expert","1/2","Small","Humanoid","Kobold","Hand of Nakresh","neutral evil","","16","27","2","","","","Demon Cults & Secret Societies: 94"
"","dcss.doomspeaker","Doomspeaker","7","Medium","Humanoid","Human","Doomspeakers","chaotic evil","","18","91","1","","","","Demon Cults & Secret Societies: 71"
"","dcss.dragonkin-bodyguard","Dragonkin Bodyguard","4","Medium","Dragon","Dragon","The Burning Rune","chaotic evil","","14","91","0","","","","Demon Cults & Secret Societies: 26"
"","dcss.drekkan","Drekkan","6","Medium","Undead","","The Sanguine Path","neutral evil","","15","112","3","","","unique","Demon Cults & Secret Societies: 126"
"","dcss.dromdal-re","Dromdal-Re","13","Medium","Humanoid","Human","The Emerald Order","lawful evil","","","91","3","","","unique","Demon Cults & Secret Societies: 74"
"","dcss.echo-demon","Echo Demon","6","Medium","Fiend","Demon","Weavers of Truth","chaotic evil","","15","102","5","","","","Demon Cults & Secret Societies: 166"
"","dcss.emerald-apprentice","Emerald Apprentice","1/2","Medium","Humanoid","Human","The Emerald Order","lawful evil","","12","44","2","","","","Demon Cults & Secret Societies: 79"
"","dcss.estatic","Estatic","1","Medium","Humanoid","","The Sanguine Path","neutral evil","","13","65","1","","","","Demon Cults & Secret Societies: 131"
"","dcss.flame-eater-swarm","Flame Eater Swarm","2","Medium","Beast","Beast","Chosen of the Demon Bat","unaligned","","12","33","2","","","","Demon Cults & Secret Societies: 44"
"","dcss.flame-scourged-scion","Flame-Scourged Scion","9","Huge","Aberration","Aberration","Black Goat's Flock","chaotic evil","","16","125","3","","","","Demon Cults & Secret Societies: 17"
"","dcss.gahiji","Gahiji","14","Large","Monstrosity","","Selket's Sting","neutral evil","","17","171","2","","","unique","Demon Cults & Secret Societies: 138"
"","dcss.ghoulsteed","Ghoulsteed","3","Large","Undead","Human","Creed of All Flesh","neutral evil","","13","85","0","","","","Demon Cults & Secret Societies: 59"
"","dcss.gnoll-scorpion-cultist","Gnoll Scorpion Cultist","1/2","Medium","Humanoid","Gnoll","Selket's Sting","chaotic evil","","15","22","1","","","","Demon Cults & Secret Societies: 142"
"","dcss.gnoll-thug","Gnoll Thug","1","Medium","Humanoid","Gnoll","Doomspeakers","chaotic evil","","16","78","1","","","","Demon Cults & Secret Societies: 70"
"","dcss.goldie","Goldie","1/2","Medium","Beast","Pig","The Sanguine Path","neutral evil","","11","66","0","","","unique","Demon Cults & Secret Societies: 127"
"","dcss.golem-smaragdine","Golem, Smaragdine","12","Large","Construct","Construct","The Emerald Order","neutral","","18","189","0","","","","Demon Cults & Secret Societies: 81"
"","dcss.grand-inquisitor-reka-meszaros","Grand Inquisitor Reka Meszaros","18","Medium","Humanoid","Human","Red Sisters","lawful evil","","18","170","3","","","unique","Demon Cults & Secret Societies: 114"
"","dcss.grand-weaver","Grand Weaver","7","Medium","Humanoid","Half-elf","Weavers of Truth","neutral evil","","15","104","2","","","","Demon Cults & Secret Societies: 165"
"","dcss.gruulok","Gruulok","7","Medium","Humanoid","Gnoll","Doomspeakers","chaotic evil","","18","110","2","","","unique","Demon Cults & Secret Societies: 62"
"","dcss.initiate-of-the-inner-circle","Initiate of the Inner Circle","5","Medium","Humanoid","Human","The Emerald Order","lawful evil","","16","71","2","","","","Demon Cults & Secret Societies: 79"
"","dcss.irina","Irina","3","Medium","Fey","Winter Hag","Night Cauldron of Chernobog","chaotic evil","","","65","3","","","unique","Demon Cults & Secret Societies: 99"
"","dcss.jasna-veldrik","Jasna Veldrik","10","Medium","Undead","Darakhul","Creed of All Flesh","neutral evil","","17","144","2","","","unique","Demon Cults & Secret Societies: 48"
"","dcss.josef-kranz","Josef Kranz","9","Medium","Humanoid","Human","Servents of the White Ape","chaotic evil","","17","162","1","","","unique","Demon Cults & Secret Societies: 147"
"","dcss.kasimir-ernis","Kasimir Ernis","13","Small","Undead","Darakhul","Creed of All Flesh","neutral evil","","","93","3","","","unique","Demon Cults & Secret Societies: 49"
"","dcss.kerrshek","Kerrshek","1","Large","Beast","Hyaenadon","Hand of Nakresh","unaligned","","13","44","2","","","unique","Demon Cults & Secret Societies: 87"
"","dcss.klavdiya","Klavdiya","3","Medium","Fey","Winter Hag","Night Cauldron of Chernobog","chaotic evil","","","65","3","","","unique","Demon Cults & Secret Societies: 99"
"","dcss.kolya-the-ruined","Kolya the Ruined","9","Medium","Humanoid","Tiefling","Doomspeakers","chaotic evil","","16","97","1","","","unique","Demon Cults & Secret Societies: 64"
"","dcss.krewsjung","Krewsjung","7","Medium","Fey","","The Sanguine Path","neutral evil","","15","119","3","","","unique","Demon Cults & Secret Societies: 127"
"","dcss.lanose","Lanose","7","Huge","Plant","Plant","Chosen of the Demon Bat","chaotic evil","","","115","-1","","","unique","Demon Cults & Secret Societies: 34"
"","dcss.lord-vermin","Lord Vermin","10","Small","Monstrosity","","Hand of Nakresh","neutral evil","","17","88","4","","","unique","Demon Cults & Secret Societies: 84"
"","dcss.malesussurri","Malesussurri","6","Medium","Fiend","Demon","Weavers of Truth","chaotic evil","","15","102","5","","","unique","Demon Cults & Secret Societies: 160"
"","dcss.master-kiprak","Master Kiprak","11","Small","Humanoid","Kobold","Hand of Nakresh","lawful evil","","16","81","4","","","unique","Demon Cults & Secret Societies: 85"
"","dcss.melakian","Melakian","5","Small","Humanoid","Derro","Night Cauldron of Chernobog","chaotic evil","","16","127","4","","","unique","Demon Cults & Secret Societies: 106"
"","dcss.mognyr-dunestalker","Mognyr Dunestalker","8","Medium","Humanoid","Gnoll","Hand of Nakresh","neutral evil","","","104","2","","","unique","Demon Cults & Secret Societies: 86"
"","dcss.mother-abbess-calle","Mother Abbess Calle","10","Medium","Humanoid","Human","Red Sisters","lawful evil","","17","117","0","","","unique","Demon Cults & Secret Societies: 112"
"","dcss.mother-brimming","Mother Brimming","7","Medium","Fey","","The Sanguine Path","neutral evil","","15","119","3","","","unique","Demon Cults & Secret Societies: 128"
"","dcss.narn-the-crucifier","Narn the Crucifier","10","Medium","Humanoid","Human","Doomspeakers","chaotic evil","","20","130","1","","","unique","Demon Cults & Secret Societies: 62"
"","dcss.nikolai-savitch","Nikolai Savitch","11","Medium","Humanoid","Human","Night Cauldron of Chernobog","neutral evil","","","170","4","","","unique","Demon Cults & Secret Societies: 98"
"","dcss.priest-of-selket","Priest of Selket","8","Medium","Humanoid","Human","Selket's Sting","neutral evil","","16","112","1","","","","Demon Cults & Secret Societies: 143"
"","dcss.procurer","Procurer","1/4","Medium","Humanoid","","Creed of All Flesh","chaotic evil","","14","26","1","","","","Demon Cults & Secret Societies: 57"
"","dcss.qaallaaq","Qaallaaq","12","Large","Dragon","","Night Cauldron of Chernobog","chaotic evil","","16","209","3","","","unique","Demon Cults & Secret Societies: 105"
"","dcss.quezzl","Quezzl","2","Medium","Humanoid","Dark Folk","Night Cauldron of Chernobog","chaotic evil","","15","102","4","","","unique","Demon Cults & Secret Societies: 107"
"","dcss.relic-hunter","Relic Hunter","6","Medium","Humanoid","Human","Servents of the White Ape","chaotic evil","","16","110","2","","","","Demon Cults & Secret Societies: 152"
"","dcss.roachling-lieutenant","Roachling Lieutenant","3","Small","Monstrosity","","Hand of Nakresh","chaotic neutral","","15","82","3","","","","Demon Cults & Secret Societies: 94"
"","dcss.rune-caster","Rune Caster","6","Medium","Humanoid","Dwarf","The Burning Rune","neutral evil","","","106","2","","","","Demon Cults & Secret Societies: 27"
"","dcss.sadiki-sefu","Sadiki Sefu","8","Medium","Humanoid","Dwarf","Selket's Sting","lawful evil","","16","120","2","","","unique","Demon Cults & Secret Societies: 137"
"","dcss.sanguine-sorcerer","Sanguine Sorcerer","4","Medium","Humanoid","Human, Elf, or Half-elf","The Sanguine Path","chaotic evil","","11","104","1","","","","Demon Cults & Secret Societies: 131"
"","dcss.seeker-of-secrets","Seeker of Secrets","1","Medium","Humanoid","Half-elf","Weavers of Truth","neutral evil","","12","77","2","","","","Demon Cults & Secret Societies: 165"
"","dcss.serrin","Serrin","6","Medium","Undead","Wraith","Night Cauldron of Chernobog","neutral evil","","17","82","3","","","unique","Demon Cults & Secret Societies: 101"
"","dcss.sister-alkava","Sister Alkava","5","Medium","Humanoid","Human","Red Sisters","lawful evil","","14","93","0","","","unique","Demon Cults & Secret Societies: 111"
"","dcss.sister-starkfeather","Sister Starkfeather","9","Medium","Humanoid","Tengu","Hand of Nakresh","chaotic neutral","","","99","4","","","unique","Demon Cults & Secret Societies: 88"
"","dcss.skerresh","Skerr'esh","8","Medium","Humanoid","Gnoll","Doomspeakers","chaotic evil","","16","150","-1","","","unique","Demon Cults & Secret Societies: 65"
"","dcss.speaker-for-the-black-goat","Speaker for the Black Goat","6","Medium","Humanoid","Human","Black Goat's Flock","chaotic evil","","16","97","1","","","","Demon Cults & Secret Societies: 9"
"","dcss.speaker-to-the-darkness","Speaker to the Darkness","5","Small","Humanoid","Derro","Chosen of the Demon Bat","chaotic evil","","16","135","3","","","unique","Demon Cults & Secret Societies: 33"
"","dcss.tal-grazelt","Tal Grazelt","15","Medium","Humanoid","Half-elf","Weavers of Truth","chaotic evil","","15","91","1","","","unique","Demon Cults & Secret Societies: 159"
"","dcss.tengu-bravo","Tengu Bravo","1/2","Medium","Humanoid","Tengu","Hand of Nakresh","chaotic neutral","","16","45","2","","","","Demon Cults & Secret Societies: 93"
"","dcss.tivishta-trikinta","Tivishta Trikinta","11","Small","Humanoid","Goblin","Black Goat's Flock","chaotic neutral","","16","130","1","","","unique","Demon Cults & Secret Societies: 7"
"","dcss.usi-ziyad","Usi-Ziyad","10","Medium","Humanoid","Human","The Burning Rune","chaotic evil","","17","84","1","","","unique","Demon Cults & Secret Societies: 20"
"","dcss.vadoma-donesti","Vadoma Donesti","9","Medium","Humanoid","Human","Weavers of Truth","neutral evil","","16","97","2","","","unique","Demon Cults & Secret Societies: 158"
"","dcss.verpertilo-the-demon-bat","Verpertilo The Demon Bat","16","Huge","Fiend","Fiend","Chosen of the Demon Bat","chaotic evil","","","207","4","","","unique","Demon Cults & Secret Societies: 35"
"","dcss.verrazi-pinth","Verrazi Pinth","4","Small","Humanoid","Gnome","Night Cauldron of Chernobog","neutral evil","","16","91","4","","","unique","Demon Cults & Secret Societies: 107"
"","dcss.whisperer","Whisperer","1/2","Medium","Humanoid","Human","Weavers of Truth","chaotic evil","","13","55","2","","","","Demon Cults & Secret Societies: 164"
"","dcss.whisperfoot","Whisperfoot","1/2","Small","Humanoid","Goblinoid","Night Cauldron of Chernobog","neutral evil","","15","7","2","","","unique","Demon Cults & Secret Societies: 108"
"","dcss.white-ape-warlord","White Ape Warlord","7","Large","Beast","","Servents of the White Ape","neutral evil","","15","133","0","","","","Demon Cults & Secret Societies: 153"
"","dcss.white-ape-warrior","White Ape Warrior","3","Large","Beast","","Servents of the White Ape","neutral evil","","14","114","2","","","","Demon Cults & Secret Societies: 152"
"","dcss.xiax-galleborne","Xiax Galleborne","8","Medium","Aberration","Fey","Black Goat's Flock","chaotic evil","","17","136","3","","","unique","Demon Cults & Secret Societies: 6"
"","dcss.zadina-valgyt","Zadina Valgyt","5","Medium","Humanoid","Human","Creed of All Flesh","chaotic evil","","16","104","4","","","unique","Demon Cults & Secret Societies: 51"
"","dcss.zheita-the-magicmonger","Zheita the Magicmonger","12","Medium","Humanoid","Derro","Hand of Nakresh","chaotic neutral","","","133","4","","","unique","Demon Cults & Secret Societies: 89"
"","moto.adult-dokufu","Adult Dokufu","12","Large","Monstrosity","Tainted","Dokufu","neutral evil","cave, mountain","19","230","4","","","","Monsters of the Orient: 16"
"","moto.adult-dokufu-in-lair","Adult Dokufu in Lair","15","Large","Monstrosity","Tainted","Dokufu","neutral evil","cave, mountain","19","230","4","lair","","","Monsters of the Orient: 16"
"","moto.aka-manto","Aka Manto","2","Medium","Undead","Spirit","","lawful evil","urban","15","30","3","","","","Monsters of the Orient: 10"
"","moto.akuma","Akuma","28","Gargantuan","Fiend","Oni, Shapechanger, Tainted","Oni Lord","chaotic evil","","19","429","0","","legendary","unique","Monsters of the Orient: 78"
"","moto.akuma-in-lair","Akuma in Lair","30","Gargantuan","Fiend","Oni, Shapechanger, Tainted","Oni Lord","chaotic evil","","19","429","0","lair","legendary","unique","Monsters of the Orient: 78"
"","moto.akuma-spawn-amaranthian","Akuma Spawn (Amaranthian)","18","Huge","Fiend","Oni, Shapechanger, Tainted","Oni","chaotic evil","","18","315","2","","","","Monsters of the Orient: 71"
"","moto.ancient-dokufu","Ancient Dokufu","18","Huge","Monstrosity","Tainted","Dokufu","neutral evil","cave, mountain","20","290","4","","legendary","","Monsters of the Orient: 17"
"","moto.ancient-dokufu-in-lair","Ancient Dokufu in Lair","21","Huge","Monstrosity","Tainted","Dokufu","neutral evil","cave, mountain","20","290","4","lair","legendary","","Monsters of the Orient: 17"
"","moto.arcane-golem","Arcane Golem","8","Medium","Construct","","Golem","unaligned","","14","152","4","","","","Monsters of the Orient: 33"
"","moto.arugai-no-oni-vicious-slicer","Arugai no Oni (Vicious Slicer)","5","Small","Fiend","Oni, Tainted","Oni","chaotic evil","","16","66","3","","","","Monsters of the Orient: 72"
"","moto.ashu-no-oni-barbed-lurker","Ashu no Oni (Barbed Lurker)","11","Large","Fiend","Oni, Shapechanger, Tainted","Oni","chaotic evil","","18","150","3","","","","Monsters of the Orient: 72"
"","moto.ashura-samurai","Ashura Samurai","3","Medium","Fiend","Tainted","Ashura","lawful evil","","17","39","1","","","","Monsters of the Orient: 11"
"","moto.ashura-shogun","Ashura Shogun","4","Medium","Fiend","Tainted","Ashura","lawful evil","","17","52","1","","","","Monsters of the Orient: 11"
"","moto.atlach-nacha","Atlach Nacha","21","Gargantuan","Monstrosity","Shapechanger","Kumo","lawful evil","underground, urban","18","407","0","","legendary","unique","Monsters of the Orient: 47"
"","moto.baayahaz","Baayahaz","1","Small","Fiend","","","neutral evil","","12","7","2","","","","Monsters of the Orient: 12"
"","moto.bajang","Bajang","3","Small","Fey","Shapechanger","","chaotic evil","forest","16","42","2","","","","Monsters of the Orient: 12"
"","moto.bakemono","Bakemono","1","Small","Humanoid","Goblinoid, Tainted","Bakemono","chaotic evil","","15","20","0","","","","Monsters of the Orient: 13"
"","moto.bakemono-warlord","Bakemono Warlord","2","Small","Humanoid","Goblinoid, Tainted","Bakemono","chaotic evil","","17","33","2","","","","Monsters of the Orient: 13"
"","moto.bakemono-zealot","Bakemono Zealot","1","Small","Humanoid","Goblinoid, Tainted","Bakemono","chaotic evil","","15","20","0","","","","Monsters of the Orient: 13"
"","moto.baxia","Baxia","3","Medium","Dragon","Spirit","Seraf","neutral good","aquatic","17","33","3","","","","Monsters of the Orient: 99"
"","moto.bharal","Bharal","1/8","Medium","Beast","","","unaligned","mountain","11","16","1","","","","Monsters of the Orient: 145"
"","moto.bian","Bi'an","4","Medium","Dragon","Spirit","Seraf","neutral good","grassland","17","49","0","","","","Monsters of the Orient: 99"
"","moto.bixi","Bixi","2","Medium","Dragon","Spirit","Seraf","neutral good","aquatic","18","39","1","","","","Monsters of the Orient: 99"
"","moto.black-piper","Black Piper","1","Tiny","Beast","","","unaligned","forest","13","75","3","","","","Monsters of the Orient: 145"
"","moto.blademaster","Blademaster","9","Medium","Humanoid","Any Race","Nonplayer Character","any","","17","127","3","","","","Monsters of the Orient: 151"
"","moto.blue-sea-wyvern","Blue Sea Wyvern","8","Large","Dragon","","","unaligned","","13","110","0","","","","Monsters of the Orient: 135"
"","moto.bog-hag","Bog Hag","2","Medium","Fey","Shapechanger","","neutral evil","swamp","13","45","1","","","","Monsters of the Orient: 15"
"","moto.border-dragon","Border Dragon","6","Large","Dragon","Spirit","Lung Dragons","neutral good","aquatic","17","110","0","","","","Monsters of the Orient: 50"
"","moto.buso","Buso","3","Medium","Aberration","","","chaotic evil","","14","54","1","","","","Monsters of the Orient: 15"
"","moto.byoki","Byoki","25","Huge","Fiend","Oni, Shapechanger, Tainted","Oni Lord","chaotic evil","","19","405","-1","","legendary","unique","Monsters of the Orient: 80"
"","moto.byoki-in-lair","Byoki in Lair","27","Huge","Fiend","Oni, Shapechanger, Tainted","Oni Lord","chaotic evil","","19","405","-1","lair","legendary","unique","Monsters of the Orient: 80"
"","moto.byoki-spawn-pestilent-horror","Byoki Spawn (Pestilent Horror)","18","Medium","Fiend","Oni, Shapechanger, Tainted","Oni","chaotic evil","","16","255","3","","","","Monsters of the Orient: 73"
"","moto.carp-dragon","Carp Dragon","2","Medium","Dragon","Spirit","Lung Dragons","neutral","aquatic","17","33","2","","","","Monsters of the Orient: 50"
"","moto.celestial-dragon","Celestial Dragon","20","Gargantuan","Dragon","Spirit","Lung Dragons","neutral good","aquatic","20","192","0","","legendary","","Monsters of the Orient: 51"
"","moto.chaofeng","Chaofeng","2","Medium","Dragon","Spirit","Seraf","neutral good","grassland, mountain","16","27","0","","","","Monsters of the Orient: 99"
"","moto.chiwen","Chiwen","3","Medium","Dragon","Spirit","Seraf","neutral good","aquatic","17","33","3","","","","Monsters of the Orient: 99"
"","moto.chu-u","Chu-U","1/2","Medium","Undead","","Ghost","any neutral","","9","45","-1","","","","Monsters of the Orient: 26"
"","moto.coiled-dragon","Coiled Dragon","20","Gargantuan","Dragon","Spirit","Lung Dragons","lawful neutral or neutral evil","aquatic, underground","20","333","0","","legendary","","Monsters of the Orient: 53"
"","moto.con-tinh","Con-Tinh","1","Medium","Undead","","Ghost","chaotic evil","","11","45","1","","","","Monsters of the Orient: 26"
"","moto.deep-dragon","Deep Dragon","13","Huge","Dragon","Spirit","Lung Dragons","lawful neutral or neutral evil","aquatic, underground","18","200","0","","legendary","","Monsters of the Orient: 52"
"","moto.dhole","Dhole","1/8","Small","Beast","","","unaligned","forest, grassland","11","18","1","","","","Monsters of the Orient: 145"
"","moto.dokufu-spiderling","Dokufu Spiderling","6","Small","Monstrosity","Tainted","Dokufu","neutral evil","cave, mountain","17","150","4","","","","Monsters of the Orient: 18"
"","moto.earth-dragon","Earth Dragon","6","Large","Dragon","Spirit","Lung Dragons","lawful neutral or neutral evil","aquatic, underground","17","133","0","","","","Monsters of the Orient: 52"
"","moto.ebanus","Ebanus","30","Large","Fiend","Oni, Shapechanger, Tainted","Oni Lord","chaotic evil","","24","500","8","","legendary","unique","Monsters of the Orient: 83"
"","moto.ebanus-in-lair","Ebanus in Lair","30","Large","Fiend","Oni, Shapechanger, Tainted","Oni Lord","chaotic evil","","24","500","8","lair","legendary","unique","Monsters of the Orient: 83"
"","moto.einsung-nat","Einsung Nat","1","Tiny","Fey","Spirit","Nat","chaotic good","urban","13","77","3","","","","Monsters of the Orient: 65"
"","moto.elementalist","Elementalist","2","Medium","Humanoid","Any Race","Nonplayer Character","any","","13","27","1","","","","Monsters of the Orient: 151"
"","moto.fennec-fox","Fennec Fox","0","Tiny","Beast","","","unaligned","grassland","11","6","1","","","","Monsters of the Orient: 145"
"","moto.fey-touched","Fey Touched","2","Medium","Humanoid","Any Race","Nonplayer Character","any","","13","27","1","","","","Monsters of the Orient: 151"
"","moto.fly","Fly","0","Tiny","Beast","","","unaligned","","18","1","8","","","","Monsters of the Orient: 145"
"","moto.foo-dog","Foo Dog","6","Medium","Celestial","","Foo","chaotic good","","15","120","2","","legendary","","Monsters of the Orient: 20"
"","moto.foo-lion","Foo Lion","11","Medium","Celestial","","Foo","chaotic good","","17","171","2","","legendary","","Monsters of the Orient: 21"
"","moto.fudoshi","Fudoshi","6","Large","Plant","Tainted","","unaligned","","12","161","2","","","","Monsters of the Orient: 21"
"","moto.garegosu","Garegosu","4","Huge","Aberration","Tainted","","chaotic evil","","16","63","2","","","","Monsters of the Orient: 24"
"","moto.gashadokuro","Gashadokuro","8","Huge","Construct","","","lawful evil","","9","168","-1","","","","Monsters of the Orient: 24"
"","moto.geisha","Geisha","2","Medium","Humanoid","Any Race","Nonplayer Character","any","","13","32","1","","","","Monsters of the Orient: 151"
"","moto.genei","Gen'ei","6","Medium","Undead","","Ghost","any evil","","11","54","1","","","","Monsters of the Orient: 26"
"","moto.ghast-lord","Ghast Lord","15","Medium","Undead","","Ghoul","chaotic evil","","19","210","6","","","","Monsters of the Orient: 28"
"","moto.ghoul-crawler","Ghoul Crawler","5","Medium","Undead","","Ghoul","chaotic evil","","13","88","3","","","","Monsters of the Orient: 28"
"","moto.ghoulem","Ghoulem","15","Huge","Undead","","Ghoul","chaotic evil","","8","414","-2","","","","Monsters of the Orient: 29"
"","moto.giant-fire-toad","Giant Fire Toad","2","Small","Beast","","","unaligned","forest","14","44","4","","","","Monsters of the Orient: 146"
"","moto.giant-gold-spotted-toad","Giant Gold Spotted Toad","2","Medium","Beast","","","unaligned","forest","13","52","3","","","","Monsters of the Orient: 146"
"","moto.giant-hellbeast","Giant Hellbeast","9","Huge","Monstrosity","Tainted","Hellbeast","chaotic evil","","18","150","0","","","","Monsters of the Orient: 35"
"","moto.giant-honey-badger","Giant Honey Badger","6","Large","Beast","","","unaligned","grassland, mountain","16","90","3","","","","Monsters of the Orient: 146"
"","moto.giant-ice-toad","Giant Ice Toad","3","Large","Beast","","","unaligned","mountain","15","68","1","","","","Monsters of the Orient: 146"
"","moto.giant-panda","Giant Panda","1","Medium","Beast","","","unaligned","forest","10","60","0","","","","Monsters of the Orient: 147"
"","moto.giant-turtle","Giant Turtle","1","Large","Beast","","","unaligned","aquatic","16","57","0","","","","Monsters of the Orient: 147"
"","moto.goblin-rat","Goblin Rat","1/4","Small","Humanoid","Shapechanger","Goblin Rat","neutral evil","forest, mountain, swamp, underground","12","27","2","","","","Monsters of the Orient: 30"
"","moto.goblin-rat-king","Goblin Rat King","1","Small","Humanoid","Shapechanger","Goblin Rat","neutral evil","forest, mountain, swamp, underground","13","54","3","","","","Monsters of the Orient: 30"
"","moto.goblin-spider","Goblin Spider","5","Small","Monstrosity","Shapechanger","","neutral evil","","15","66","3","","","","Monsters of the Orient: 31"
"","moto.goblin-spider-in-lair","Goblin Spider in Lair","7","Small","Monstrosity","Shapechanger","","neutral evil","","15","66","3","lair","","","Monsters of the Orient: 31"
"","moto.goi-kashu","Goi-Kashu","5","Medium","Fey","Shapechanger","","neutral","forest","12","110","2","","","","Monsters of the Orient: 32"
"","moto.great-black-mountain-wyvern","Great Black Mountain Wyvern","12","Huge","Dragon","","","unaligned","mountain","15","189","-1","","","","Monsters of the Orient: 135"
"","moto.great-phoenix","Great Phoenix","26","Gargantuan","Celestial","Spirit","Seraf","lawful good","","19","370","1","","legendary","","Monsters of the Orient: 101"
"","moto.great-sylvan","Great Sylvan","24","Gargantuan","Fey","Spirit","Seraf","chaotic good","forest","19","330","5","","legendary","","Monsters of the Orient: 95"
"","moto.great-turtle","Great Turtle","25","Gargantuan","Dragon","Spirit","Seraf","lawful good","aquatic","24","350","-3","","","","Monsters of the Orient: 94"
"","moto.great-wyrm","Great Wyrm","24","Gargantuan","Dragon","Spirit","Seraf","chaotic good","","18","390","-1","","legendary","","Monsters of the Orient: 98"
"","moto.greater-elemental-vortex","Greater Elemental Vortex","11","Huge","Elemental","Tainted","Elemental Vortex","lawful evil","","5","322","-5","","","","Monsters of the Orient: 19"
"","moto.greater-hortlak","Greater Hortlak","6","Medium","Undead","Spirit","Hortlak","any evil","","14","75","4","","","","Monsters of the Orient: 37"
"","moto.greater-taint-zombie","Greater Taint Zombie","7","Medium","Undead","Tainted","Taint Zombie","chaotic evil","","16","152","-2","","","","Monsters of the Orient: 114"
"","moto.green-mountain-wyvern","Green Mountain Wyvern","5","Large","Dragon","","","unaligned","mountain","15","68","0","","","","Monsters of the Orient: 135"
"","moto.haino-no-oni-drainer","Haino no Oni (Drainer)","3","Medium","Fiend","Oni, Shapechanger, Tainted","Oni","chaotic evil","","15","39","3","","","","Monsters of the Orient: 73"
"","moto.hanemuri","Hanemuri","1/8","Tiny","Undead","Tainted","","chaotic evil","","12","7","2","","","","Monsters of the Orient: 34"
"","moto.hannya","Hannya","4","Medium","Fiend","","","chaotic evil","forest, swamp","14","55","2","","","","Monsters of the Orient: 34"
"","moto.hellbeast","Hellbeast","6","Large","Monstrosity","Tainted","Hellbeast","chaotic evil","","18","126","0","","","","Monsters of the Orient: 35"
"","moto.hkum-yeng-nat","Hkum Yeng Nat","3","Tiny","Fey","Spirit","Nat","neutral","urban","13","99","2","","","","Monsters of the Orient: 65"
"","moto.hogo-sha","Hogo-sha","5","Medium","Humanoid","Any Race","Nonplayer Character","any","","16","97","2","","","","Monsters of the Orient: 152"
"","moto.honey-badger","Honey Badger","1","Small","Beast","","","unaligned","grassland, mountain","14","27","3","","","","Monsters of the Orient: 147"
"","moto.hortlak-horror","Hortlak Horror","13","Medium","Undead","Spirit","Hortlak","any evil","","18","136","4","","","","Monsters of the Orient: 37"
"","moto.hsing-sing","Hsing-sing","1/2","Large","Humanoid","","Hsing-sing","neutral","forest","12","60","2","","","","Monsters of the Orient: 38"
"","moto.hsing-sing-honor-guard","Hsing-sing Honor Guard","2","Large","Humanoid","","Hsing-sing","neutral","forest","12","90","2","","","","Monsters of the Orient: 38"
"","moto.hsing-sing-matriarch","Hsing-sing Matriarch","1","Large","Humanoid","","Hsing-sing","neutral","forest","12","75","2","","","","Monsters of the Orient: 38"
"","moto.hsing-sing-patriarch","Hsing-sing Patriarch","3","Large","Humanoid","","Hsing-sing","neutral","forest","12","120","2","","","","Monsters of the Orient: 38"
"","moto.hu-hsien","Hu Hsien","8","Small","Undead","","Vampire","lawful evil","","16","132","4","","","","Monsters of the Orient: 130"
"","moto.hundun","Hundun","14","Medium","Aberration","","Xion Si","neutral evil","","17","119","4","","legendary","","Monsters of the Orient: 137"
"","moto.hundun-in-lair","Hundun in Lair","17","Medium","Aberration","","Xion Si","neutral evil","","17","119","4","lair","legendary","","Monsters of the Orient: 137"
"","moto.hyekuhei","Hyekuhei","5","Medium","Undead","Tainted","","lawful evil","","17","95","3","","","","Monsters of the Orient: 39"
"","moto.ice-spider","Ice Spider","3","Medium","Beast","","","unaligned","mountain","14","22","4","","","","Monsters of the Orient: 147"
"","moto.ikiryo","Ikiryo","1","Medium","Undead","Spirit","","lawful neutral","underground","12","81","2","","","","Monsters of the Orient: 39"
"","moto.ishi","Ishi","6","Medium","Humanoid","Any Race","Nonplayer Character","any","","16","97","3","","","","Monsters of the Orient: 152"
"","moto.itta","Itta","0","Medium","Humanoid","Any Race","Nonplayer Character","any","","10","3","0","","","","Monsters of the Orient: 152"
"","moto.jade-golem","Jade Golem","10","Large","Construct","","Golem","any good","","17","133","0","","","","Monsters of the Orient: 33"
"","moto.jiki-ketsu-gaki","Jiki-Ketsu-Gaki","6","Medium","Undead","Spirit","Gaki","chaotic evil","urban","15","105","2","","","","Monsters of the Orient: 22"
"","moto.jiki-niku-gaki","Jiki-Niku-Gaki","2","Medium","Undead","Spirit","Gaki","chaotic evil","urban","14","55","0","","","","Monsters of the Orient: 22"
"","moto.jishin-mushi","Jishin Mushi","3","Large","Beast","","","unaligned","forest","18","22","1","","","","Monsters of the Orient: 147"
"","moto.jubokko","Jubokko","11","Huge","Plant","","Jubokko","neutral evil","forest","17","189","-1","","","","Monsters of the Orient: 40"
"","moto.jubokko-bone-blight","Jubokko Bone Blight","2","Medium","Plant","","Jubokko","neutral evil","forest","14","63","-1","","","","Monsters of the Orient: 41"
"","moto.jubokko-skull-blight","Jubokko Skull Blight","3","Medium","Plant","","Jubokko","neutral evil","forest","13","77","0","","","","Monsters of the Orient: 41"
"","moto.kaluk","Kaluk","17","Huge","Monstrosity","Spirit","","lawful evil","","18","230","-1","","legendary","","Monsters of the Orient: 42"
"","moto.kamic-tiger","Kamic Tiger","6","Large","Fey","","Seraf","chaotic good","forest, grassland","15","153","4","","","","Monsters of the Orient: 95"
"","moto.kamic-turtle","Kamic Turtle","4","Large","Beast","Spirit","Seraf","lawful good","aquatic","18","125","-2","","","","Monsters of the Orient: 94"
"","moto.kamu-no-oni-dreadmaw","Kamu no Oni (Dreadmaw)","16","Huge","Fiend","Oni, Shapechanger, Tainted","Oni","chaotic evil","","18","300","1","","","","Monsters of the Orient: 74"
"","moto.kappa","Kappa","2","Small","Humanoid","","","chaotic evil","aquatic","14","56","3","","","","Monsters of the Orient: 43"
"","moto.kirin","Kirin","27","Gargantuan","Fey","Kami","Shijin","chaotic good","forest","19","363","5","","legendary","unique","Monsters of the Orient: 102"
"","moto.kumo-araneomorphae","Kumo Araneomorphae","4","Large","Monstrosity","Shapechanger","Kumo","lawful evil","underground, urban","14","68","4","","","","Monsters of the Orient: 46"
"","moto.kumo-mygalomorphae","Kumo Mygalomorphae","7","Huge","Monstrosity","Shapechanger","Kumo","lawful evil","underground, urban","12","199","2","","","","Monsters of the Orient: 46"
"","moto.kyoso","Kyoso","26","Huge","Fiend","Oni, Shapechanger, Tainted","Oni Lord","chaotic evil","","20","255","7","","legendary","unique","Monsters of the Orient: 84"
"","moto.kyoso-in-lair","Kyoso in Lair","28","Huge","Fiend","Oni, Shapechanger, Tainted","Oni Lord","chaotic evil","","20","255","7","lair","legendary","unique","Monsters of the Orient: 84"
"","moto.kyoso-spawn-blood-serpent","Kyoso Spawn (Blood Serpent)","18","Large","Fiend","Oni, Shapechanger, Tainted","Oni","chaotic evil","","20","255","5","","","","Monsters of the Orient: 74"
"","moto.lemming","Lemming","0","Tiny","Beast","","","unaligned","forest, mountain","13","1","3","","","","Monsters of the Orient: 148"
"","moto.lesser-elemental-vortex","Lesser Elemental Vortex","5","Large","Elemental","Tainted","Elemental Vortex","lawful evil","","5","138","-5","","","","Monsters of the Orient: 19"
"","moto.lesser-hortlak","Lesser Hortlak","3","Medium","Undead","Spirit","Hortlak","any evil","","13","52","3","","","","Monsters of the Orient: 37"
"","moto.lesser-sylvan","Lesser Sylvan","1/2","Tiny","Fey","","Seraf","chaotic good","forest","8","66","-2","","","","Monsters of the Orient: 95"
"","moto.loris","Loris","0","Tiny","Beast","","","unaligned","forest","12","3","2","","","","Monsters of the Orient: 148"
"","moto.lost-one","Lost One","9","Medium","Undead","","","neutral evil","","17","127","3","","","","Monsters of the Orient: 48"
"","moto.lu-nat","Lu Nat","4","Tiny","Fey","Spirit","Nat","chaotic evil","urban","12","121","2","","","","Monsters of the Orient: 65"
"","moto.maho-massugu","Maho-Massugu","2","Large","Ooze","Tainted","Blood Ooze","unaligned","","6","84","-4","","","","Monsters of the Orient: 14"
"","moto.maho-purin","Maho-Purin","4","Large","Ooze","Tainted","Blood Ooze","unaligned","","7","85","-3","","","","Monsters of the Orient: 14"
"","moto.maho-tsukai-acolyte","Maho-Tsukai Acolyte","1/4","Medium","Humanoid","","Maho-Tsukai","any evil","urban","10","9","0","","","","Monsters of the Orient: 58"
"","moto.maho-tsukai-jian","Maho-Tsukai Jian","22","Medium","Undead","Spirit","Maho-Tsukai","lawful evil","","23","150","1","","legendary","","Monsters of the Orient: 60"
"","moto.maho-tsukai-jian-in-lair","Maho-Tsukai Jian in Lair","24","Medium","Undead","Spirit","Maho-Tsukai","lawful evil","","23","150","1","lair","legendary","","Monsters of the Orient: 60"
"","moto.maho-tsukai-mage","Maho-Tsukai Mage","6","Medium","Humanoid","","Maho-Tsukai","any evil","urban","12","58","2","","","","Monsters of the Orient: 58"
"","moto.maho-tsukai-magus","Maho-Tsukai Magus","12","Medium","Humanoid","","Maho-Tsukai","any evil","urban","12","135","2","","","","Monsters of the Orient: 59"
"","moto.maho-tsukai-necromancer","Maho-Tsukai Necromancer","9","Medium","Humanoid","","Maho-Tsukai","any evil","urban","12","78","2","","","","Monsters of the Orient: 59"
"","moto.mamono","Mamono","7","Medium","Aberration","Tainted","","neutral evil","","15","153","3","","","","Monsters of the Orient: 62"
"","moto.manananggal","Manananggal","13","Medium","Undead","","Vampire","chaotic evil","","17","170","5","","legendary","","Monsters of the Orient: 131"
"","moto.marsh-troll","Marsh Troll","3","Large","Giant","","","chaotic evil","swamp","14","66","2","","","","Monsters of the Orient: 62"
"","moto.martial-spirit-of-lightning","Martial Spirit of Lightning","10","Medium","Elemental","Spirit","","lawful evil","","17","127","3","","","","Monsters of the Orient: 61"
"","moto.martial-spirit-of-rain","Martial Spirit of Rain","10","Medium","Elemental","Spirit","","lawful evil","","18","127","4","","","","Monsters of the Orient: 61"
"","moto.martial-spirit-of-thunder","Martial Spirit of Thunder","10","Medium","Elemental","Spirit","","lawful evil","","15","127","2","","","","Monsters of the Orient: 61"
"","moto.me-kurabe","Me-Kurabe","1","Tiny","Undead","Spirit","","unaligned","","13","15","2","","","","Monsters of the Orient: 63"
"","moto.mogwai","Mogwai","0","Tiny","Fey","","Mogwai","chaotic good","","8","5","-2","","","","Monsters of the Orient: 64"
"","moto.mogwai-gremlin","Mogwai Gremlin","0","Tiny","Fey","","Mogwai","chaotic evil","","10","7","0","","","","Monsters of the Orient: 64"
"","moto.nian","Nian","8","Large","Monstrosity","","","lawful evil","mountain","18","184","0","","","","Monsters of the Orient: 66"
"","moto.nikoma","Nikoma","22","Large","Fiend","Oni, Tainted","Oni Lord","chaotic evil","","21","250","4","","legendary","unique","Monsters of the Orient: 86"
"","moto.nikoma-in-lair","Nikoma in Lair","24","Large","Fiend","Oni, Tainted","Oni Lord","chaotic evil","","21","250","4","lair","legendary","unique","Monsters of the Orient: 86"
"","moto.nikumizu","Nikumizu","1/8","Tiny","Aberration","Tainted","","chaotic neutral","","12","10","2","","","","Monsters of the Orient: 67"
"","moto.niten","Niten","6","Medium","Humanoid","Any Race","Nonplayer Character","any","","16","97","3","","","","Monsters of the Orient: 152"
"","moto.nosloc-no-oni-vassal-oni","Nosloc no Oni (Vassal Oni)","7","Medium","Fiend","Oni, Tainted","Oni","chaotic evil","","17","97","2","","","","Monsters of the Orient: 75"
"","moto.nukarumi","Nukarumi","2","Medium","Construct","Spirit","","unaligned","swamp","9","76","-1","","","","Monsters of the Orient: 67"
"","moto.obake","Obake","11","Medium","Aberration","","","chaotic evil","","9","294","0","","","","Monsters of the Orient: 68"
"","moto.ocre","Ocre","6","Large","Monstrosity","","","unaligned","aquatic","14","171","4","","","","Monsters of the Orient: 69"
"","moto.odo-mienai","Odo Mienai","10","Medium","Aberration","","","chaotic evil","","14","94","4","","","","Monsters of the Orient: 69"
"","moto.onikage","Onikage","1","Large","Undead","Tainted","Onikage","chaotic evil","","14","39","2","","","","Monsters of the Orient: 92"
"","moto.onikage-alpha","Onikage Alpha","3","Huge","Undead","Tainted","Onikage","chaotic evil","","15","60","0","","","","Monsters of the Orient: 92"
"","moto.orochi","Orochi","30","Gargantuan","Dragon","Kami","Shijin","lawful neutral","","25","615","0","","legendary","unique","Monsters of the Orient: 104"
"","moto.orochi-in-lair","Orochi in Lair","30","Gargantuan","Dragon","Kami","Shijin","lawful neutral","","25","615","0","lair","legendary","unique","Monsters of the Orient: 104"
"","moto.pennaggolan","Pennaggolan","10","Small","Undead","","Vampire","lawful evil","","16","150","5","","","","Monsters of the Orient: 132"
"","moto.phoenix","Phoenix","6","Huge","Celestial","Spirit","Seraf","lawful good","","16","147","2","","","","Monsters of the Orient: 101"
"","moto.pika","Pika","0","Tiny","Beast","","","unaligned","grassland","10","1","0","","","","Monsters of the Orient: 148"
"","moto.plasmin","Plasmin","1/2","Medium","Ooze","Tainted","Blood Ooze","unaligned","","8","30","-2","","","","Monsters of the Orient: 14"
"","moto.pufferfish","Pufferfish","0","Tiny","Beast","","","unaligned","aquatic","13","5","4","","","","Monsters of the Orient: 148"
"","moto.pulao","Pulao","3","Medium","Dragon","Spirit","Seraf","neutral good","forest","17","33","0","","","","Monsters of the Orient: 100"
"","moto.qiongqui-drone","Qiongqui Drone","1/2","Small","Aberration","","Xion Si","chaotic evil","","13","18","3","","","","Monsters of the Orient: 141"
"","moto.qiuniu","Qiuniu","2","Medium","Dragon","Spirit","Seraf","neutral good","grassland","17","33","1","","","","Monsters of the Orient: 100"
"","moto.red-fox","Red Fox","1/8","Medium","Beast","","","unaligned","forest","13","9","4","","","","Monsters of the Orient: 148"
"","moto.red-kitsune-2","Red Kitsune","2","Medium","Fey","Shapechanger","Kitsune","chaotic evil or chaotic good","forest","14","26","4","","","","Monsters of the Orient: 44"
"","moto.red-kitsune-3","Red Kitsune","3","Medium","Fey","Shapechanger","Kitsune","chaotic evil or chaotic good","forest","17","26","4","","","","Monsters of the Orient: 44"
"","moto.red-kitsune-4","Red Kitsune","4","Medium","Fey","Shapechanger","Kitsune","chaotic evil or chaotic good","forest","17","52","4","","","","Monsters of the Orient: 44"
"","moto.red-kitsune-5","Red Kitsune","5","Medium","Fey","Shapechanger","Kitsune","chaotic evil or chaotic good","forest","17","78","4","","","","Monsters of the Orient: 44"
"","moto.red-panda","Red Panda","1/8","Small","Beast","","","unaligned","forest","13","11","4","","","","Monsters of the Orient: 148"
"","moto.rokuro-kubi","Rokuro-Kubi","2","Medium","Monstrosity","Shapechanger, Yuan-Ti","","neutral evil","","12","36","2","","","","Monsters of the Orient: 93"
"","moto.ryu","Ryu","29","Gargantuan","Dragon","Kami","Shijin","chaotic good","","20","507","0","","legendary","unique","Monsters of the Orient: 108"
"","moto.ryu-in-lair","Ryu in Lair","30","Gargantuan","Dragon","Kami","Shijin","chaotic good","","20","507","0","lair","legendary","unique","Monsters of the Orient: 108"
"","moto.samurai","Samurai","2","Medium","Humanoid","Any Race","Nonplayer Character","any","","16","46","1","","","","Monsters of the Orient: 153"
"","moto.sanru-no-oni-skyclaw","Sanru no Oni (Skyclaw)","9","Medium","Fiend","Oni, Shapechanger, Tainted","Oni","chaotic evil","","16","102","3","","","","Monsters of the Orient: 76"
"","moto.sanshu-denki","Sanshu Denki","3","Large","Aberration","","","unaligned","swamp","12","51","0","","","","Monsters of the Orient: 93"
"","moto.satsugai","Satsugai","5","Medium","Humanoid","Any Race","Nonplayer Character","any","","16","97","2","","","","Monsters of the Orient: 154"
"","moto.sea-dragon","Sea Dragon","7","Large","Dragon","Spirit","Lung Dragons","neutral","aquatic","18","127","2","","","","Monsters of the Orient: 54"
"","moto.shadow-ghast","Shadow Ghast","12","Medium","Undead","","Ghoul","chaotic evil","","15","108","5","","","","Monsters of the Orient: 29"
"","moto.shadowlands-jellyfish","Shadowlands Jellyfish","2","Small","Beast","","","unaligned","aquatic","14","26","4","","","","Monsters of the Orient: 149"
"","moto.shadowlands-ogre","Shadowlands Ogre","7","Large","Giant","Tainted","","chaotic evil","","14","171","0","","","","Monsters of the Orient: 70"
"","moto.shadowlands-ogre-behemoth","Shadowlands Ogre Behemoth","9","Huge","Giant","Tainted","","chaotic evil","","16","200","-2","","","","Monsters of the Orient: 70"
"","moto.shadowlands-ogre-commander","Shadowlands Ogre Commander","8","Large","Giant","Tainted","","chaotic evil","","16","171","0","","","","Monsters of the Orient: 70"
"","moto.shadowlands-ogre-hound","Shadowlands Ogre-Hound","5","Large","Monstrosity","Tainted","","chaotic evil","","13","95","0","","","","Monsters of the Orient: 70"
"","moto.shaman","Shaman","4","Medium","Humanoid","Any Race","Nonplayer Character","any","","13","135","1","","","","Monsters of the Orient: 154"
"","moto.shar-pei","Shar Pei","1/2","Medium","Beast","","","unaligned","grassland","12","22","2","","","","Monsters of the Orient: 149"
"","moto.shikibu","Shikibu","26","Medium","Fiend","Oni, Shapechanger, Tainted","Oni Lord","chaotic evil","","23","150","4","","legendary","unique","Monsters of the Orient: 88"
"","moto.shikibu-in-lair","Shikibu in Lair","28","Medium","Fiend","Oni, Shapechanger, Tainted","Oni Lord","chaotic evil","","23","150","4","lair","legendary","unique","Monsters of the Orient: 88"
"","moto.shikibu-spawn-corpse-walker","Shikibu Spawn (Corpse Walker)","16","Small","Fiend","Oni, Shapechanger, Tainted","Oni","chaotic evil","","17","135","3","","","","Monsters of the Orient: 76"
"","moto.shikki-gaki","Shikki-Gaki","4","Medium","Undead","Spirit","Gaki","chaotic evil","urban","15","78","0","","","","Monsters of the Orient: 23"
"","moto.shinen-gaki","Shinen-Gaki","4","Medium","Undead","Spirit","Gaki","chaotic evil","urban","13","90","3","","","","Monsters of the Orient: 23"
"","moto.shinobi","Shinobi","9","Medium","Humanoid","Any Race","Nonplayer Character","any","","18","127","4","","","","Monsters of the Orient: 154"
"","moto.shirokinu-katsukami","Shirokinu-Katsukami","14","Large","Celestial","Kami","","lawful good","","22","187","0","","","","Monsters of the Orient: 112"
"","moto.shiyokai","Shiyokai","1","Medium","Undead","Spirit","","neutral evil","urban","11","22","2","","","","Monsters of the Orient: 112"
"","moto.shogai","Shogai","2","Medium","Humanoid","Any Race","Nonplayer Character","any","","13","27","1","","","","Monsters of the Orient: 154"
"","moto.shugenja","Shugenja","7","Medium","Humanoid","Any Race","Nonplayer Character","any","","14","204","0","","","","Monsters of the Orient: 155"
"","moto.skirmisher","Skirmisher","5","Medium","Humanoid","Any Race","Nonplayer Character","any","","16","112","4","","","","Monsters of the Orient: 155"
"","moto.spirit-dragon","Spirit Dragon","13","Huge","Dragon","Spirit","Lung Dragons","neutral good","aquatic","18","172","0","","legendary","","Monsters of the Orient: 50"
"","moto.spirit-wolf","Spirit Wolf","4","Large","Celestial","Spirit","","chaotic good","","13","75","1","","","","Monsters of the Orient: 113"
"","moto.stalwart-defender","Stalwart Defender","6","Medium","Humanoid","Any Race","Nonplayer Character","any","","17","97","1","","","","Monsters of the Orient: 155"
"","moto.storm-dragon","Storm Dragon","14","Huge","Dragon","Spirit","Lung Dragons","neutral","aquatic","19","195","2","","legendary","","Monsters of the Orient: 54"
"","moto.suanni","Suanni","4","Medium","Dragon","Spirit","Seraf","neutral good","grassland","17","52","0","","","","Monsters of the Orient: 100"
"","moto.suiko","Suiko","4","Small","Monstrosity","","","neutral evil","aquatic","15","88","1","","","","Monsters of the Orient: 113"
"","moto.suzaku","Suzaku","28","Gargantuan","Celestial","Kami","Shijin","lawful good","","22","468","2","","legendary","unique","Monsters of the Orient: 110"
"","moto.suzaku-in-lair","Suzaku in Lair","29","Gargantuan","Celestial","Kami","Shijin","lawful good","","22","468","2","lair","legendary","unique","Monsters of the Orient: 110"
"","moto.swarm-of-mimimushis","Swarm of Mimimushis","5","Medium","Aberration","Swarm","","unaligned","aquatic","14","45","4","","","","Monsters of the Orient: 63"
"","moto.swarm-of-qiongqui-drones","Swarm of Qiongqui Drones","3","Large","Aberration","Swarm","Xion Si","chaotic evil","","13","78","3","","","","Monsters of the Orient: 141"
"","moto.swarm-of-shadowlands-jellyfish","Swarm of Shadowlands Jellyfish","10","Gargantuan","Beast","Swarm","","unaligned","aquatic","14","290","4","","","","Monsters of the Orient: 149"
"","moto.swarm-of-tan-gin","Swarm of Tan-Gin","4","Medium","Fey","Swarm","","unaligned","forest, swamp","16","28","6","","","","Monsters of the Orient: 117"
"","moto.taint-zombie","Taint Zombie","3","Medium","Undead","Tainted","Taint Zombie","chaotic evil","","11","95","-2","","","","Monsters of the Orient: 114"
"","moto.taka-onna","Taka-onna","1","Medium","Fey","","","neutral","forest","12","33","2","","","","Monsters of the Orient: 115"
"","moto.tako-female","Tako Female","2","Medium","Aberration","","","lawful neutral","aquatic","14","44","2","","","","Monsters of the Orient: 116"
"","moto.tako-male","Tako Male","2","Medium","Aberration","","","lawful neutral","aquatic","14","44","2","","","","Monsters of the Orient: 116"
"","moto.tan-gin","Tan-Gin","1/4","Tiny","Fey","","","unaligned","forest, swamp","16","3","6","","","","Monsters of the Orient: 117"
"","moto.tao-tei-drone","Tao Tei Drone","7","Large","Aberration","","Xion Si","lawful evil","","16","127","0","","","","Monsters of the Orient: 138"
"","moto.tao-tei-elite","Tao Tei Elite","9","Huge","Aberration","","Xion Si","lawful evil","","17","172","0","","","","Monsters of the Orient: 138"
"","moto.tao-tei-regent","Tao Tei Regent","10","Huge","Aberration","","Xion Si","lawful evil","","16","127","2","","legendary","","Monsters of the Orient: 139"
"","moto.tao-tei-regent-in-lair","Tao Tei Regent in Lair","12","Huge","Aberration","","Xion Si","lawful evil","","16","127","2","lair","legendary","","Monsters of the Orient: 139"
"","moto.taowu-drone","Taowu Drone","10","Huge","Aberration","","Xion Si","neutral evil","","18","225","-1","","","","Monsters of the Orient: 140"
"","moto.taowu-scout","Taowu Scout","0","Tiny","Aberration","","Xion Si","neutral evil","","14","1","4","","","","Monsters of the Orient: 140"
"","moto.tasloi","Tasloi","1/8","Small","Humanoid","","","chaotic evil","forest","11","21","1","","","","Monsters of the Orient: 117"
"","moto.tasloi-chieftain","Tasloi Chieftain","1/4","Small","Humanoid","","","chaotic evil","forest","13","35","2","","","","Monsters of the Orient: 117"
"","moto.tatarimokke","Tatarimokke","4","Tiny","Undead","Spirit","","lawful evil or lawful good","urban","11","20","1","","","","Monsters of the Orient: 118"
"","moto.tegaa","Tegaa","2","Medium","Plant","","","unaligned","forest","11","44","-4","","","","Monsters of the Orient: 119"
"","moto.tegaa-branchling","Tegaa Branchling","1/8","Small","Plant","","","unaligned","forest","11","14","-4","","","","Monsters of the Orient: 119"
"","moto.tengu-chick","Tengu Chick","0","Tiny","Humanoid","","","any chaotic","grassland, mountain","13","6","2","","","","Monsters of the Orient: 120"
"","moto.tengu-crow-headed","Tengu, Crow-headed","3","Medium","Humanoid","","","any chaotic","grassland, mountain","14","54","2","","","","Monsters of the Orient: 120"
"","moto.tengu-human-headed","Tengu, Human-Headed","5","Small","Humanoid","","","any chaotic","grassland, mountain","16","56","3","","","","Monsters of the Orient: 120"
"","moto.terracotta-golem","Terracotta Golem","1","Medium","Construct","","Golem","unaligned","","13","52","1","","","","Monsters of the Orient: 33"
"","moto.terracotta-golem-shogun","Terracotta Golem Shogun","2","Medium","Construct","","Golem","unaligned","","13","78","1","","","","Monsters of the Orient: 33"
"","moto.torn","Torn","2","Small","Aberration","","","chaotic evil and chaotic good","","14","39","3","","","","Monsters of the Orient: 122"
"","moto.tsuburo","Tsuburo","24","Huge","Fiend","Oni, Tainted","Oni Lord","chaotic evil","","8","775","-2","","legendary","unique","Monsters of the Orient: 90"
"","moto.tsuburo-in-lair","Tsuburo in Lair","26","Huge","Fiend","Oni, Tainted","Oni Lord","chaotic evil","","8","775","-2","lair","legendary","unique","Monsters of the Orient: 90"
"","moto.tsumunagi","Tsumunagi","5","Small","Aberration","Tainted","","unaligned","aquatic, swamp","14","99","3","","","","Monsters of the Orient: 123"
"","moto.tsuno","Tsuno","6","Large","Monstrosity","Tainted","","lawful evil","","18","127","0","","","","Monsters of the Orient: 124"
"","moto.tsuno-elder","Tsuno Elder","8","Large","Monstrosity","Tainted","","lawful evil","","18","171","0","","","","Monsters of the Orient: 124"
"","moto.tsuno-youngling","Tsuno Youngling","1","Small","Monstrosity","Tainted","","lawful evil","","12","67","0","","","","Monsters of the Orient: 124"
"","moto.tsuri-yurei","Tsuri Yurei","5","Medium","Undead","","Ghost","lawful evil","","11","54","1","","","","Monsters of the Orient: 27"
"","moto.twilight-naga-asp","Twilight Naga Asp","2","Large","Monstrosity","Shapechanger","","lawful neutral","aquatic","11","78","1","","","","Monsters of the Orient: 126"
"","moto.twilight-naga-chameleon","Twilight Naga Chameleon","1","Large","Monstrosity","Shapechanger","","lawful neutral","aquatic","12","52","2","","","","Monsters of the Orient: 126"
"","moto.twilight-naga-cobra","Twilight Naga Cobra","3","Large","Monstrosity","Shapechanger","","lawful neutral","aquatic","11","105","1","","","","Monsters of the Orient: 127"
"","moto.twilight-naga-constrictor","Twilight Naga Constrictor","4","Huge","Monstrosity","Shapechanger","","lawful neutral","aquatic","12","147","1","","","","Monsters of the Orient: 127"
"","moto.twilight-naga-greensnake","Twilight Naga Greensnake","1/2","Medium","Monstrosity","Shapechanger","","lawful neutral","aquatic","11","36","1","","","","Monsters of the Orient: 126"
"","moto.typhoon-dragon","Typhoon Dragon","21","Gargantuan","Dragon","Spirit","Lung Dragons","neutral","aquatic","22","367","2","","legendary","","Monsters of the Orient: 55"
"","moto.ubume","Ubume","10","Medium","Undead","","Ghost","unaligned","","11","190","1","","","","Monsters of the Orient: 27"
"","moto.ugulu-no-oni-doomhulk","Ugulu no Oni (Doomhulk)","18","Huge","Fiend","Oni, Shapechanger, Tainted","Oni","chaotic evil","","20","350","-1","","","","Monsters of the Orient: 77"
"","moto.umbral-serpent","Umbral Serpent","7","Large","Dragon","Spirit","Seraf","lawful neutral","","16","120","6","","","","Monsters of the Orient: 96"
"","moto.uragirimono","Uragirimono","20","Medium","Aberration","Tainted","","neutral evil","","19","230","2","","legendary","unique","Monsters of the Orient: 128"
"","moto.uragirimono-spawn","Uragirimono Spawn","2","Tiny","Aberration","Tainted","","neutral evil","","19","11","4","","","","Monsters of the Orient: 128"
"","moto.vetal","Vetal","5","Tiny","Undead","Spirit","Vampire","neutral evil","","11","30","2","","","","Monsters of the Orient: 133"
"","moto.void-beast","Void Beast","17","Medium","Aberration","","","unaligned","","20","45","9","","","","Monsters of the Orient: 134"
"","moto.void-serpent","Void Serpent","18","Gargantuan","Dragon","Spirit","Seraf","lawful neutral","","20","280","-1","","","","Monsters of the Orient: 96"
"","moto.wang-liang","Wang-Liang","4","Large","Giant","Spirit","","lawful evil","","16","60","1","","","","Monsters of the Orient: 134"
"","moto.wanryuku","Wanryuku","6","Medium","Humanoid","Any Race","Nonplayer Character","any","","16","97","2","","","","Monsters of the Orient: 155"
"","moto.werebadger","Werebadger","7","Medium","Humanoid","Shapechanger","Lycanthrope","neutral evil","forest","13","104","3","","","","Monsters of the Orient: 56"
"","moto.werecrocodile","Werecrocodile","5","Medium","Humanoid","Shapechanger","Lycanthrope","neutral evil","aquatic","12","33","2","","","","Monsters of the Orient: 57"
"","moto.werefox","Werefox","2","Medium","Humanoid","Shapechanger","Lycanthrope","neutral evil","forest, mountain","12","33","2","","","","Monsters of the Orient: 56"
"","moto.wererhinoceros","Wererhinoceros","6","Medium","Humanoid","Shapechanger","Lycanthrope","neutral evil","grassland","10","136","0","","","","Monsters of the Orient: 57"
"","moto.wereshark","Wereshark","6","Medium","Humanoid","Shapechanger","Lycanthrope","neutral evil","aquatic","10","136","0","","","","Monsters of the Orient: 57"
"","moto.white-fox","White Fox","0","Small","Beast","","","unaligned","mountain","12","7","2","","","","Monsters of the Orient: 150"
"","moto.white-kitsune-6","White Kitsune","6","Medium","Fey","Shapechanger","Kitsune","chaotic evil or chaotic good","forest, mountain","17","91","4","","","","Monsters of the Orient: 44"
"","moto.white-kitsune-7","White Kitsune","7","Medium","Fey","Shapechanger","Kitsune","chaotic evil or chaotic good","forest, mountain","17","104","4","","","","Monsters of the Orient: 44"
"","moto.white-kitsune-8","White Kitsune","8","Medium","Fey","Shapechanger","Kitsune","chaotic evil or chaotic good","forest, mountain","17","117","4","","","","Monsters of the Orient: 44"
"","moto.white-kitsune-9","White Kitsune","9","Medium","Fey","Shapechanger","Kitsune","chaotic evil or chaotic good","forest, mountain","17","117","4","","","","Monsters of the Orient: 44"
"","moto.wu-jen-of-earth","Wu-jen of Earth","12","Medium","Humanoid","Any Race","Nonplayer Character","any","","12","99","2","","","","Monsters of the Orient: 156"
"","moto.wu-jen-of-fire","Wu-jen of Fire","12","Medium","Humanoid","Any Race","Nonplayer Character","any","","12","99","2","","","","Monsters of the Orient: 156"
"","moto.wu-jen-of-metal","Wu-jen of Metal","12","Medium","Humanoid","Any Race","Nonplayer Character","any","","13","99","2","","","","Monsters of the Orient: 156"
"","moto.wu-jen-of-water","Wu-jen of Water","12","Medium","Humanoid","Any Race","Nonplayer Character","any","","12","135","2","","","","Monsters of the Orient: 156"
"","moto.wu-jen-of-wood","Wu-jen of Wood","12","Medium","Humanoid","Any Race","Nonplayer Character","any","","12","99","2","","","","Monsters of the Orient: 157"
"","moto.yak","Yak","2","Large","Beast","","","unaligned","mountain","13","33","0","","","","Monsters of the Orient: 149"
"","moto.yama-uba","Yama Uba","5","Medium","Fey","Spirit","","neutral evil","","13","77","2","","","","Monsters of the Orient: 142"
"","moto.yaoguai","Yaoguai","13","Huge","Monstrosity","Spirit","","neutral evil","forest","15","126","1","","","","Monsters of the Orient: 142"
"","moto.yattako-no-oni-reaving-mantis","Yattako no Oni (Reaving Mantis)","17","Huge","Fiend","Oni, Shapechanger, Tainted","Oni","chaotic evil","","17","345","2","","","","Monsters of the Orient: 77"
"","moto.yazi","Yazi","5","Medium","Dragon","Spirit","Seraf","neutral good","forest","17","75","0","","","","Monsters of the Orient: 100"
"","moto.young-dokufu","Young Dokufu","8","Medium","Monstrosity","Tainted","Dokufu","neutral evil","cave, mountain","18","190","3","","","","Monsters of the Orient: 18"
"","moto.yuki-onna","Yuki-onna","4","Medium","Fey","Spirit","","any","mountain","11","45","1","","","","Monsters of the Orient: 143"
"","moto.zaiaku","Zaiaku","16","Large","Fiend","","","lawful evil","","21","119","1","","","","Monsters of the Orient: 144"
"","qodv1.amoeba-giant","Amoeba, Giant","3","Large","Ooze","","Irtep's Dish","unaligned","aquatic","9","45","-1","","","","Quests of Doom Volume 1: 158"
"","qodv1.bloodtooth","Bloodtooth","2","Large","Undead","","Sewers of the Underguild","neutral evil","","16","39","2","","","","Quests of Doom Volume 1: 181"
"","qodv1.bone-guardian","Bone Guardian","4","Large","Undead","","The Dead from Above","neutral evil","","15","45","2","","","","Quests of Doom Volume 1: 73"
"","qodv1.carnivorous-fungi-giant","Carnivorous Fungi, Giant","4","Large","Plant","","Irtep's Dish","unaligned","","11","67","-2","","","","Quests of Doom Volume 1: 158"
"","qodv1.copper-koi-statue","Copper Koi Statue","2","Medium","Construct","","Irtep's Dish","neutral","","16","45","2","","","","Quests of Doom Volume 1: 142"
"","qodv1.crocodile-vampiric","Crocodile, Vampiric","1/2","Large","Undead","","Sewers of the Underguild","neutral evil","","12","19","0","","","","Quests of Doom Volume 1: 181"
"","qodv1.delayne","Delayne","3","Medium","Monstrosity","shapechanger","Irtep's Dish","neutral","","15","65","4","","","unique","Quests of Doom Volume 1: 150"
"","qodv1.doppelganger-monk","Doppelganger Monk","3","Medium","Monstrosity","shapechanger","The Pyramid Amra","neutral","","14","52","4","","","","Quests of Doom Volume 1: 163"
"","qodv1.feathered-mountain-snake","Feathered Mountain Snake","2","Large","Beast","","The Dead from Above","unaligned","mountain","13","45","3","","","","Quests of Doom Volume 1: 73"
"","qodv1.gynnen-valzoe","Gynnen Valzoe","4","Medium","Humanoid","human","Irtep's Dish","chaotic good","","17","35","3","","","unique","Quests of Doom Volume 1: 157"
"","qodv1.hydrazoa-giant","Hydrazoa, Giant","6","Large","Beast","","Irtep's Dish","unaligned","","13","102","0","","","","Quests of Doom Volume 1: 158"
"","qodv1.irtep","Irtep","7","Medium","Humanoid","","Irtep's Dish","chaotic neutral","","14","45","1","","","unique","Quests of Doom Volume 1: 156"
"","qodv1.living-vines","Living Vines","2","Large","Plant","","The Noble Rot","unaligned","forest","12","33","2","","","","Quests of Doom Volume 1: 15"
"","qodv1.nematode-giant","Nematode, Giant","3","Medium","Beast","","Irtep's Dish","unaligned","","11","45","1","","","","Quests of Doom Volume 1: 159"
"","qodv1.olive-slime","Olive Slime","0","Large","Plant","","The Noble Rot","unaligned","underground","11","14","1","","","","Quests of Doom Volume 1: 15"
"","qodv1.olive-slime-zombie","Olive Slime Zombie","1/2","Medium","Plant","","The Noble Rot","neutral evil","underground","9","26","-1","","","","Quests of Doom Volume 1: 15"
"","qodv1.olive-slime-zombie-horse","Olive Slime Zombie (horse)","1/2","Large","Plant","","The Noble Rot","neutral evil","underground","8","30","-2","","","","Quests of Doom Volume 1: 16"
"","qodv1.osgood-flumph","Osgood Flumph","6","Medium","Humanoid","human","Irtep's Dish","neutral evil","","12","43","1","","","unique","Quests of Doom Volume 1: 156"
"","qodv1.planehopper-channeler","Planehopper Channeler","1/8","Large","Fiend","","Hidden Oasis","lawful evil","","14","38","1","","","","Quests of Doom Volume 1: 33"
"","qodv1.planehopper-governor","Planehopper Governor","1","Large","Fiend","","Hidden Oasis","lawful evil","","14","38","-1","","","","Quests of Doom Volume 1: 33"
"","qodv1.planehopper-laborer","Planehopper Laborer","1/2","Large","Fiend","","Hidden Oasis","lawful evil","","15","19","0","","","","Quests of Doom Volume 1: 34"
"","qodv1.planehopper-overseer","Planehopper Overseer","1","Large","Fiend","","Hidden Oasis","lawful evil","","15","51","1","","","","Quests of Doom Volume 1: 35"
"","qodv1.planehopper-warrior","Planehopper Warrior","2","Large","Fiend","","Hidden Oasis","lawful evil","","15","51","1","","","","Quests of Doom Volume 1: 35"
"","qodv1.protozoan-orb-giant","Protozoan Orb, Giant","2","Medium","Beast","","Irtep's Dish","unaligned","aquatic","11","39","0","","","","Quests of Doom Volume 1: 159"
"","qodv1.relthren-surret-doppelganger-monk","Relthren Surret (Doppelganger Monk)","4","Medium","Monstrosity","shapechanger","The Pyramid Amra","neutral","","14","78","4","","","unique","Quests of Doom Volume 1: 163"
"","qodv1.sanguine-terror","Sanguine Terror","2","Large","Ooze","","The Dead from Above","unaligned","","8","75","-2","","","","Quests of Doom Volume 1: 74"
"","qodv1.skeletal-red-dragon","Skeletal Red Dragon","6","Huge","Undead","","The Dead from Above","chaotic evil","","12","76","0","","","","Quests of Doom Volume 1: 74"
"","qodv1.slime-demon","Slime Demon","7","Huge","Fiend","","The Noble Rot","chaotic evil","","16","105","2","","","","Quests of Doom Volume 1: 16"
"","qodv1.sporozoan-giant","Sporozoan, Giant","3","Medium","Beast","","Irtep's Dish","unaligned","","10","48","0","","","","Quests of Doom Volume 1: 159"
"","qodv1.stone-giant-zombie","Stone Giant Zombie","2","Huge","Undead","","The Dead from Above","neutral evil","","8","57","0","","","","Quests of Doom Volume 1: 74"
"","qodv1.tardigrade-giant","Tardigrade, Giant","5","Large","Beast","","Irtep's Dish","unaligned","aquatic","13","75","0","","","","Quests of Doom Volume 1: 160"
"","qodv1.therianthrope-asswere-monk","Therianthrope, Asswere Monk","1","Medium","Monstrosity","shapechanger","The Pyramid Amra","lawful evil","","15","33","3","","","","Quests of Doom Volume 1: 177"
"","qodv1.tully-smooth","Tully Smooth","3","Medium","Humanoid","","Irtep's Dish","neutral evil","","16","52","3","","","unique","Quests of Doom Volume 1: 149"
"","qodv1.vampiric-ooze","Vampiric Ooze","4","Large","Undead","","Sewers of the Underguild","unaligned","","7","85","-3","","","","Quests of Doom Volume 1: 186"
"","qodv1.wine-slime","Wine Slime","2","Large","Ooze","","The Noble Rot","unaligned","underground","8","52","-2","","","","Quests of Doom Volume 1: 17"
"","qodv2.cave-bear","Cave Bear","2","Large","Beast","","Perils of Ghostwind Pass","unaligned","mountain","12","47","0","","","","Quests of Doom Volume 2: 87"
"","qodv2.darkling-oak","Darkling Oak","5","Huge","Plant","","The Darkening of Namjan Forest","chaotic evil","","16","75","2","","","unique","Quests of Doom Volume 2: 46"
"","qodv2.eliphaz","Eliphaz","17","Huge","Elemental","","The Isle of Eliphaz","chaotic neutral","mountain","19","237","2","","","unique","Quests of Doom Volume 2: 100"
"","qodv2.giant-ant-bomber","Giant Ant, Bomber","1","Medium","Beast","","Of Ants and Men","unaligned","","14","45","1","","","","Quests of Doom Volume 2: 6"
"","qodv2.giant-ant-drone","Giant Ant, Drone","1","Medium","Beast","","Of Ants and Men","unaligned","","14","76","0","","","","Quests of Doom Volume 2: 5"
"","qodv2.giant-ant-queen","Giant Ant, Queen","3","Large","Beast","","Of Ants and Men","unaligned","","15","105","-1","","","","Quests of Doom Volume 2: 6"
"","qodv2.giant-ant-warrior","Giant Ant, Warrior","1","Medium","Beast","","Of Ants and Men","unaligned","","14","45","1","","","","Quests of Doom Volume 2: 5"
"","qodv2.giant-ant-worker","Giant Ant, Worker","1/2","Small","Beast","","Of Ants and Men","unaligned","","13","39","0","","","","Quests of Doom Volume 2: 5"
"","qodv2.giant-mountain-goat","Giant Mountain Goat","1/4","Medium","Beast","","Perils of Ghostwind Pass","unaligned","mountain","12","16","1","","","","Quests of Doom Volume 2: 87"
"","qodv2.giant-slicer-beetle","Giant Slicer Beetle","3","Large","Beast","","Of Ants and Men","unaligned","forest","15","42","0","","","","Quests of Doom Volume 2: 11"
"","qodv2.gloom-gnome","Gloom Gnome","1","Small","Elemental","","The Darkening of Namjan Forest","neutral evil","","13","27","2","","","","Quests of Doom Volume 2: 57"
"","qodv2.grimseem","Grimseem","2","Small","Elemental","","The Darkening of Namjan Forest","chaotic evil","planar","14","31","2","","","","Quests of Doom Volume 2: 57"
"","qodv2.miasmic-death","Miasmic Death","1/2","Medium","Ooze","","The Darkening of Namjan Forest","unaligned","","12","36","2","","","","Quests of Doom Volume 2: 58"
"","qodv2.scarab-swarm","Scarab Swarm","1/2","Medium","Beast","Swarm","Of Ants and Men","unaligned","","12","22","1","","","","Quests of Doom Volume 2: 14"
"","qodv2.shadow-elemental","Shadow Elemental","3","Large","Elemental","","The Darkening of Namjan Forest","chaotic evil","planar","14","80","2","","","","Quests of Doom Volume 2: 58"
"","qodv2.shadow-king","Shadow King","3","Large","Undead","","The Darkening of Namjan Forest","chaotic evil","","13","39","3","","","","Quests of Doom Volume 2: 58"
"","qodv2.shadow-mastiff","Shadow Mastiff","1/2","Medium","Fiend","","The Darkening of Namjan Forest","chaotic evil","","12","22","2","","","","Quests of Doom Volume 2: 59"
"","qodv2.shadow-pool","Shadow Pool","5","Medium","Aberration","","The Darkening of Namjan Forest","unaligned","underground","10","10","2","","","","Quests of Doom Volume 2: 52"
"","qodv2.shadowkin","Shadowkin","1/2","Medium","Elemental","","The Darkening of Namjan Forest","neutral evil","","11","33","1","","","","Quests of Doom Volume 2: 59"
"","qodv2.snow-serpent","Snow-serpent","1/2","Medium","Beast","","Perils of Ghostwind Pass","unaligned","arctic","14","11","4","","","","Quests of Doom Volume 2: 88"
"","qodv2.white-pudding","White Pudding","3","Large","Ooze","","Perils of Ghostwind Pass","unaligned","underground, arctic","7","76","-2","","","","Quests of Doom Volume 2: 87"
"2f347c0d-1e2a-40a7-8c1d-9f6d69c67341","thule-cs.abominable-sloth","Abominable Sloth","6","Huge","Beast","","","unaligned","","11","126","-1","","","","Primeval Thule Campaign Setting: 220"
"d37c5ee8-99dc-4d06-9473-9614ad66427a","thule-cs.beastman-cursemaker","Beastman Cursemaker","2","Medium","Humanoid","Human","","chaotic evil","","12","39","2","","","","Primeval Thule Campaign Setting: 225"
"00bc926e-7062-4f89-8b46-01b1ef39cf24","thule-cs.beastman-hunter","Beastman Hunter","1/2","Medium","Humanoid","Human","","chaotic evil","","13","13","1","","","","Primeval Thule Campaign Setting: 224"
"ef71b8e7-87f1-4fc7-b7b4-842821178169","thule-cs.beastman-warchief","Beastman Warchief","3","Medium","Humanoid","Human","","chaotic evil","","13","75","1","","","","Primeval Thule Campaign Setting: 225"
"51dcb902-e803-4ad1-b9b9-2a8ef2d6d511","thule-cs.beastman-warrior","Beastman Warrior","1/4","Medium","Humanoid","Human","","chaotic evil","","12","6","0","","","","Primeval Thule Campaign Setting: 224"
"81a79f9a-83be-48ee-bfd7-1a6d99db5f36","thule-cs.black-circle-agent","Black Circle Agent","8","Medium","Humanoid","Human","","chaotic neutral","","15","58","4","","","","Primeval Thule Campaign Setting: 226"
"a1bffaa9-aaf4-4a1c-ba3f-2c30857df62b","thule-cs.black-circle-wizard","Black Circle Wizard","12","Medium","Humanoid","Human","","chaotic neutral","","15","84","2","","","","Primeval Thule Campaign Setting: 227"
"68da7346-cfeb-44c1-bc48-032d3d3169ed","thule-cs.chosen-cultist","Chosen Cultist","3","Medium","Humanoid","Human","","chaotic neutral","","12","39","1","","","","Primeval Thule Campaign Setting: 238"
"5b20ac3f-0200-4594-ad60-322a04fb5c6b","thule-cs.crested-eagle","Crested Eagle","1","Medium","Beast","","","unaligned","","12","18","2","","","","Primeval Thule Campaign Setting: 220"
"ea56770e-b167-4eec-9ac5-e1cb24b7a13d","thule-cs.cult-priest","Cult Priest","7","Medium","Humanoid","Human","","chaotic neutral","","17","76","2","","","","Primeval Thule Campaign Setting: 239"
"109195a8-ae98-4586-8938-1d6126a9fb6e","thule-cs.dark-servant-of-carcosa","Dark Servant of Carcosa","11","Huge","Aberration","Extraterrene","","neutral evil","","11","189","1","","","","Primeval Thule Campaign Setting: 243"
"f7a7e0ac-02b1-444a-bf6e-5e22e3996906","thule-cs.deep-one-halfbreed","Deep One Halfbreed","3","Medium","Aberration","","","neutral evil","","16","60","1","","","","Primeval Thule Campaign Setting: 239"
"1192d10f-9d8c-4c6c-8b3f-df8b9773107b","thule-cs.dhuoth-giver-of-eyes","Dhuoth, Giver of Eyes","24","Gargantuan","Plant","Extraterrene","","chaotic evil","","20","390","0","","legendary","unique","Primeval Thule Campaign Setting: 248"
"37637f87-094e-4630-bf2d-877c5d42f350","thule-cs.fang-guard","Fang Guard","5","Medium","Monstrosity","Serpentman","","neutral evil","","15","91","4","","","","Primeval Thule Campaign Setting: 236"
"42e76b99-6891-4a05-9050-c855ca2b8ec1","thule-cs.frost-corpse","Frost Corpse","8","Medium","Undead","","","neutral evil","","17","76","2","","","","Primeval Thule Campaign Setting: 230"
"c65eb920-ad38-416b-949f-2e9639f764f7","thule-cs.giant-viper","Giant Viper","6","Huge","Beast","","","unaligned","","13","115","2","","","","Primeval Thule Campaign Setting: 221"
"bc609213-a5b9-4d58-bbd6-8b8aec4323c8","thule-cs.gnoph-keh-of-serex","Gnoph-Keh of Serex","10","Large","Monstrosity","Extraterrene","","chaotic evil","","13","133","1","","","","Primeval Thule Campaign Setting: 244"
"b2d31698-c47d-4330-a1b4-b36e58c061bc","thule-cs.kelauklyth","Kelauklyth","1","Medium","Humanoid","Human","","chaotic evil","","12","22","2","","","unique","Primeval Thule Campaign Setting: 252"
"e5a27b73-6905-4367-a2a3-109c1d480732","thule-cs.lorthnuun-of-the-golden-chalice","Lorthnu'un of the Golden Chalice","22","Huge","Aberration","Extraterrene","","chaotic evil","","18","348","1","","legendary","unique","Primeval Thule Campaign Setting: 250"
"90a561bd-512e-486d-a146-3dad6ae2ef59","thule-cs.mador-kheb-priest-of-set","Mador Kheb, Priest of Set","2","Medium","Humanoid","Human","","lawful evil","","14","32","0","","","unique","Primeval Thule Campaign Setting: 253"
"65b39c43-194e-4ecc-ab80-19ef9bc0dc18","thule-cs.mi-go-starcrown","Mi-Go, Starcrown","6","Medium","Plant","Extraterrene","","neutral evil","","17","85","4","","","","Primeval Thule Campaign Setting: 244"
"00ba1c71-e904-4503-b1cb-56ce666a13e0","thule-cs.moon-beast","Moon-Beast","8","Large","Aberration","Extraterrene","","chaotic evil","","16","126","0","","","","Primeval Thule Campaign Setting: 245"
"5b2de87c-1522-4dd3-a583-37bbb816c105","thule-cs.mosasaur","Mosasaur","7","Huge","Beast","","","unaligned","","13","145","0","","","","Primeval Thule Campaign Setting: 221"
"84ae5fcf-674c-4bf8-b943-5e33b972a396","thule-cs.nephys","Nephys","8","Medium","Humanoid","Half-elf","","lawful evil","","17","76","2","","","unique","Primeval Thule Campaign Setting: 254"
"742e6ccb-1cd1-4be5-b1fe-7ec41ccf28a9","thule-cs.nessk-champion","Nessk Champion","7","Large","Monstrosity","Serpentman","","neutral evil","","17","126","2","","","","Primeval Thule Campaign Setting: 236"
"677dc348-edfd-4a53-80e4-e01df1621c08","thule-cs.nessk-charmer","Nessk Charmer","9","Medium","Monstrosity","Serpentman","","neutral evil","","19","102","3","","","","Primeval Thule Campaign Setting: 237"
"a0e3b279-b1a2-440b-85fb-7e7e7b57b491","thule-cs.nightgaunt-khoori","Nightgaunt, Khoori","4","Medium","Monstrosity","Extraterrene","","chaotic neutral","","16","60","3","","","","Primeval Thule Campaign Setting: 246"
"123ae354-398e-424f-9d34-83aea2bde199","thule-cs.phoori-beastmaster","Phoori Beastmaster","3","Medium","Humanoid","Human","","chaotic evil","","14","52","3","","","","Primeval Thule Campaign Setting: 232"
"2ecb6237-f292-4da1-9bf3-764d95163237","thule-cs.phoori-dark-shaman","Phoori Dark Shaman","6","Medium","Humanoid","Human","","chaotic evil","","16","65","1","","","","Primeval Thule Campaign Setting: 233"
"9086a812-5ea0-499b-a788-53ae04f74e05","thule-cs.phoori-death-adder","Phoori Death Adder","4","Medium","Humanoid","Human","","chaotic evil","","14","58","3","","","","Primeval Thule Campaign Setting: 232"
"544831b9-2060-458d-aa18-c087437d8e73","thule-cs.plague-nomad","Plague Nomad","4","Medium","Humanoid","Extraterrene","","chaotic evil","","11","75","1","","","","Primeval Thule Campaign Setting: 249"
"4ca2cd2d-b92f-43a6-855a-6f8ace88ee53","thule-cs.polar-eidolon","Polar Eidolon","14","Huge","Elemental","","","neutral evil","","20","250","4","","","","Primeval Thule Campaign Setting: 231"
"68b14ddd-d03b-4bdf-9ce3-d01f0d447dc2","thule-cs.rakshasa-honor-guard","Rakshasa Honor Guard","8","Medium","Fiend","","","neutral evil","","18","76","2","","","","Primeval Thule Campaign Setting: 234"
"0fa5f768-2bb0-4610-96e9-86c9a34dc1be","thule-cs.rakshasa-infiltrator","Rakshasa Infiltrator","10","Medium","Fiend","","","neutral evil","","19","93","5","","","","Primeval Thule Campaign Setting: 234"
"6d34402b-7585-4e42-88e9-5b4d264b4464","thule-cs.rakshasa-raja","Rakshasa Raja","12","Medium","Fiend","","","neutral evil","","19","102","4","","","","Primeval Thule Campaign Setting: 235"
"a44a009c-9cbc-49ad-b71a-8097deb66900","thule-cs.rakshasa-swordspirit","Rakshasa Swordspirit","2","Medium","Fiend","","","neutral evil","","13","27","4","","","","Primeval Thule Campaign Setting: 235"
"5c731d9a-6e8a-4109-b5db-5695fce83754","thule-cs.ruuk-nath","Ruuk Nath","7","Medium","Humanoid","Human","","chaotic neutral","","15","157","3","","","unique","Primeval Thule Campaign Setting: 255"
"3bd49b24-5cc9-46d3-9236-5a5f5de5f91e","thule-cs.saber-tooth-cat","Saber-Tooth Cat","4","Large","Beast","","","unaligned","","12","76","2","","","","Primeval Thule Campaign Setting: 222"
"26a646b8-778e-4fda-97ec-4d89918bfbb6","thule-cs.seven-knives-darkblade","Seven Knives Darkblade","3","Medium","Humanoid","Human","","neutral evil","","16","66","4","","","","Primeval Thule Campaign Setting: 241"
"290e225c-8c6f-47eb-bbfa-a0714602c307","thule-cs.seven-knives-enforcer","Seven Knives Enforcer","1","Medium","Humanoid","Human","","neutral evil","","15","27","3","","","","Primeval Thule Campaign Setting: 240"
"7f514635-f1a3-48e9-9113-8123bb65a330","thule-cs.seven-knives-thug","Seven Knives Thug","1/4","Medium","Humanoid","Human","","neutral evil","","13","16","2","","","","Primeval Thule Campaign Setting: 240"
"220a3d06-2097-4406-982b-b1335510694a","thule-cs.shoggoth","Shoggoth","17","Gargantuan","Ooze","Extraterrene","","chaotic evil","","8","280","-2","","","","Primeval Thule Campaign Setting: 246"
"a9d19ad9-1422-4352-9be4-6f854ac116fb","thule-cs.short-faced-bear","Short-Faced Bear","5","Large","Beast","","","unaligned","","12","95","1","","","","Primeval Thule Campaign Setting: 222"
"1e6f0d8b-a6f7-4fe5-b3ad-b642df2838a2","thule-cs.slave-of-the-chalice","Slave of the Chalice","6","Medium","Humanoid","Troglodyte","","chaotic evil","","14","90","0","","","","Primeval Thule Campaign Setting: 251"
"96d32e9c-bd4c-41fd-854e-4a0621a72c30","thule-cs.star-thing-of-nheb","Star-Thing of Nheb","9","Large","Aberration","Extraterrene","","neutral evil","","17","133","0","","","","Primeval Thule Campaign Setting: 247"
"b2b24fcc-f0f4-4797-a868-4ee55e73aa8e","thule-cs.temple-guard-of-set","Temple Guard of Set","1/4","Medium","Humanoid","Human","","lawful evil","","13","16","1","","","","Primeval Thule Campaign Setting: 253"
"0b996fb5-45ff-4987-9d42-f335afd254a9","thule-cs.the-fourth-knife","The Fourth Knife","5","Medium","Humanoid","Human","","neutral evil","","17","78","4","","","","Primeval Thule Campaign Setting: 241"
"575568dd-1e67-4784-99f6-907680c10ba3","thule-cs.the-kelauble","The Kelauble","1","Small","Aberration","","","chaotic neutral","","17","22","3","","","","Primeval Thule Campaign Setting: 252"
"fdeb4efb-ee1e-41ae-96e5-1a769b5bf24f","thule-cs.thulean-cyclops","Thulean Cyclops","10","Large","Giant","","","neutral evil","","15","142","1","","","","Primeval Thule Campaign Setting: 228"
"baec7ee0-da28-4970-96a0-fff6691b97ca","thule-cs.thulean-dragon","Thulean Dragon","13","Huge","Dragon","","","neutral evil","","17","195","0","","","","Primeval Thule Campaign Setting: 229"
"25194f7f-ec20-4eb9-bd83-b2fa498c42fa","thule-cs.thulean-elk","Thulean Elk","3","Large","Beast","","","unaligned","","12","51","2","","","","Primeval Thule Campaign Setting: 223"
"b4b35e33-1234-47b7-8ce8-c9262eec8b0d","thule-cs.thulean-musk-ox","Thulean Musk Ox","2","Large","Beast","","","unaligned","","11","42","-1","","","","Primeval Thule Campaign Setting: 223"
"baddf11a-ca9a-4fb7-9a79-72b16173b5eb","thule-cs.winged-ape","Winged Ape","5","Large","Monstrosity","","","chaotic evil","","14","95","2","","","","Primeval Thule Campaign Setting: 242"
"95c8a285-abf6-41aa-b3b4-9b0d8d3f2904","thule-gm.bronze-lion","Bronze Lion","5","Medium","Humanoid","Human","The Pride of Nergal","neutral","","20","91","2","","","","Primeval Thule Gamemaster's Companion: 18"
"fe27811d-000f-4462-8e63-157770fbb5b5","thule-gm.dream-seeker-of-yga-ygo","Dream-Seeker of Yga-Ygo","3","Small","Humanoid","Human","","neutral evil","","14","44","2","","","","Primeval Thule Gamemaster's Companion: 23"
"303eb3ae-2872-4b77-b496-bb3a52762811","thule-gm.lioness-of-nergal","Lioness of Nergal","6","Medium","Humanoid","Human","The Pride of Nergal","neutral","","12","67","2","","","","Primeval Thule Gamemaster's Companion: 19"
"1783dc58-0a43-4c52-9fbb-66a0c35a446e","thule-gm.pale-hand-reaver","Pale Hand Reaver","10","Medium","Humanoid","Human","The Pale Hand","lawful evil","","16","127","1","","","","Primeval Thule Gamemaster's Companion: 16"
"3e067b55-bd1a-425e-aae0-a0adbb1c145b","thule-gm.prince-of-the-pale-hand","Prince of the Pale Hand","13","Medium","Humanoid","Human","The Pale Hand","lawful evil","","15","127","2","","","","Primeval Thule Gamemaster's Companion: 17"
"00016fd0-4f98-4eea-90cd-7c9461376e05","thule-gm.red-chimera","Red Chimera","7","Medium","Humanoid","Human","The Pride of Nergal","neutral","","14","112","2","","","","Primeval Thule Gamemaster's Companion: 19"
"815fb4dd-ac17-439d-9153-9119ba7f68f5","thule-gm.scorpion-helot","Scorpion Helot","3","Medium","Humanoid","Human","The Pride of Nergal","neutral","","15","55","3","","","","Primeval Thule Gamemaster's Companion: 18"
"6de43730-b5a7-4f0a-aa92-d94a94c28741","thule-gm.sword-weird","Sword Weird","9","Large","Elemental","","The Pale Hand","neutral evil","","14","119","4","","","","Primeval Thule Gamemaster's Companion: 17"
"fd8abecd-454d-4585-ba60-d7dd7ac54cb3","thule-gm.tcho-tcho-cannibal","Tcho-Tcho Cannibal","1/2","Small","Humanoid","Human","Tcho-Tcho","chaotic evil","","15","22","3","","","","Primeval Thule Gamemaster's Companion: 20"
"f5813b49-1665-456d-827d-6edb80d75c72","thule-gm.tcho-tcho-lama","Tcho-Tcho Lama","4","Small","Humanoid","Human","Tcho-Tcho","chaotic evil","","16","49","2","","","","Primeval Thule Gamemaster's Companion: 21"
"f8b7fbc4-42ed-4647-94f2-8977d23a26bb","thule-gm.tcho-tcho-watcher","Tcho-Tcho Watcher","3","Small","Humanoid","Human","Tcho-Tcho","chaotic evil","","15","52","3","","","","Primeval Thule Gamemaster's Companion: 21"
"3aa474b6-f6b6-429f-bc2a-76fbfa3d76bd","thule-gm.thulean-chimera","Thulean Chimera","7","Large","Monstrosity","","","chaotic evil","","15","123","2","","","","Primeval Thule Gamemaster's Companion: 14"
"bb4350a6-9d82-4ae2-b722-04847b465f61","thule-gm.thulean-manticore","Thulean Manticore","9","Large","Monstrosity","","","neutral evil","","17","152","4","","","","Primeval Thule Gamemaster's Companion: 15"
"73b97ac0-db84-4d2a-b426-958a0b74166e","thule-gm.yga-ygo-the-dweller-in-dreams","Yga-Ygo, The Dweller in Dreams","23","Huge","Aberration","Extraterrene","","neutral evil","","19","287","7","","","unique","Primeval Thule Gamemaster's Companion: 22"
"1a633d85-3731-4a4d-8c9e-a536d9adfad6","tob.abominable-beauty","Abominable Beauty","11","Medium","Fey","","","neutral evil","","18","187","4","","","","Tome of Beasts: 11"
"3c3d5ba0-b614-4566-aaaa-95fc0c8d961f","tob.accursed-defiler","Accursed Defiler","4","Medium","Undead","","","neutral evil","desert","12","75","2","","","","Tome of Beasts: 12"
"40aded6f-4cd4-4a24-969e-7d68648e9ac2","tob.adult-cave-dragon","Adult Cave Dragon","16","Huge","Dragon","","Dragons","neutral evil","underground","18","243","1","lair","legendary","","Tome of Beasts: 125"
"8e7c88ec-81bf-4a79-be26-7012eb81390a","tob.adult-flame-dragon","Adult Flame Dragon","16","Huge","Dragon","","Dragons","chaotic evil","mountain, underground","19","212","2","lair","legendary","","Tome of Beasts: 129"
"77fb4076-f427-492c-8d0a-526481be91f2","tob.adult-mithral-dragon","Adult Mithral Dragon","14","Huge","Dragon","","Dragons","neutral","mountain","18","184","4","","legendary","","Tome of Beasts: 133"
"3d8c76b6-2199-48bf-a552-e9121ba55236","tob.adult-rime-worm","Adult Rime Worm","6","Large","Elemental","","","neutral","","15","105","2","","","","Tome of Beasts: 327"
"44f93eee-8261-4407-b407-0abd856def1c","tob.adult-sea-dragon","Adult Sea Dragon","16","Huge","Dragon","","Dragons","neutral evil","aquatic","19","225","0","lair","legendary","","Tome of Beasts: 135"
"6b0abf48-3dc7-4b64-8639-40e43d15fb88","tob.adult-void-dragon","Adult Void Dragon","14","Huge","Dragon","","Dragons","chaotic neutral","desert, mountain","19","229","0","lair","legendary","","Tome of Beasts: 139"
"654e6a8e-ffdf-4f4c-9eaa-5ced89556dc3","tob.adult-wind-dragon","Adult Wind Dragon","17","Huge","Dragon","","Dragons","chaotic neutral","grassland, mountain","19","237","4","lair","legendary","","Tome of Beasts: 143"
"85acd254-e004-4c15-91b3-990d1880575d","tob.akyishigal-demon-lord-of-cockroaches","Akyishigal, Demon Lord of Cockroaches","12","Large","Fiend","Demon","Demon Lords","chaotic evil","","18","138","3","","legendary","unique","Tome of Beasts: 82"
"435835c6-f0b4-4d77-a235-c14f51f5b34b","tob.al-aeshma","Al-Aeshma","9","Large","Elemental","","Genies","chaotic evil","","17","172","2","","","","Tome of Beasts: 211"
"3ce5021d-916a-443d-a310-c41dfd8a3580","tob.ala","Ala","8","Medium","Fey","","","chaotic evil","","17","127","3","","","","Tome of Beasts: 13"
"9dcf1a47-aeca-4fa1-b998-ef708761952d","tob.alehouse-drake","Alehouse Drake","1/2","Tiny","Dragon","","","chaotic neutral","urban","13","65","3","","","","Tome of Beasts: 148"
"1e860d7b-4e49-4f53-81e0-7dba9c83555b","tob.algorith","Algorith","10","Medium","Construct","","","lawful neutral","","18","136","2","","","","Tome of Beasts: 14"
"6618d8f9-4006-4a59-8519-db3fbd103d3a","tob.alquam-demon-lord-of-night","Alquam, Demon Lord of Night","21","Huge","Fiend","Demon","Demon Lords","chaotic evil","","20","350","4","lair","legendary","unique","Tome of Beasts: 84"
"c642e6fe-042c-4286-b0f9-b150b31bc284","tob.alseid","Alseid","1/2","Medium","Monstrosity","","","chaotic neutral","forest","14","49","3","","","","Tome of Beasts: 15"
"ced91f29-a25f-4964-838e-a870b9997862","tob.alseid-grovekeeper","Alseid Grovekeeper","3","Medium","Monstrosity","","","chaotic neutral","forest","15","71","3","","","","Tome of Beasts: 15"
"90ff1f35-d729-4844-abed-fd54471d6e8c","tob.amphiptere","Amphiptere","3","Medium","Beast","","","unaligned","forest","15","60","4","","","","Tome of Beasts: 16"
"9bf4904d-c617-4523-9628-464d8c5179d1","tob.ancient-flame-dragon","Ancient Flame Dragon","24","Gargantuan","Dragon","","Dragons","chaotic evil","mountain, underground","22","481","2","lair","legendary","","Tome of Beasts: 128"
"b661391a-b533-48f0-9147-bf0c9f648244","tob.ancient-mithral-dragon","Ancient Mithral Dragon","18","Gargantuan","Dragon","","Dragons","neutral","mountain","20","297","3","","legendary","","Tome of Beasts: 132"
"baa33773-4a28-4fb3-b676-28e91ff82180","tob.ancient-sea-dragon","Ancient Sea Dragon","22","Gargantuan","Dragon","","Dragons","neutral evil","aquatic","22","481","0","lair","legendary","","Tome of Beasts: 135"
"3bc2512e-6c39-4888-9d23-c70434622b9c","tob.ancient-titan","Ancient Titan","12","Gargantuan","Celestial","Titan","","neutral good","","15","198","1","","","","Tome of Beasts: 380"
"1d027163-d5ff-41a6-be7c-c1459ceb1832","tob.ancient-void-dragon","Ancient Void Dragon","24","Gargantuan","Dragon","","Dragons","chaotic neutral","desert, mountain","22","448","0","lair","legendary","","Tome of Beasts: 138"
"4fe57631-65e5-4584-b195-534c717098f8","tob.ancient-wind-dragon","Ancient Wind Dragon","22","Gargantuan","Dragon","","Dragons","chaotic neutral","grassland, mountain","20","425","4","lair","legendary","","Tome of Beasts: 142"
"b2434c8b-600d-47ed-b3cd-4cc60718aa3f","tob.andrenjinyi","Andrenjinyi","15","Gargantuan","Celestial","","","neutral","","18","228","3","","","","Tome of Beasts: 17"
"d50661d0-ae1e-424e-a25e-6431db6bc3cf","tob.angatra","Angatra","6","Medium","Undead","","","neutral evil","forest","17","85","5","","","","Tome of Beasts: 19"
"7c81fe4e-ee03-46a9-92f4-51beef2e627f","tob.angler-worm","Angler Worm","4","Huge","Monstrosity","","","unaligned","underground","14","133","-3","","","","Tome of Beasts: 22"
"e9e27407-0f34-477c-bf29-5b467dd8688d","tob.anubian","Anubian","2","Medium","Elemental","","","chaotic evil","","13","44","3","","","","Tome of Beasts: 24"
"8d774866-4341-42c4-8679-b24b59fc6f5b","tob.apau-perape","Apau Perape","6","Large","Fiend","Demon","Demons","chaotic evil","","16","95","4","","","","Tome of Beasts: 75"
"d09d224e-f273-43b6-8d15-d7d302d859f0","tob.arbeyach","Arbeyach","21","Large","Fiend","Devil","Arch-Devils","lawful evil","","17","275","5","","legendary","unique","Tome of Beasts: 95"
"0d31b96c-68c9-467c-b193-24ab298f9301","tob.arboreal-grappler","Arboreal Grappler","3","Medium","Aberration","","","neutral evil","forest","14","90","3","","","","Tome of Beasts: 25"
"bf8bbb5c-8f14-465c-86c5-db96d697f4c2","tob.arcane-guardian","Arcane Guardian","8","Medium","Undead","","","neutral evil","","14","110","4","","","","Tome of Beasts: 358"
"5ebbc6d7-8854-4aa6-8aee-7ee021327a25","tob.aridni","Aridni","5","Small","Fey","","","neutral evil","","15","82","5","","","","Tome of Beasts: 26"
"98620d9d-449e-4459-ab8b-328aeec551a7","tob.asanbosam","Asanbosam","5","Large","Aberration","","","chaotic evil","forest","14","102","1","","","","Tome of Beasts: 27"
"cc506bd5-3b36-49d7-8b21-37d663cfad08","tob.ash-drake","Ash Drake","4","Small","Dragon","","","neutral evil","mountain, urban","16","117","2","","","","Tome of Beasts: 149"
"4f7e3706-2145-47d5-8367-6ba0381fd997","tob.automata-devil","Automata Devil","10","Large","Fiend","Devil","Devils","lawful evil","","17","168","3","","","","Tome of Beasts: 102"
"b1a5f8d4-b1c1-4f4b-8079-3124445f3d56","tob.azza-gremlin","Azza Gremlin","1/4","Small","Fey","","","neutral","mountain, urban","14","7","4","","","","Tome of Beasts: 28"
"267e5321-57ba-4bef-880e-95b1fadcaf2f","tob.baba-yagas-horsemen","Baba Yagas Horsemen","11","Medium","Fey","","","lawful neutral","","20","171","0","","","","Tome of Beasts: 29"
"9024f9d0-bab8-4d68-8414-62550e8f2171","tob.bagiennik","Bagiennik","3","Medium","Aberration","","","chaotic neutral","forest, swamp","15","75","4","","","","Tome of Beasts: 31"
"38f5ce44-3fb7-4a8d-9901-1f95cdb4fbde","tob.bandit-lord","Bandit Lord","4","Medium","Humanoid","any","Villain Codex","non-lawful","","16","91","2","","","","Tome of Beasts: 418"
"b28a0279-4cc4-4cec-a11a-4dc9afb93e55","tob.bastet-temple-cat","Bastet Temple Cat","1","Small","Monstrosity","","","chaotic neutral","urban","14","40","4","","","","Tome of Beasts: 32"
"f5c3f40a-d646-4ea4-b3f0-b0e7330ac189","tob.bear-king","Bear King","12","Medium","Fey","Shapechanger","Fey Lords and Ladies","lawful neutral","forest, grassland","18","133","0","lair","legendary","unique","Tome of Beasts: 186"
"13ccff69-326d-4414-984b-a7e5407eb71b","tob.bearfolk","Bearfolk","3","Medium","Humanoid","Bearfolk","","chaotic good","forest","14","45","2","","","","Tome of Beasts: 33"
"64722438-83d8-4323-ab65-a72eb2c28b8f","tob.beggar-ghoul","Beggar Ghoul","1/2","Medium","Undead","","Ghouls","chaotic evil","underground, urban","12","13","2","","","","Tome of Beasts: 213"
"d4d6352d-b990-4c99-9f9d-ab5c5ba159a4","tob.behtu","Behtu","2","Small","Humanoid","","","chaotic evil","forest","14","52","3","","","","Tome of Beasts: 34"
"e301d09b-5c14-45cc-bc8c-c3a2489095b8","tob.beli","Beli","2","Small","Fey","","","neutral evil","","15","45","3","","","","Tome of Beasts: 35"
"9c8588ee-09b7-44fa-b772-2ea263f28e6c","tob.bereginyas","Bereginyas","4","Tiny","Fey","","","neutral evil","mountain","15","70","5","","","","Tome of Beasts: 36"
"b1d88741-cd79-4752-bb6f-1ef696b7a9a4","tob.berstuc","Berstuc","11","Large","Fiend","Demon","Demons","chaotic evil","","18","157","0","","","","Tome of Beasts: 76"
"1c0e1fa1-2fa8-4885-a976-b46ad9bbb130","tob.black-knight-commander","Black Knight Commander","5","Medium","Humanoid","any","Villain Codex","lawful evil","","18","78","0","","","","Tome of Beasts: 418"
"af3a3b15-91d9-464d-85d7-abf95204a27a","tob.blemmyes","Blemmyes","8","Large","Monstrosity","","","chaotic evil","grassland, mountain","15","168","1","","","","Tome of Beasts: 37"
"4e484541-a397-48ef-a75d-42b63cdebf39","tob.blood-hag","Blood Hag","11","Medium","Fey","","Hags","chaotic evil","","16","178","3","","","","Tome of Beasts: 242"
"f36499ae-b897-427c-87b5-c60d63c9f68b","tob.boloti","Boloti","1","Tiny","Fey","","","neutral evil","swamp","15","63","5","","","","Tome of Beasts: 38"
"5b6e8646-2883-4816-b406-6ffb609d3a48","tob.bone-collective","Bone Collective","8","Small","Undead","","","chaotic evil","","17","120","5","","","","Tome of Beasts: 39"
"f28d1e74-980d-4ef1-912a-68e23b3bbe95","tob.bone-crab","Bone Crab","1/2","Small","Beast","","","neutral","aquatic, coast","13","33","2","","","","Tome of Beasts: 40"
"cdf3875f-178a-4a99-bcb5-15fabc681244","tob.bone-swarm","Bone Swarm","10","Large","Undead","Swarm","","chaotic evil","","17","198","4","","","","Tome of Beasts: 41"
"996fbcb6-dabd-4971-a5f9-6486169578a8","tob.bonepowder-ghoul","Bonepowder Ghoul","12","Small","Undead","","Ghouls","neutral evil","underground","18","195","5","","","","Tome of Beasts: 214"
"12a75eb1-cddd-4af7-9afd-94d639bc40e1","tob.boreas","Boreas","17","Medium","Elemental","","","chaotic evil","","20","168","6","","legendary","unique","Tome of Beasts: 42"
"83d71bdd-22d2-4206-8e5d-c6009f6d31ff","tob.bouda","Bouda","5","Medium","Fiend","Shapechanger","","neutral evil","","15","93","2","","","","Tome of Beasts: 44"
"d32bb8f5-ec73-4b91-a5f6-266466720410","tob.broodiken","Broodiken","1","Tiny","Construct","","","neutral","","13","55","2","","","","Tome of Beasts: 45"
"9f5ab0a9-5c7c-4e6c-a26f-dc00b32c4523","tob.bucca","Bucca","1/2","Tiny","Fey","","","neutral evil","","14","27","3","","","","Tome of Beasts: 46"
"4184047d-c775-4d83-8577-cac0bffa6a1c","tob.bukavac","Bukavac","9","Large","Monstrosity","","","neutral evil","forest, swamp","16","199","3","","","","Tome of Beasts: 47"
"54c396e9-6b6d-4463-bf45-2e83a01e4ef5","tob.buraq","Buraq","11","Medium","Celestial","","","lawful good","","17","152","4","","","","Tome of Beasts: 48"
"89f9f934-37cb-40f2-b3c1-188df4a4a08e","tob.burrowling","Burrowling","1/2","Small","Humanoid","Burrowling","","lawful neutral","grassland","13","27","3","","","","Tome of Beasts: 49"
"674fd6b5-592f-4717-9b03-177c1cf4f5bf","tob.cactid","Cactid","3","Large","Plant","","","unaligned","desert","14","76","-1","","","","Tome of Beasts: 50"
"4b6e0da3-3261-4d4e-a3c7-8873d4479070","tob.camazotz-demon-lord-of-bats-and-fire","Camazotz, Demon Lord of Bats and Fire","22","Large","Fiend","Demon, Shapechanger","Demon Lords","chaotic evil","","19","537","6","","legendary","unique","Tome of Beasts: 85"
"e6f3dd42-c20b-495d-a760-a6f4d8505e99","tob.cambium","Cambium","14","Large","Fiend","","","neutral evil","underground, urban","19","264","3","","","","Tome of Beasts: 51"
"b1c14b61-f2db-475c-b900-4d2ccc2a8fc1","tob.carrion-beetle","Carrion Beetle","4","Large","Beast","","","neutral","","15","127","1","","","","Tome of Beasts: 52"
"307aaf51-a949-4afd-909d-d6c31680802b","tob.cave-dragon-wyrmling","Cave Dragon Wyrmling","2","Medium","Dragon","","Dragons","neutral evil","underground","16","75","1","","","","Tome of Beasts: 127"
"0a40557f-8f49-47c7-823b-139cd49a4d2f","tob.cavelight-moss","Cavelight Moss","4","Large","Plant","","","neutral","underground","15","95","0","","","","Tome of Beasts: 53"
"5ae8fdbc-34b8-4a42-b737-72b0ac88111e","tob.chained-angel","Chained Angel","8","Medium","Celestial","","","neutral evil","","16","88","3","","","","Tome of Beasts: 20"
"5cb25d80-ed86-4817-af6a-4d934b9a633b","tob.chelicerae","Chelicerae","7","Large","Aberration","","","neutral evil","desert","16","153","3","","","","Tome of Beasts: 54"
"8a8dfede-f0b5-4173-9aac-dd3bd9d08077","tob.chernomoi","Chernomoi","1","Tiny","Fey","","","neutral","urban","13","32","4","","","","Tome of Beasts: 55"
"0f659c11-520c-4ce5-a957-d2409ccac868","tob.child-of-the-briar","Child of the Briar","1","Tiny","Plant","","","neutral evil","forest","13","50","3","","","","Tome of Beasts: 56"
"991dd272-dc07-47e6-8b5f-707d1099ceee","tob.chronalmental","Chronalmental","8","Large","Elemental","","","unaligned","","17","152","5","","","","Tome of Beasts: 57"
"4faaaab2-447c-4fe1-a1b5-fc5487e4311f","tob.cikavak","Cikavak","1/8","Tiny","Fey","","","neutral","","12","17","2","","","","Tome of Beasts: 58"
"9a2cd6b4-c9e9-45d8-9ace-7e6106ec823a","tob.city-watch-captain","City Watch Captain","4","Medium","Humanoid","any","Villain Codex","lawful neutral","urban","17","91","3","","","","Tome of Beasts: 419"
"4af41011-a054-40e9-aae0-827aa8a7a198","tob.clockwork-abomination","Clockwork Abomination","5","Large","Construct","Devil","","lawful evil","","16","76","1","","","","Tome of Beasts: 59"
"7ba732bf-d9ba-44e3-9ac7-db55bb55c17b","tob.clockwork-beetle","Clockwork Beetle","1/2","Tiny","Construct","","","unaligned","","14","15","3","","","","Tome of Beasts: 60"
"c96276b1-d369-46d8-bf47-a18e630e4623","tob.clockwork-beetle-swarm","Clockwork Beetle Swarm","3","Large","Construct","Swarm","","neutral","","14","52","3","","","","Tome of Beasts: 61"
"69b8876f-11e3-4ff6-8c14-c7a238a1b3a5","tob.clockwork-hound","Clockwork Hound","2","Medium","Construct","","","unaligned","forest, urban","12","71","2","","","","Tome of Beasts: 62"
"8aa5470b-b117-4f0f-bda0-a1049f445268","tob.clockwork-huntsman","Clockwork Huntsman","3","Medium","Construct","","","unaligned","forest, urban","14","110","2","","","","Tome of Beasts: 63"
"bb046b76-72f1-4277-940e-2dbb87d73073","tob.clockwork-myrmidon","Clockwork Myrmidon","6","Large","Construct","","","unaligned","forest, grassland, urban","16","153","2","","","","Tome of Beasts: 64"
"1cd6c9c3-ddb4-4f51-ada9-479ed2751c23","tob.clockwork-watchman","Clockwork Watchman","1/2","Medium","Construct","","","unaligned","urban","14","55","1","","","","Tome of Beasts: 65"
"d80c84ff-8bce-40e8-b7a1-035b2cded742","tob.clockwork-weaving-spider","Clockwork Weaving Spider","1","Tiny","Construct","","","unaligned","urban","15","25","3","","","","Tome of Beasts: 66"
"c8ba631f-38db-4bf3-9188-d35cedc3fee5","tob.clurichaun","Clurichaun","1/4","Tiny","Fey","","","chaotic neutral","urban","14","22","1","","","","Tome of Beasts: 67"
"da9a6770-9136-427d-afe6-6edcefe41b17","tob.cobbleswarm","Cobbleswarm","2","Medium","Monstrosity","Swarm","","unaligned","underground, urban","15","36","0","","","","Tome of Beasts: 68"
"40d36b04-a33c-4b9a-84ed-a4506de964ad","tob.cohort-devil","Cohort Devil","12","Medium","Fiend","Devil","Devils","lawful evil","","18","187","5","","","","Tome of Beasts: 104"
"401ae8c3-edcb-4906-a9df-acbc204106fa","tob.coral-drake","Coral Drake","7","Medium","Dragon","","","neutral evil","aquatic","16","127","3","","","","Tome of Beasts: 150"
"5df42798-f133-4df3-aea6-e249eed5f49d","tob.corpse-mound","Corpse Mound","11","Huge","Undead","","","neutral evil","","16","207","0","","","","Tome of Beasts: 69"
"a2055eff-9709-4d7f-a85d-5f209651d06e","tob.corrupted-ogre-chieftain","Corrupted Ogre Chieftain","6","Large","Giant","","Villain Codex","chaotic evil","desert, grassland, underground","17","127","-1","","","","Tome of Beasts: 423"
"a08589b8-7cdf-4c7b-9a9f-148ddad36d2e","tob.corrupting-ooze","Corrupting Ooze","5","Large","Ooze","","","neutral evil","","12","115","0","","","","Tome of Beasts: 311"
"2a77207b-389f-4b54-a22d-821e367a25c7","tob.crimson-drake","Crimson Drake","1","Tiny","Dragon","","","chaotic evil","forest","14","54","2","","","","Tome of Beasts: 151"
"b46b05ee-656f-4588-b0a0-68322c3f8116","tob.crystalline-devil","Crystalline Devil","6","Medium","Fiend","Devil","Devils","lawful evil","underground, urban","15","102","1","","","","Tome of Beasts: 105"
"df165796-ec47-44f5-82ef-f7826ea7558f","tob.darakhul","Darakhul","3","Medium","Undead","","Ghouls","neutral evil","underground","16","78","3","","","","Tome of Beasts: 216"
"a8b87110-5394-4035-b4fb-27671b127a7d","tob.dau","Dau","4","Small","Fey","","","chaotic neutral","desert","13","49","3","","","","Tome of Beasts: 70"
"5d7b51f8-f1dc-4e42-a469-c44e38be0996","tob.death-butterfly-swarm","Death Butterfly Swarm","4","Large","Beast","Swarm","","chaotic evil","forest, grassland","15","60","1","","","","Tome of Beasts: 71"
"59ebdf97-4b28-478d-a8ee-fd1de8082513","tob.deathcap-myconid","Deathcap Myconid","4","Medium","Plant","","","neutral evil","forest, underground","15","90","0","","","","Tome of Beasts: 300"
"9bfde490-5c91-4097-a6b0-b63427b1ab0a","tob.deathwisp","Deathwisp","7","Medium","Undead","","","neutral evil","","15","82","5","","","","Tome of Beasts: 72"
"9594c378-0403-4772-9b5b-f3d070bc7640","tob.deep-drake","Deep Drake","9","Large","Dragon","","","chaotic evil","underground","17","150","4","","","","Tome of Beasts: 152"
"c2c6bb2e-0372-42a9-a91d-a97b604f4ba2","tob.deep-one","Deep One","2","Medium","Humanoid","Deep One","","chaotic evil","aquatic","13","91","1","","","","Tome of Beasts: 73"
"7b3d0676-429c-4e98-b1e4-2a30dc4c8a35","tob.deep-one-archimandrite","Deep One Archimandrite","8","Large","Humanoid","Deep One","","chaotic evil","aquatic","15","153","2","","","","Tome of Beasts: 74"
"8ca21423-f105-4240-9f58-8073e2579cdc","tob.deep-one-hybrid-priest","Deep One Hybrid Priest","4","Medium","Humanoid","Deep One","","chaotic evil","aquatic","14","120","2","","","","Tome of Beasts: 73"
"57a6a940-349f-4c1e-85af-cc68858a0a76","tob.degenerate-titan","Degenerate Titan","8","Huge","Giant","","","chaotic evil","grassland, underground","12","161","-2","","","","Tome of Beasts: 381"
"b9a861e7-02b9-4281-9703-876ee53b345d","tob.derro-fetal-savant","Derro Fetal Savant","4","Tiny","Humanoid","Derro","","chaotic evil","underground","15","2","-5","","","","Tome of Beasts: 92"
"e61dd711-d229-48d3-abe7-444efdb3f415","tob.derro-shadow-antipaladin","Derro Shadow Antipaladin","5","Small","Humanoid","Derro","","chaotic evil","underground","18","82","4","","","","Tome of Beasts: 93"
"619e4252-154d-4145-9114-1bb6bec06cb1","tob.desert-giant","Desert Giant","9","Huge","Giant","","Giants","neutral","desert","17","175","0","","","","Tome of Beasts: 222"
"7ebfa146-afba-48bb-8e52-a8f00c4c3d52","tob.devilbound-gnomish-prince","Devilbound Gnomish Prince","9","Small","Humanoid","Gnome","Villain Codex","any evil","","12","104","2","","","","Tome of Beasts: 420"
"029b2de7-9340-480f-b6af-ff0977938314","tob.dipsa","Dipsa","1/4","Tiny","Ooze","","","unaligned","swamp","15","27","3","","","","Tome of Beasts: 118"
"136623a6-3663-4fe4-b735-a76dc2555bac","tob.dissimortuum","Dissimortuum","7","Medium","Undead","","","chaotic evil","","15","112","0","","","","Tome of Beasts: 119"
"743a4dd7-3466-473a-b63a-e2a20202a911","tob.dogmole","Dogmole","1","Medium","Beast","","","neutral","forest, grassland, mountain","14","71","3","","","","Tome of Beasts: 120"
"1f9e3430-2364-4963-951c-293834918685","tob.dogmole-juggernaut","Dogmole Juggernaut","5","Large","Monstrosity","","","neutral","grassland, mountain, underground","15","126","2","","","","Tome of Beasts: 121"
"1a197bad-659e-46b1-a068-c8431a34b6f1","tob.domovoi","Domovoi","4","Medium","Fey","","","chaotic neutral","desert, forest","15","93","1","","","","Tome of Beasts: 122"
"4ccf6f2d-e76f-4ee6-aff2-95fbcea22886","tob.doppelrat","Doppelrat","2","Tiny","Monstrosity","","","unaligned","underground, urban","13","22","3","","","","Tome of Beasts: 123"
"9b159862-bb1d-4d99-9088-67b06781af2b","tob.dorreq","Dorreq","4","Medium","Aberration","","","neutral evil","desert","15","93","4","","","","Tome of Beasts: 124"
"75ef5141-52cd-4613-a607-8a9959900940","tob.dragon-eel","Dragon Eel","12","Huge","Dragon","","","neutral","aquatic, underground","18","230","1","","","","Tome of Beasts: 146"
"1c6b62a3-1101-4dd6-999b-3343d54f264f","tob.dragonleaf-tree","Dragonleaf Tree","8","Large","Plant","","","unaligned","forest, urban","16","152","0","","","","Tome of Beasts: 147"
"b8a31b8a-d11d-4e27-a34d-b576b27f640c","tob.drakon","Drakon","5","Large","Beast","","","unaligned","","16","105","4","","","","Tome of Beasts: 157"
"c23f0728-6994-4cc7-971e-4b5602a486c1","tob.dream-eater","Dream Eater","5","Medium","Fiend","","","lawful evil","underground, urban","15","75","4","","","","Tome of Beasts: 158"
"ed9f2396-2262-41ef-ae8c-3345b2cc33ee","tob.drowned-maiden","Drowned Maiden","5","Medium","Undead","","","neutral evil","aquatic, coast","15","90","3","","","","Tome of Beasts: 159"
"63c3f89d-8e30-4fc2-8379-3710aa667ef2","tob.duelist","Duelist","6","Medium","Humanoid","Elf","Shadow Fey","lawful evil","","17","117","5","","","","Tome of Beasts: 171"
"9ef3a0d8-e22b-4762-b00c-e9ebe0058d65","tob.dullahan","Dullahan","11","Large","Fey","","","lawful evil","","17","178","4","","","","Tome of Beasts: 161"
"55e6009c-cff8-4d2c-8501-d7cd3baf3134","tob.dune-mimic","Dune Mimic","8","Huge","Monstrosity","Shapechanger","","neutral","desert, grassland","13","168","-1","","","","Tome of Beasts: 162"
"066cca78-8b42-4915-8a64-b7e267038291","tob.duskthorn-dryad","Duskthorn Dryad","3","Medium","Fey","","","any chaotic","forest","17","77","5","","","","Tome of Beasts: 160"
"b1f85c31-e2a1-4f3e-bb85-3aab8d35c838","tob.dust-goblin","Dust Goblin","1/4","Small","Humanoid","Goblinoid","","neutral evil","desert, underground","14","5","3","","","","Tome of Beasts: 232"
"40f414ff-2834-4522-8ea2-a28512b13404","tob.dwarven-ringmage","Dwarven Ringmage","7","Medium","Humanoid","Dwarf","Villain Codex","any","","16","82","2","","","","Tome of Beasts: 420"
"7ab3b1d5-191a-4ace-8260-1a9f21d09731","tob.eala","Eala","2","Small","Monstrosity","","","unaligned","","15","40","3","","","","Tome of Beasts: 163"
"f10694f0-7524-4c57-8c58-460311054173","tob.eater-of-dust-yakat-shi","Eater of Dust (Yakat-Shi)","9","Medium","Aberration","","","neutral evil","","17","114","2","","","","Tome of Beasts: 164"
"92fac7ff-874d-44fb-88d8-40fc9da7aeaa","tob.edimmu","Edimmu","4","Medium","Undead","","","chaotic evil","desert","15","75","4","","","","Tome of Beasts: 165"
"803be8be-eeba-4268-b744-3241121b18bf","tob.eel-hound","Eel Hound","2","Medium","Fey","","","neutral","aquatic, coast","14","77","3","","","","Tome of Beasts: 166"
"0dc2c9fd-f27f-498d-8a62-170affe57912","tob.einherjar","Einherjar","7","Medium","Humanoid","Extraplanar","","chaotic neutral","","18","119","3","","","","Tome of Beasts: 167"
"19ffeed1-fdb3-4f41-921a-b5210336fc13","tob.elder-shadow-drake","Elder Shadow Drake","7","Large","Dragon","","","chaotic evil","forest","16","114","1","","","","Tome of Beasts: 153"
"b1da3df9-d072-4065-9b72-7618b1fdd63e","tob.eleinomae","Eleinomae","5","Medium","Fey","","","chaotic evil","swamp","18","112","4","","","","Tome of Beasts: 168"
"fa9f893b-ee78-4c5c-86f6-b81b8b6da480","tob.elemental-locus","Elemental Locus","17","Gargantuan","Elemental","","","neutral","","16","290","-5","","","","Tome of Beasts: 169"
"8dd4f4f3-1bb4-4fe4-bafa-4396f022ba69","tob.elvish-veteran-archer","Elvish Veteran Archer","3","Medium","Humanoid","Elf","Villain Codex","chaotic good or chaotic neutral","","15","77","3","","","","Tome of Beasts: 422"
"14030ab3-bd1e-4c69-8818-5364f467512b","tob.emerald-eye","Emerald Eye","1","Tiny","Construct","","","chaotic evil","","14","54","2","","","","Tome of Beasts: 175"
"8ecfa397-b6b0-45f6-aeb1-5ece4b72a554","tob.emerald-order-cult-leader","Emerald Order Cult Leader","8","Medium","Humanoid","any","Villain Codex","lawful neutral or lawful evil","","14","117","0","","","","Tome of Beasts: 421"
"51d1bec6-f450-47ac-b272-490908ac946c","tob.emperor-of-the-ghouls","Emperor of the Ghouls","20","Medium","Undead","","Ghouls","neutral evil","underground, urban","20","204","2","lair","legendary","unique","Tome of Beasts: 218"
"38b543df-57e6-4ace-b87a-3ec5e7c91c5f","tob.empty-cloak","Empty Cloak","1/2","Medium","Construct","","","unaligned","","13","45","2","","","","Tome of Beasts: 176"
"09284d2c-0858-4068-9c14-8f0dbf1b9e64","tob.enchantress","Enchantress","7","Medium","Humanoid","Elf","Shadow Fey","lawful evil","","16","123","2","","","","Tome of Beasts: 172"
"416dfb18-57cd-4ac0-b998-d41e07fb8be5","tob.eonic-drifter","Eonic Drifter","1","Medium","Humanoid","Human","","neutral evil","","13","65","2","","","","Tome of Beasts: 177"
"633a9e5a-2793-466f-88dd-db7cc8d6ef8e","tob.erina-defender","Erina Defender","1","Small","Humanoid","Erina","","neutral","forest, grassland","15","44","2","","","","Tome of Beasts: 178"
"e339ccf0-fe7e-4d51-b475-887daee0cfc2","tob.erina-scrounger","Erina Scrounger","1/4","Small","Humanoid","Erina","","neutral","forest, grassland","12","22","1","","","","Tome of Beasts: 178"
"fa41ee99-97f3-4a5c-b7d0-1344c1a239db","tob.eye-golem","Eye Golem","11","Large","Construct","","Golems","unaligned","","20","157","-1","","","","Tome of Beasts: 233"
"6a4bee2e-adab-4628-891c-31bc997057e8","tob.far-darrig","Far Darrig","3","Small","Fey","","","neutral","forest, grassland","14","104","3","","","","Tome of Beasts: 179"
"25dd1d23-f7bb-429d-af3a-7b495cf629b6","tob.fate-eater","Fate Eater","6","Medium","Aberration","","","neutral","","16","182","1","","","","Tome of Beasts: 180"
"dc2b965d-9806-4d19-8d6c-7f93e97d52f7","tob.fear-smith-fiarsdhe","Fear Smith (FiarsÃ­dhe)","10","Medium","Fey","","","chaotic neutral","","17","123","3","","","","Tome of Beasts: 181"
"f85b099e-aa81-4c1d-a348-fadb42c0cf1f","tob.fellforged","Fellforged","5","Medium","Construct","","","lawful evil","","15","135","1","","","","Tome of Beasts: 182"
"48d45583-8e9f-44cd-9111-d42d8ba9db77","tob.fext","Fext","6","Medium","Undead","","","any","","17","60","3","","","","Tome of Beasts: 183"
"ca404e71-3c35-4ab8-b178-1caaede06b96","tob.feyward-tree","Feyward Tree","8","Huge","Construct","","","unaligned","","17","94","0","","","","Tome of Beasts: 200"
"e4b1e894-6d70-43bb-afe7-8f51cd8a69a8","tob.fidele","Fidele","5","Medium","Celestial","Shapechanger","","lawful good","","16","104","4","","","","Tome of Beasts: 21"
"52464dd2-1828-480e-b03c-a07a5dc04900","tob.fire-dancer-swarm","Fire Dancer Swarm","7","Medium","Elemental","Swarm","","neutral evil","","15","90","5","","","","Tome of Beasts: 373"
"efbc9c05-e8ec-4bee-8ead-84b9e733ac7e","tob.firebird","Firebird","4","Small","Celestial","","","neutral good","","16","99","4","","","","Tome of Beasts: 201"
"e2de0148-1043-4af9-91dc-856deed95fb3","tob.firegeist","Firegeist","2","Small","Elemental","","","neutral evil","","14","87","4","","","","Tome of Beasts: 202"
"749c0d19-9a3d-4630-abfb-67b38ebdeb95","tob.flab-giant","Flab Giant","4","Large","Giant","","Giants","chaotic evil","grassland, mountain","14","110","-2","","","","Tome of Beasts: 223"
"47d3a59e-3344-4904-a708-b16f19ef4ff1","tob.flame-dragon-wyrmling","Flame Dragon Wyrmling","3","Medium","Dragon","","Dragons","chaotic evil","mountain, underground","17","52","2","","","","Tome of Beasts: 131"
"d856a88f-7b06-4ff0-b825-b130c108052e","tob.flutterflesh","Flutterflesh","12","Large","Undead","","","chaotic evil","","16","187","4","","","","Tome of Beasts: 203"
"88408152-a902-4d52-bfc0-14c28ffdb451","tob.folk-of-leng","Folk of Leng","2","Medium","Humanoid","","","neutral evil","","14","68","2","","","","Tome of Beasts: 204"
"a306eb36-72ce-42c8-9fcf-37e08f7c5449","tob.forest-hunter","Forest Hunter","5","Medium","Humanoid","Elf","Shadow Fey","lawful evil","","15","104","4","","","","Tome of Beasts: 173"
"9135b2db-4372-41c2-9048-d6052aae9967","tob.forest-marauder","Forest Marauder","4","Large","Giant","","","chaotic evil","desert, forest","15","114","0","","","","Tome of Beasts: 205"
"b79ee777-7b7f-4cf1-9d03-a495ebcaf8d5","tob.fraughashar","Fraughashar","1/2","Small","Fey","","","neutral evil","","15","18","2","","","","Tome of Beasts: 206"
"5148765a-00fd-4c12-8b54-2223384dda5e","tob.frostveil","Frostveil","4","Medium","Plant","","","unaligned","grassland","16","67","5","","","","Tome of Beasts: 207"
"7690e783-f332-4322-95fd-11883a6a5c9e","tob.garroter-crab","Garroter Crab","1/4","Tiny","Beast","","","unaligned","aquatic, coast, swamp","13","18","2","","","","Tome of Beasts: 208"
"1386b5e8-2319-425a-b56e-5f06708d56a2","tob.gbahali","Gbahali","6","Huge","Beast","","","unaligned","grassland","15","126","2","","","","Tome of Beasts: 209"
"21d6deb9-1187-4314-a6b0-bd44431b3571","tob.gearforged-templar","Gearforged Templar","6","Medium","Humanoid","Gearforged","","lawful neutral","","18","71","-1","","","","Tome of Beasts: 210"
"9cb17598-90df-4509-adbf-850d667d8a20","tob.gerridae","Gerridae","1","Large","Fey","","","neutral","aquatic","14","77","2","","","","Tome of Beasts: 212"
"8f117d37-d40f-493f-8f48-343014cac3a1","tob.ghost-knight","Ghost Knight","6","Medium","Undead","","Villain Codex","lawful evil","","17","97","2","","","","Tome of Beasts: 423"
"98d1b693-9485-4ed1-9301-d67542840e5b","tob.ghostwalk-spider","Ghostwalk Spider","9","Large","Monstrosity","","","neutral evil","desert, forest","15","119","5","","","","Tome of Beasts: 361"
"ded2487d-834b-40c2-b5d1-a4a3fca49ed5","tob.giant-ant","Giant Ant","2","Large","Beast","","","unaligned","","14","52","1","","","","Tome of Beasts: 23"
"e7f62072-f6da-4e2f-98ab-d319a99f70e9","tob.giant-ant-queen","Giant Ant Queen","4","Large","Beast","","","unaligned","","15","85","1","","","","Tome of Beasts: 23"
"7b581c15-0da9-4718-a7da-ec08a140dc73","tob.gilded-devil","Gilded Devil","7","Medium","Fiend","Devil","Devils","lawful evil","","16","112","2","","","","Tome of Beasts: 106"
"6a8a0e0e-b21d-41fe-b22b-21c3d684e54c","tob.glass-gator","Glass Gator","1","Large","Beast","","","unaligned","aquatic, coast, swamp, underground","15","45","2","","","","Tome of Beasts: 228"
"95b73cb9-41af-4f89-adac-e439519edf95","tob.gnarljak","Gnarljak","6","Small","Construct","","","unaligned","underground, urban","16","63","6","","","","Tome of Beasts: 229"
"298c17d7-4cbb-44ce-a568-7baffd4c4fd9","tob.gnoll-havoc-runner","Gnoll Havoc Runner","3","Large","Humanoid","Gnolls","","chaotic evil","desert, grassland","15","58","2","","","","Tome of Beasts: 230"
"4b33b198-5433-4bbe-98bf-0dafd08849e9","tob.goat-man","Goat-Man","3","Medium","Monstrosity","","","chaotic evil","desert, forest, grassland","14","65","2","","","","Tome of Beasts: 231"
"0f8f4f7b-163b-41cd-84c4-de8795eecda1","tob.gray-thirster","Gray Thirster","2","Medium","Undead","","","neutral evil","desert","13","39","3","","","","Tome of Beasts: 238"
"217f088a-529d-42fd-a815-4880c393cbd5","tob.greater-death-butterfly-swarm","Greater Death Butterfly Swarm","6","Huge","Beast","Swarm","","chaotic evil","forest, grassland","15","84","3","","","","Tome of Beasts: 71"
"300e4c5c-cb8a-421e-9a10-08fa915a91c9","tob.grim-jester","Grim Jester","11","Medium","Undead","","","chaotic evil","","18","136","6","","","","Tome of Beasts: 240"
"c8e4e372-cc37-4f27-a022-4bec53e42f86","tob.guardian","Guardian","4","Large","Humanoid","Elf","Shadow Fey","neutral evil","","15","110","2","","","","Tome of Beasts: 174"
"d41959b5-0ffa-4f62-a5f3-6b79771b7c83","tob.gug","Gug","12","Huge","Giant","","","neutral evil","","17","270","0","","","","Tome of Beasts: 241"
"a46c9a0b-a683-4f25-ae80-b47b20b38132","tob.gypsosphinx","Gypsosphinx","14","Large","Monstrosity","","","neutral evil","desert, grassland, underground","17","171","2","","legendary","","Tome of Beasts: 359"
"6d0f8e4d-41a7-42c4-87b8-d04c6f7c0f07","tob.haugbui","Haugbui","13","Medium","Undead","","","lawful neutral","","18","136","3","","","","Tome of Beasts: 247"
"f0f0f99f-1932-46fc-8f27-21b27c89ba8c","tob.herald-of-blood","Herald of Blood","12","Huge","Fiend","","","neutral evil","","15","115","1","","legendary","","Tome of Beasts: 248"
"c12988ad-2cfa-4ba8-bc89-04601b2c697c","tob.herald-of-darkness","Herald of Darkness","7","Large","Fiend","","","neutral evil","","15","105","2","","","","Tome of Beasts: 249"
"813f82e7-2f01-499b-83a1-f1a3b098c111","tob.hoard-golem","Hoard Golem","12","Huge","Construct","","Golems","unaligned","","18","161","2","","","","Tome of Beasts: 234"
"24b25746-878f-460c-b818-75dc293e3014","tob.horakh","Horakh","9","Medium","Monstrosity","","","neutral","desert, grassland, underground","17","161","4","","","","Tome of Beasts: 250"
"e1114e9f-be10-4e5b-9532-592b0fe06912","tob.hound-of-the-night","Hound of the Night","5","Large","Monstrosity","","","unaligned","grassland","16","112","3","","","","Tome of Beasts: 251"
"fd1aeb7c-b900-4902-9877-eab76d043ad1","tob.hraesvelgr-the-corpse-swallower","Hraesvelgr the Corpse Swallower","19","Huge","Giant","Shapechanger, Titan","Giants","neutral","","19","241","0","lair","legendary","unique","Tome of Beasts: 224"
"b6bfda21-3254-4c0d-95f9-0ada9553914b","tob.hulking-whelp","Hulking Whelp","5","Small","Fey","Shapechanger","","chaotic neutral","","15","94","0","","","","Tome of Beasts: 252"
"1e62b94c-bbf7-4c76-bc01-c251728e90dc","tob.hundun","Hundun","10","Large","Celestial","","","chaotic good","","18","153","1","","","","Tome of Beasts: 253"
"afe75252-bdbf-490e-990e-0496b14fe729","tob.iaaffrat","Ia'Affrat","15","Large","Elemental","Swarm","Arch-Devils","lawful evil","","17","170","5","","","unique","Tome of Beasts: 98"
"0318f819-bc9e-446e-9832-23f1af88a506","tob.ice-maiden","Ice Maiden","6","Medium","Fey","","","lawful evil","","16","84","3","","","","Tome of Beasts: 254"
"0005d604-f4c1-4818-8baf-0d773669da9d","tob.idolic-deity","Idolic Deity","8","Small","Construct","","","neutral evil","underground","17","90","5","","","","Tome of Beasts: 255"
"98e4f5bf-1ce6-4ef1-ae2f-5453ec4d226e","tob.imperial-ghoul","Imperial Ghoul","4","Medium","Undead","","Ghouls","lawful evil","underground","16","93","2","","","","Tome of Beasts: 220"
"e5539c30-b567-4a2a-81b6-6b732c5950b0","tob.imy-ut-ushabti","Imy-ut Ushabti","3","Medium","Monstrosity","","","neutral","","15","97","2","","","","Tome of Beasts: 256"
"7d7c18e6-c80b-483d-8302-ecb14033cc33","tob.ink-devil","Ink Devil","2","Small","Fiend","Devil","Devils","lawful evil","underground, urban","14","54","4","","","","Tome of Beasts: 107"
"754c4f9f-0e40-44b1-a224-2c139eb4c87b","tob.iron-ghoul","Iron Ghoul","5","Medium","Undead","","Ghouls","lawful evil","underground","16","143","3","","","","Tome of Beasts: 221"
"db9b059c-c217-4db2-9d79-727e22521346","tob.isonade","Isonade","14","Gargantuan","Monstrosity","","","chaotic neutral","aquatic","18","222","2","","","","Tome of Beasts: 257"
"fc0960cb-0825-45b6-9d50-7a4b848166db","tob.jaculus","Jaculus","3","Small","Dragon","","","neutral evil","forest","18","65","4","","","","Tome of Beasts: 258"
"030c90be-49b5-42ca-83f0-031d68a37d75","tob.jba-fofi-spider","J'ba Fofi Spider","3","Large","Beast","","","unaligned","forest","18","75","3","","","","Tome of Beasts: 362"
"3f00395a-2553-4637-9173-2f0f88328dc7","tob.jotun-giant","Jotun Giant","22","Gargantuan","Giant","","Giants","chaotic neutral","grassland, mountain","20","407","-1","","legendary","","Tome of Beasts: 226"
"830b7368-6df3-440c-a012-658e652f3c5d","tob.kalke","Kalke","1/4","Small","Fiend","","","neutral evil","","14","9","3","","","","Tome of Beasts: 259"
"ab55775c-a713-44b4-a339-1862db2399f7","tob.kikimora","Kikimora","5","Medium","Fey","","","chaotic neutral","urban","15","65","4","","","","Tome of Beasts: 260"
"dc7c2dcc-7512-4743-ad9c-4700f63625a6","tob.kishi","Kishi","8","Medium","Fiend","Demon","Demons","chaotic evil","","18","119","5","","","","Tome of Beasts: 77"
"f954aa0d-b8a1-4df4-966e-07708d9c62bb","tob.kobold-alchemist","Kobold Alchemist","2","Small","Humanoid","Kobold","Kobolds","lawful neutral","underground, urban","15","44","3","","","","Tome of Beasts: 261"
"221ee346-3107-4c96-a805-6fb37afcf7c2","tob.kobold-chieftain","Kobold Chieftain","4","Small","Humanoid","Kobold","Kobolds","lawful evil","underground, urban","17","82","3","","","","Tome of Beasts: 263"
"9bcf7aaa-46b2-4c38-b8fe-6b5a6fd1be5d","tob.kobold-trapsmith","Kobold Trapsmith","1","Small","Humanoid","Kobold","Kobolds","lawful neutral","underground, urban","14","36","3","","","","Tome of Beasts: 264"
"ead59ca0-f8a4-48b5-9c05-f5f2d0bbbf72","tob.kongamato","Kongamato","5","Large","Beast","","","unaligned","grassland, swamp","16","112","4","","","","Tome of Beasts: 265"
"39d0b4b1-0025-4634-86c0-3bf717c91725","tob.koralk-harvester-devil","Koralk (Harvester Devil)","11","Large","Fiend","Devil","Devils","lawful evil","","15","136","1","","","","Tome of Beasts: 108"
"68df8dde-ed1e-4eb5-8342-85581b863860","tob.koschei","Koschei","17","Medium","Fiend","","","neutral evil","","18","135","1","lair","legendary","unique","Tome of Beasts: 266"
"70464573-6341-466e-a1a2-0d1e16ee3cac","tob.kot-bayun","Kot Bayun","2","Medium","Monstrosity","","","neutral","grassland, mountain, underground","15","44","3","","","","Tome of Beasts: 268"
"1137b654-dc13-41b4-a965-0c84d47e2129","tob.krake-spawn","Krake Spawn","9","Huge","Monstrosity","","","neutral evil","aquatic","16","150","1","","","","Tome of Beasts: 269"
"36343cd1-aabe-4a13-90de-5314d54672d9","tob.lake-troll","Lake Troll","7","Large","Giant","","","chaotic evil","aquatic, coast","15","126","1","","","","Tome of Beasts: 389"
"864c7316-05b4-47c8-bbd6-2fdf7a73f7ba","tob.lantern-dragonette","Lantern Dragonette","1/2","Tiny","Dragon","","","lawful neutral","forest","13","28","1","","","","Tome of Beasts: 270"
"ce982410-eda8-4b2a-a592-9d5258ed84b6","tob.lemurfolk","Lemurfolk","1/4","Small","Humanoid","Lemurfolk","Lemurfolk (Kaguani)","neutral","forest","13","14","2","","","","Tome of Beasts: 271"
"c71df1a8-4823-4c63-84cf-c003519c22b5","tob.lemurfolk-greyfur","Lemurfolk Greyfur","4","Small","Humanoid","Lemurfolk","Lemurfolk (Kaguani)","neutral","forest","13","67","3","","","","Tome of Beasts: 271"
"dccfe297-282f-400d-94b3-2e2cd3d30ea1","tob.leshy","Leshy","1","Medium","Monstrosity","","","chaotic neutral","forest","14","84","1","","","","Tome of Beasts: 272"
"4db5e660-2911-4985-9b82-4110b28fcd3e","tob.library-automaton","Library Automaton","1/2","Small","Construct","","","lawful neutral","urban","13","7","1","","","","Tome of Beasts: 273"
"07a48219-8dfe-46f0-8e1f-38bcdee8d8e2","tob.lich-hound","Lich Hound","4","Medium","Undead","","","neutral evil","","14","119","4","","","","Tome of Beasts: 274"
"ec12f4b4-f1c8-4f2c-ba67-fcea3f854fab","tob.likho","Likho","6","Medium","Monstrosity","","","chaotic evil","forest","15","90","4","","","","Tome of Beasts: 275"
"082e911f-3b02-4d58-bd46-9edbc57ac6f1","tob.lindwurm","Lindwurm","5","Large","Dragon","","","neutral evil","forest, grassland","15","136","5","","","","Tome of Beasts: 276"
"4611c643-2e59-47aa-95fc-bbbea10e9857","tob.liosalfar","Liosalfar","8","Large","Elemental","","","neutral","","17","110","7","","","","Tome of Beasts: 277"
"e5c0ec0a-dda9-4bb4-a610-f3f042101520","tob.living-wick","Living Wick","1/4","Small","Construct","","","unaligned","underground, urban","13","28","0","","","","Tome of Beasts: 278"
"003f9549-a03a-4a79-9c1c-67ff59f3a10d","tob.lord-of-the-hunt","Lord of the Hunt","18","Medium","Fey","","Fey Lords and Ladies","lawful neutral","","18","229","4","lair","legendary","unique","Tome of Beasts: 188"
"4e9797ff-3f6f-44fa-b457-62bca4e86793","tob.lorelei","Lorelei","5","Medium","Fey","","","chaotic evil","aquatic, coast","15","76","5","","","","Tome of Beasts: 279"
"8af19666-35bd-453c-8eb3-adc8c9d79cd4","tob.loxoda","Loxoda","6","Huge","Monstrosity","","","neutral evil","forest, grassland","13","147","1","","","","Tome of Beasts: 280"
"66c123d3-a888-459c-bb7f-84d84ab90406","tob.lunar-devil","Lunar Devil","8","Large","Fiend","Devil","Devils","lawful evil","","16","94","5","","","","Tome of Beasts: 110"
"188416a0-926d-4431-bae2-cd910ca69f8a","tob.mahoru","Mahoru","3","Large","Monstrosity","","","unaligned","aquatic, coast","15","91","4","","","","Tome of Beasts: 281"
"d321e41e-ddb9-449b-a03a-066d24566c14","tob.malakbel","Malakbel","9","Medium","Fiend","Demon","Demons","chaotic evil","","14","102","3","","","","Tome of Beasts: 78"
"14c1e073-609c-49a6-8e83-2a699a28a1cf","tob.mallqui","Mallqui","8","Medium","Undead","","","lawful neutral","","14","120","-1","","","","Tome of Beasts: 282"
"761f8822-cac0-4cbf-b2e5-9c17e94bfed2","tob.malphas","Malphas","6","Medium","Fey","","","neutral evil","","16","120","4","","","","Tome of Beasts: 283"
"3a75d531-eef3-4bec-a386-5c984ff90369","tob.mammon","Mammon","25","Huge","Fiend","Devil","Arch-Devils","lawful evil","","20","378","1","lair","legendary","unique","Tome of Beasts: 99"
"225e09ef-58e7-4dc8-a970-6a392f015332","tob.mamura","Mamura","6","Small","Aberration","Fey","","neutral evil","desert, underground","16","97","4","","","","Tome of Beasts: 284"
"70898ccc-879f-4459-aa1e-b106f1044bbe","tob.manabane-scarab-swarm","Manabane Scarab Swarm","4","Medium","Beast","Swarm","","unaligned","desert","15","75","3","","","","Tome of Beasts: 374"
"e07a7d74-0cf0-4daa-827b-5c9b93d7982e","tob.map-mimic","Map Mimic","1/4","Tiny","Monstrosity","","","neutral","underground","14","32","2","","","","Tome of Beasts: 289"
"d8d600f1-018c-47cc-b892-f3bbf1c59f0c","tob.mask-wight","Mask Wight","13","Medium","Undead","","","neutral evil","","19","207","4","","","","Tome of Beasts: 285"
"31defc11-6717-4609-89aa-1ff48e31aa07","tob.mavka","Mavka","12","Medium","Undead","Fey","","chaotic evil","","17","170","2","","","","Tome of Beasts: 286"
"4cc7e076-cde9-465a-865a-826fbfb772e8","tob.mbielu","Mbielu","3","Huge","Beast","","Dinosaurs","unaligned","aquatic, coast, grassland, swamp","15","95","2","","","","Tome of Beasts: 114"
"6ff39a6c-254a-44b9-9054-1b454266a7d5","tob.mechuiti-demon-lord-of-apes","Mechuiti, Demon Lord of Apes","27","Gargantuan","Fiend","Demon","Demon Lords","chaotic evil","","19","370","4","lair","legendary","unique","Tome of Beasts: 88"
"894f78a1-c43d-44ac-9720-a2fc661d170e","tob.mi-go","Mi-Go","5","Medium","Plant","","","neutral evil","","17","76","4","","","","Tome of Beasts: 287"
"f74a8a6c-71c0-42b3-9595-432e9e437d1a","tob.millitaur","Millitaur","3","Large","Monstrosity","","","neutral","forest","14","85","2","","","","Tome of Beasts: 288"
"2a615acd-cae3-4c10-9cfc-e1b4fc20b872","tob.mindrot-thrall","Mindrot Thrall","3","Medium","Plant","","","neutral","","15","82","2","","","","Tome of Beasts: 290"
"747b7cd2-7b7b-4151-8c7c-f99bf2ffbce7","tob.mirager","Mirager","3","Medium","Fey","Shapechanger","","neutral evil","desert","13","78","3","","","","Tome of Beasts: 291"
"414e421e-9e97-45cd-a4f2-4b758194a89e","tob.miremal","Miremal","1/2","Small","Fey","","","chaotic evil","swamp","13","22","3","","","","Tome of Beasts: 292"
"3e3e00ea-f3df-4983-85e6-6bc98f9e7718","tob.mirror-hag","Mirror Hag","6","Medium","Fey","","Hags","chaotic neutral","","16","168","3","","","","Tome of Beasts: 243"
"e047b224-e15c-49d3-960c-d17cac10d792","tob.mngwa","Mngwa","4","Medium","Aberration","","","neutral evil","desert, forest, grassland","16","91","3","","","","Tome of Beasts: 293"
"90f94b43-4214-4cb2-973a-eef90bd08efa","tob.monolith-champion","Monolith Champion","8","Large","Construct","","","unaligned","","17","102","1","","","","Tome of Beasts: 294"
"251dc434-0130-4739-8f3c-d70a286cf60e","tob.monolith-footman","Monolith Footman","3","Large","Construct","","","unaligned","","14","60","1","","","","Tome of Beasts: 295"
"225d53b7-e40b-4342-9b71-912181571ad3","tob.moonlit-king","Moonlit King","17","Medium","Fey","","Fey Lords and Ladies","neutral good","","17","170","5","lair","legendary","unique","Tome of Beasts: 190"
"2170e25b-bdd5-4455-9c0a-29754201f6ff","tob.mordant-snare","Mordant Snare","15","Gargantuan","Aberration","","","chaotic evil","underground","18","264","3","","","","Tome of Beasts: 296"
"14e6a85f-252c-463b-9dff-64f2f3af56e8","tob.morphoi","Morphoi","1/2","Medium","Plant","","","chaotic evil","","13","33","3","","","","Tome of Beasts: 297"
"47b9ae76-4f66-4eb2-8e3d-3e28706e3edb","tob.moss-lurker","Moss Lurker","1","Small","Humanoid","","","chaotic neutral","forest, swamp, underground","15","45","2","","","","Tome of Beasts: 298"
"b12d57c5-35b0-44f4-9ba1-03dd8c18ece1","tob.myling","Myling","2","Small","Undead","","","chaotic evil","","13","45","0","","","","Tome of Beasts: 301"
"cf644cb4-c7fc-4bf4-8c89-524af9964b74","tob.naina","Naina","11","Large","Dragon","Shapechanger","","lawful evil","","17","231","3","","","","Tome of Beasts: 302"
"c2955321-3e1e-44b3-9d9c-fff7bbe0c1c8","tob.ngobou","Ngobou","5","Large","Beast","","Dinosaurs","unaligned","grassland","15","85","-1","","","","Tome of Beasts: 115"
"b634ea34-d8e8-458b-af10-11054b1d45ee","tob.nichny","Nichny","6","Medium","Fey","","","neutral evil","","17","112","4","","","","Tome of Beasts: 303"
"a79f7bc9-1738-41d7-8ef6-445fe0d611b1","tob.nicnevin-queen-of-witches","Nicnevin, Queen of Witches","17","Medium","Fey","","Fey Lords and Ladies","neutral","","18","123","0","lair","legendary","unique","Tome of Beasts: 194"
"4061b92c-4ad3-4023-8d6c-3a188a68ff34","tob.night-scorpion","Night Scorpion","3","Large","Beast","","Scorpions","unaligned","desert, forest, grassland, underground","14","90","2","","","","Tome of Beasts: 340"
"026f2ffe-e132-4d84-944b-5b49d0258e6b","tob.nightgarm","Nightgarm","6","Large","Monstrosity","","","chaotic evil","","15","114","2","","","","Tome of Beasts: 305"
"fcd7e583-025c-412e-a35f-7ba1c5843206","tob.nihileth","Nihileth","12","Large","Undead","","","chaotic evil","","17","135","-1","lair","legendary","","Tome of Beasts: 8"
"49945869-1d13-4bdf-9f15-dffdc93aeeb4","tob.nihilethic-zombie","Nihilethic Zombie","1","Medium","Undead","","","neutral evil","aquatic, coast, underground","9","22","-2","","","","Tome of Beasts: 9"
"051d50a2-3f42-45fa-863a-2bfbccf4830d","tob.nkosi","Nkosi","1/2","Medium","Humanoid","Nkosi, Shapechanger","Nkosi","lawful neutral","grassland","15","11","3","","","","Tome of Beasts: 306"
"9e26d2c0-9c1d-40ea-abc8-15d02f82ef23","tob.nkosi-pridelord","Nkosi Pridelord","4","Medium","Humanoid","Nkosi, Shapechanger","Nkosi","lawful neutral","grassland","16","93","4","","","","Tome of Beasts: 306"
"280c4a39-f265-4b0d-8ac6-7d73087e439b","tob.noctiny","Noctiny","2","Medium","Humanoid","Noctiny","","neutral evil","","13","52","1","","","","Tome of Beasts: 308"
"e4d7c536-3bce-4eff-9e73-b6d31ad1bdc3","tob.oculo-swarm","Oculo Swarm","4","Large","Aberration","Swarm","","neutral evil","underground","15","130","5","","","","Tome of Beasts: 309"
"4b5f959b-f915-4f00-87c0-9dc9e0976189","tob.oozasis","Oozasis","9","Gargantuan","Ooze","","","unaligned","desert, swamp","7","217","-3","","","","Tome of Beasts: 310"
"c3a683d3-be46-4d12-95d4-a7bc4b0ce6df","tob.orobas-devil","Orobas Devil","14","Large","Fiend","Devil","Devils","lawful evil","","19","261","2","","","","Tome of Beasts: 111"
"71569d53-5bd5-40b1-8d69-37d03260d9a5","tob.ostinato","Ostinato","4","Medium","Aberration","","","chaotic neutral","underground","15","39","5","","","","Tome of Beasts: 312"
"a59e74b9-67f1-4253-baee-dce393e1ad08","tob.owl-harpy","Owl Harpy","5","Medium","Monstrosity","","","neutral evil","desert, forest, urban","14","112","3","","","","Tome of Beasts: 246"
"d4869e67-414e-48ac-af84-e0749fbc0620","tob.paper-drake","Paper Drake","2","Small","Dragon","","","neutral","urban","13","78","3","","","","Tome of Beasts: 154"
"c9d1e16f-ce68-4df5-bc34-603a33ba81e9","tob.pombero","Pombero","3","Medium","Fey","","","chaotic neutral","forest","15","90","3","","","","Tome of Beasts: 313"
"2edb499b-9aae-465e-b3f0-4ccba8b54938","tob.possessed-pillar","Possessed Pillar","7","Large","Construct","","","unaligned","desert, urban","14","95","-1","","","","Tome of Beasts: 314"
"1a985064-6798-42c4-bc92-d70b4d4549cd","tob.prismatic-beetle-swarm","Prismatic Beetle Swarm","3","Medium","Beast","Swarm","","unaligned","forest","13","38","3","","","","Tome of Beasts: 375"
"5394d8bb-772d-4a44-aac1-db6300bf4b9e","tob.psoglav","Psoglav","7","Large","Fiend","Demon","Demons","chaotic evil","","17","115","6","","","","Tome of Beasts: 79"
"8396d314-bd83-497d-a40e-b527dc3b3ff1","tob.putrid-haunt","Putrid Haunt","2","Medium","Undead","","","neutral evil","swamp","13","44","-1","","","","Tome of Beasts: 315"
"f53799a6-554d-4893-a48e-f66ab4577894","tob.qorgeth-demon-lord-of-the-devouring-worm","Qorgeth, Demon Lord of the Devouring Worm","23","Gargantuan","Fiend","Demon","Demon Lords","chaotic evil","","21","370","-2","lair","legendary","unique","Tome of Beasts: 90"
"16a43ae9-70b9-40ba-80e4-6da11826a160","tob.qwyllion","Qwyllion","8","Medium","Aberration","Fey","","neutral evil","","16","110","5","","","","Tome of Beasts: 316"
"33ab8a95-5381-49f4-973a-06540ab80d46","tob.ramag","Ramag","1/4","Medium","Humanoid","Ramag","","neutral","grassland, urban","13","27","2","","","","Tome of Beasts: 317"
"ae6afb0a-4199-4e0f-b46b-951951538b93","tob.rat-king","Rat King","5","Medium","Monstrosity","","","chaotic evil","underground, urban","14","76","3","","","","Tome of Beasts: 318"
"6de079e0-aaa8-4940-9aa0-8f8c5d1e0e78","tob.ratatosk","Ratatosk","4","Tiny","Celestial","","","chaotic neutral","forest","14","42","4","","","","Tome of Beasts: 319"
"2f6a702c-9382-4daa-88ed-014031c5d36e","tob.ratfolk","Ratfolk","1/4","Small","Humanoid","Ratfolk","Ratfolk","neutral","underground, urban","14","7","2","","","","Tome of Beasts: 320"
"49a610c1-f691-4b3b-b0aa-7d90beaa2d72","tob.ratfolk-rogue","Ratfolk Rogue","1","Small","Humanoid","Ratfolk","Ratfolk, Villain Codex","neutral","underground, urban","15","18","3","","","","Tome of Beasts: 320, Tome of Beasts: 424"
"c8a9fb9f-eb7f-4d88-8fe8-c23fac4986d1","tob.ravenala","Ravenala","5","Large","Plant","","","unaligned","forest","15","126","0","","","","Tome of Beasts: 321"
"df853025-e1c2-4517-8ed6-efe3b8c84aa5","tob.ravenfolk-doom-croaker","Ravenfolk Doom Croaker","5","Medium","Humanoid","Kenku","Ravenfolk","neutral","forest, grassland, urban","14","88","2","","","","Tome of Beasts: 324"
"83861d96-1f9e-49b1-a00d-831d8a8141fa","tob.ravenfolk-scout","Ravenfolk Scout","1/2","Medium","Humanoid","Kenku","Ravenfolk","neutral","forest, grassland, urban","14","21","2","","","","Tome of Beasts: 322"
"9ca540ef-6313-463f-98c7-e10ffae59b8a","tob.ravenfolk-warrior","Ravenfolk Warrior","3","Medium","Humanoid","Kenku","Ravenfolk","neutral","forest, grassland, urban","15","78","3","","","","Tome of Beasts: 323"
"1cf96cca-4c00-4549-bbe5-8ecd7b92a665","tob.red-banded-line-spider","Red-Banded Line Spider","1/4","Tiny","Beast","","","unaligned","","13","2","3","","","","Tome of Beasts: 363"
"e9a2b266-b2ef-44a4-b743-30d9a590738d","tob.red-hag","Red Hag","7","Medium","Fey","","Hags","neutral evil","","15","119","3","","","","Tome of Beasts: 244"
"0f23b109-7b2d-4843-8582-168af4412cf6","tob.redcap","Redcap","6","Medium","Fey","","","neutral evil","forest, grassland","15","105","0","","","","Tome of Beasts: 325"
"3fffc7c5-f846-44e6-8eb2-04d1214a6fff","tob.rift-swine","Rift Swine","5","Large","Aberration","","","chaotic neutral","","15","110","0","","","","Tome of Beasts: 326"
"fbd34b80-5496-4c69-93bb-e9535a60670d","tob.rime-worm-grub","Rime Worm Grub","1","Medium","Elemental","","","neutral","","13","45","1","","","","Tome of Beasts: 327"
"4e8047ac-0e28-41ef-af5b-c2869de687c1","tob.risen-reaver","Risen Reaver","7","Large","Undead","","","chaotic evil","","15","168","3","","","","Tome of Beasts: 328"
"a7844f48-dad1-4b9e-9b32-3fb71531b4a0","tob.river-king","River King","16","Medium","Fey","","Fey Lords and Ladies","chaotic neutral","aquatic, coast","18","152","3","lair","legendary","unique","Tome of Beasts: 196"
"6ee01ecc-1f6e-40ee-88f3-ce71bc9f1aae","tob.roachling-lord","Roachling Lord","2","Small","Humanoid","Roachling","Roachling","chaotic neutral","underground, urban","15","63","3","","","","Tome of Beasts: 329"
"b1c650f2-1346-4ffe-b438-9dabc29a639e","tob.roachling-skirmisher","Roachling Skirmisher","1/4","Small","Humanoid","Roachling","Roachling","chaotic neutral","underground, urban","13","7","2","","","","Tome of Beasts: 329"
"a2d1a971-e66d-4568-96b6-a58c4626ebfc","tob.rotting-wind","Rotting Wind","6","Large","Undead","","","neutral evil","","15","82","5","","","","Tome of Beasts: 330"
"bc46fd53-e06a-499a-b781-8ca3824b8b4e","tob.rubezahl","Rubezahl","10","Medium","Fiend","Demon","Demons","chaotic evil","","15","110","2","","","","Tome of Beasts: 80"
"be0ec63c-9581-4b68-9fa1-be740b08f25c","tob.rum-gremlin","Rum Gremlin","1/2","Tiny","Fey","","","chaotic evil","aquatic","13","22","3","","","","Tome of Beasts: 239"
"f053e7fc-ff6b-4813-9c31-4dcd682ea8c8","tob.rusalka","Rusalka","6","Medium","Undead","","","chaotic evil","aquatic, coast","14","88","1","","","","Tome of Beasts: 331"
"8b7fad59-5da7-48bc-b59e-488ac96ad53e","tob.rust-drake","Rust Drake","8","Medium","Dragon","","","chaotic evil","underground, urban","17","161","2","","","","Tome of Beasts: 155"
"30495e72-f1fd-4ee3-8ed3-c4c1492b50ff","tob.salt-devil","Salt Devil","6","Medium","Fiend","Devil","Devils","lawful evil","desert","13","93","1","","","","Tome of Beasts: 113"
"d2472029-19f6-41cb-9c64-fd390e502113","tob.salt-golem","Salt Golem","10","Large","Construct","","Golems","unaligned","aquatic, desert","17","110","-1","","","","Tome of Beasts: 235"
"e39d2eb8-0484-4ca5-8edd-9567d74ecdf2","tob.sand-hag","Sand Hag","5","Medium","Monstrosity","","Hags","chaotic evil","desert","17","112","2","","","","Tome of Beasts: 245"
"0cb7aad6-0f83-4250-b1fe-e64d39004c30","tob.sand-silhouette","Sand Silhouette","6","Medium","Undead","","","neutral evil","desert","15","105","2","","","","Tome of Beasts: 332"
"8bbc042e-4f22-4355-ad02-c23e5bc7dcb7","tob.sand-spider","Sand Spider","7","Large","Beast","","","unaligned","desert, grassland","15","105","3","","","","Tome of Beasts: 364"
"71ecaa9d-ed41-4063-b69b-2adefcbd5694","tob.sandman","Sandman","5","Medium","Celestial","","","chaotic neutral","","14","82","4","","","","Tome of Beasts: 333"
"27285f11-2529-4510-a4fc-5915d73616a1","tob.sandwyrm","Sandwyrm","6","Large","Dragon","","","unaligned","desert","15","142","1","","","","Tome of Beasts: 334"
"e854f6f7-6719-4a4c-a49a-eebd3653511c","tob.sap-demon","Sap Demon","4","Small","Ooze","","","chaotic evil","forest","13","67","-2","","","","Tome of Beasts: 335"
"d21f72c3-71d4-4837-98d7-8318c1c19d39","tob.sarastra-queen-of-night-and-magic","Sarastra, Queen of Night and Magic","21","Medium","Fey","","Fey Lords and Ladies","neutral evil","","15","180","5","lair","legendary","unique","Tome of Beasts: 192"
"e0d4a038-cc22-4961-8d37-15bb39a3c5d2","tob.sarcophagus-slime","Sarcophagus Slime","5","Medium","Undead","","","neutral evil","underground","11","105","1","","","","Tome of Beasts: 336"
"535b734d-4e1c-49c8-98f3-4ed0f0e4a11b","tob.sathaq-worm","Sathaq Worm","10","Huge","Elemental","","","neutral evil","desert, swamp, underground","16","172","-2","","","","Tome of Beasts: 337"
"1d585aff-d195-4c06-ac1f-f7e42ce096dc","tob.savager","Savager","8","Large","Beast","","","neutral evil","forest, grassland","17","115","2","","","","Tome of Beasts: 338"
"fe9e68cb-f4dd-4d11-ac79-fa7ff0f887eb","tob.scheznyki","Scheznyki","6","Small","Fey","","","chaotic evil","grassland, underground","16","153","2","","","","Tome of Beasts: 339"
"60c990fb-4ea3-464f-9f17-1c2e74a4e813","tob.scorpion-cultist","Scorpion Cultist","1/2","Medium","Humanoid","any","Villain Codex","neutral","desert","13","19","2","","","","Tome of Beasts: 425"
"7c077d65-f465-4c33-8ce3-f0a864822a8f","tob.sea-dragon-wyrmling","Sea Dragon Wyrmling","2","Medium","Dragon","","Dragons","neutral evil","aquatic","17","52","0","","","","Tome of Beasts: 136"
"f1435d44-d07e-4954-b83c-c381cc81dc43","tob.selang","Selang","4","Medium","Fey","","","chaotic evil","desert","15","76","2","","","","Tome of Beasts: 341"
"0efddf33-ea91-4c78-927a-6a2aa34767b8","tob.serpopard","Serpopard","4","Large","Beast","","","unaligned","grassland, swamp","15","85","3","","","","Tome of Beasts: 342"
"6e76cd35-77e6-4b90-ad60-9abdc094f3c4","tob.shabti","Shabti","8","Medium","Construct","","","unaligned","swamp, underground","17","102","5","","","","Tome of Beasts: 343"
"a8489757-ccc5-45f3-b071-ab94cdb12e6c","tob.shadhavar","Shadhavar","2","Large","Monstrosity","","","neutral","","14","97","2","","","","Tome of Beasts: 344"
"96e404b7-55b2-4e69-91af-2ae68b0dad9a","tob.shadow-beast","Shadow Beast","7","Medium","Fey","","","chaotic evil","desert, forest, underground","14","135","4","","","","Tome of Beasts: 345"
"92373a97-adcc-4f8b-bf0a-85a27b579622","tob.shadow-fey","Shadow Fey","1/4","Medium","Humanoid","Elf","Shadow Fey","lawful evil","","15","31","2","","","","Tome of Beasts: 171"
"cf786939-8f97-46ec-9f39-2a483c29142b","tob.sharkjaw-skeleton","Sharkjaw Skeleton","1","Large","Undead","","","lawful evil","","13","45","0","","","","Tome of Beasts: 350"
"384b03a0-a3c5-4395-97ac-a5cdc24625cd","tob.shellycoat","Shellycoat","2","Medium","Fey","","","neutral evil","underground","14","75","2","","","","Tome of Beasts: 346"
"a5627f16-e828-4ce0-84a7-d7cd1ee1e4c3","tob.shoggoth","Shoggoth","19","Huge","Aberration","","","chaotic neutral","","18","387","2","","","","Tome of Beasts: 347"
"2e9eb1bc-0a71-4a79-b9e3-15f9f4353a5c","tob.shroud","Shroud","1/8","Medium","Undead","","","neutral evil","","13","9","1","","","","Tome of Beasts: 348"
"60c2b3df-254d-49e8-9a73-46c99b66ca3c","tob.skein-witch","Skein Witch","12","Medium","Celestial","","","neutral","","20","162","1","","","","Tome of Beasts: 349"
"d3568a44-6269-47cd-b213-35782c1f25b2","tob.skin-bat","Skin Bat","1/2","Small","Undead","","","neutral evil","","13","14","3","","","","Tome of Beasts: 87"
"65c27747-9dfc-479a-9099-7b70aee390ba","tob.skitterhaunt","Skitterhaunt","4","Large","Ooze","","","unaligned","desert, underground","14","95","0","","","","Tome of Beasts: 352"
"1868ed95-6478-45ef-bae1-864cfb206897","tob.slow-storm","Slow Storm","15","Huge","Elemental","","","chaotic neutral","","19","225","4","","","","Tome of Beasts: 353"
"3dfa2f4f-d22b-4458-8bb0-e98b51103740","tob.sluagh","Sluagh","1/8","Tiny","Fey","","","chaotic evil","","13","2","3","","","","Tome of Beasts: 376"
"bd438b5e-6bc2-465c-a9e3-15008b4662bb","tob.sluagh-swarm","Sluagh Swarm","3","Medium","Fey","Swarm","","chaotic evil","","13","54","3","","","","Tome of Beasts: 376"
"a49d09bc-994b-4dac-b74b-7af6d15d1474","tob.smaragdine-golem","Smaragdine Golem","14","Large","Construct","","Golems","unaligned","","17","231","0","","","","Tome of Beasts: 236"
"cf64275d-3f5c-4645-a30e-46b6084bc2f9","tob.snow-queen","Snow Queen","16","Medium","Fey","","Fey Lords and Ladies","neutral evil","","17","123","4","lair","legendary","unique","Tome of Beasts: 198"
"1b5e77f5-5250-44ed-8051-e29559d816d4","tob.son-of-fenris","Son of Fenris","12","Huge","Monstrosity","","","chaotic evil","","17","175","3","","","","Tome of Beasts: 355"
"7937ed71-f2ae-42db-b026-e0123aed20a3","tob.soul-eater","Soul Eater","7","Medium","Fiend","","","neutral evil","","16","104","6","","","","Tome of Beasts: 356"
"56459c20-2355-4f52-a2ef-ecd1e8fdc579","tob.spark","Spark","7","Tiny","Elemental","","","chaotic neutral","","16","84","5","","","","Tome of Beasts: 357"
"49b94afc-5003-4b15-8aac-09f4decdc506","tob.spawn-of-akyishigal","Spawn of Akyishigal","5","Large","Fiend","Demon","","chaotic evil","","15","119","1","","","","Tome of Beasts: 83"
"c28ba1f4-62a3-4193-a571-9cd0fc9029d9","tob.spawn-of-arbeyach","Spawn of Arbeyach","5","Medium","Fiend","Devil","","lawful evil","","17","78","2","","","","Tome of Beasts: 97"
"37ff88b3-06cb-4025-a18d-ff6fb4f40a35","tob.spectral-guardian","Spectral Guardian","6","Medium","Undead","","","neutral evil","","14","110","4","","","","Tome of Beasts: 358"
"2b9b2996-df38-4842-bf5f-db1720553b23","tob.spider-of-leng","Spider of Leng","7","Large","Aberration","","","chaotic evil","grassland, mountain","15","144","3","","","","Tome of Beasts: 365"
"e2a8431a-d9bb-446b-be45-fd1c0ba04b52","tob.spider-thief","Spider Thief","2","Small","Construct","","","unaligned","","13","54","1","","","","Tome of Beasts: 366"
"2fcdadab-7ad8-4a4a-9119-f3fd7c2222d7","tob.spinosaurus","Spinosaurus","13","Gargantuan","Beast","","Dinosaurs","unaligned","coast, forest, swamp","15","231","-1","","","","Tome of Beasts: 116"
"46006136-d533-4fa0-989d-1f62623c2874","tob.spire-walker","Spire Walker","3","Tiny","Fey","","","chaotic neutral","","16","38","4","","","","Tome of Beasts: 367"
"b79c129f-19b4-48f4-ac7c-9fa2419244f9","tob.star-drake","Star Drake","15","Large","Dragon","","","neutral","grassland, mountain","19","189","3","","legendary","","Tome of Beasts: 156"
"aba1983a-a5c7-4f9e-9807-0271a80b7b58","tob.star-spawn-of-cthulhu","Star-Spawn of Cthulhu","15","Large","Fiend","","","chaotic evil","","17","187","2","","","","Tome of Beasts: 368"
"0a801471-c25f-475e-859c-88469cb65c7d","tob.steam-golem","Steam Golem","13","Large","Construct","","Golems","unaligned","","18","171","1","","","","Tome of Beasts: 237"
"96c64c49-b1ae-4fd5-b17a-ec2c8cedb8eb","tob.stryx","Stryx","1/8","Tiny","Monstrosity","","","neutral","forest, urban","13","10","3","","","","Tome of Beasts: 369"
"c9384d24-8aed-41b8-bb0e-b3316d25a092","tob.stuhac","Stuhac","13","Medium","Fiend","","","neutral evil","grassland, mountain","18","190","4","","","","Tome of Beasts: 370"
"84193f38-0655-412c-9b48-bcb74fc7d8d6","tob.stygian-fat-tailed-scorpion","Stygian Fat-Tailed Scorpion","3","Tiny","Beast","","Scorpions","unaligned","desert, forest, grassland, underground","14","10","3","","","","Tome of Beasts: 340"
"b1a671e2-210a-401f-b798-2f83847f4b6c","tob.subek","Subek","5","Large","Humanoid","Subek","","lawful neutral","aquatic, coast","17","76","0","","","","Tome of Beasts: 371"
"79d3a364-83bc-41be-9f6e-eea838b7ed65","tob.suturefly","Suturefly","1/4","Tiny","Beast","","","unaligned","forest, swamp","14","7","4","","","","Tome of Beasts: 372"
"fcb77a91-5b06-405f-b52a-6eaa291627ed","tob.swamp-adder","Swamp Adder","1/4","Small","Beast","","Snakes","unaligned","swamp","13","18","3","","","","Tome of Beasts: 354"
"6ee1e568-4b2b-43db-ab59-48c4585b684b","tob.temple-dog","Temple Dog","5","Medium","Celestial","","","any good","urban","15","97","2","","","","Tome of Beasts: 378"
"d129cbf3-a157-494d-87c6-e4d7f99d65f0","tob.tendril-puppet","Tendril Puppet","2","Medium","Plant","","","lawful neutral","forest","13","34","1","","","","Tome of Beasts: 403"
"2cd2dde4-6c0d-49f4-9309-5130f103365c","tob.theullai","Theullai","10","Huge","Elemental","","","chaotic neutral","","17","149","7","","","","Tome of Beasts: 379"
"3fd0b2fa-1278-4a49-a747-42070b79f484","tob.thursir-giant","Thursir Giant","3","Large","Giant","","Giants","neutral evil or lawful evil","","13","114","0","","","","Tome of Beasts: 227"
"63cd3b02-a21f-4a2c-a143-8d30c60b4083","tob.titanoboa","Titanoboa","12","Gargantuan","Beast","","","unaligned","forest","14","232","0","","","","Tome of Beasts: 382"
"c22e8a67-e2bc-40af-9114-181d0601189b","tob.tophet","Tophet","8","Huge","Construct","","","neutral evil","urban","16","184","0","","","","Tome of Beasts: 383"
"19c35b26-1b1a-44f7-a99f-c0019275996e","tob.tosculi-drone","Tosculi Drone","1/2","Small","Monstrosity","","Tosculi","lawful evil","desert, grassland","13","22","3","","","","Tome of Beasts: 386"
"ecb2456c-ae2d-4ebc-8353-9a75dc5ea814","tob.tosculi-elite-bow-raider","Tosculi Elite Bow Raider","5","Medium","Humanoid","Tosculi","Tosculi","neutral evil","desert, grassland","16","97","4","","","","Tome of Beasts: 386"
"95f8e9f0-7930-4af8-8f7e-d6f2a77b80a2","tob.tosculi-hive-queen","Tosculi Hive-Queen","12","Large","Monstrosity","","Tosculi","lawful evil","desert, grassland","17","157","7","lair","legendary","","Tome of Beasts: 385"
"fbb949d8-aa67-47c8-a04d-da746daa833d","tob.tosculi-warrior","Tosculi Warrior","2","Small","Monstrosity","","Tosculi","lawful evil","desert, grassland","15","58","5","","","","Tome of Beasts: 386"
"56cebeca-6791-4465-a8b0-04b96bc02d53","tob.totivillus-scribe-of-hell","Totivillus, Scribe of Hell","24","Medium","Fiend","Devil","Arch-Devils","lawful evil","","19","299","4","","legendary","unique","Tome of Beasts: 101"
"be860119-6f8e-4295-bc6b-059f93adfea6","tob.treacle","Treacle","1/4","Tiny","Ooze","","","unaligned","forest, grassland, urban","13","22","-2","","","","Tome of Beasts: 387"
"09c79891-9f2b-4acf-a301-78fdbcd76533","tob.trollkin-reaver","Trollkin Reaver","4","Medium","Humanoid","Trollkin","","neutral","","14","82","1","","","","Tome of Beasts: 390"
"d8d002e8-0a7f-4010-90e7-8b8ffbbbfc1e","tob.tusked-skyfish","Tusked Skyfish","4","Large","Aberration","","","lawful good","grassland","14","102","1","","","","Tome of Beasts: 391"
"417edc33-5ce9-4a26-8731-e5ea3ab8ec96","tob.umbral-vampire","Umbral Vampire","7","Medium","Fiend","","","chaotic evil","","14","84","4","","","","Tome of Beasts: 397"
"d93665ff-d379-45f9-a004-17abeb21a80d","tob.uraeus","Uraeus","2","Tiny","Celestial","","","lawful neutral","underground","14","40","2","","","","Tome of Beasts: 392"
"08958c03-f398-47e7-a399-83d49c881edf","tob.urochar-strangling-watcher","Urochar (Strangling Watcher)","17","Huge","Aberration","","","chaotic evil","underground","19","256","2","","legendary","","Tome of Beasts: 393"
"543176d3-515d-41b0-b5c0-aa4c4eb46f93","tob.ushabti","Ushabti","9","Large","Construct","","","unaligned","underground","18","105","3","","","","Tome of Beasts: 394"
"29a0483a-fc63-4337-89c7-7df8b106287b","tob.vaettir","Vaettir","4","Medium","Undead","","","lawful evil","","15","120","2","","","","Tome of Beasts: 395"
"ee56ae45-caa2-47ee-be88-ef8ed21870b4","tob.valkyrie","Valkyrie","11","Medium","Celestial","","","neutral","","16","112","4","","legendary","","Tome of Beasts: 396"
"07575c79-9ccc-46a4-ab57-d96b9048fd84","tob.vampire-warlock","Vampire Warlock","13","Medium","Undead","Shapechanger","Villain Codex","lawful evil","","16","144","4","lair","legendary","","Tome of Beasts: 425"
"a4ab2454-1855-4109-a28a-4454fd5a624e","tob.vapor-lynx","Vapor Lynx","5","Large","Monstrosity","","","chaotic neutral","grassland, swamp","14","127","4","","","","Tome of Beasts: 398"
"e1118b50-8ff5-4fdf-9750-ce728151b720","tob.venomous-mummy","Venomous Mummy","3","Medium","Undead","","","lawful evil","desert, underground","11","58","-1","","","","Tome of Beasts: 299"
"23968e0d-e500-4f46-99e3-397633cd6486","tob.vesiculosa","Vesiculosa","11","Gargantuan","Plant","","","unaligned","desert","15","203","0","","","","Tome of Beasts: 399"
"11135d19-ccc5-499e-9a2c-b70c8534e4da","tob.vila","Vila","5","Medium","Fey","","","lawful neutral","forest","15","77","5","","","","Tome of Beasts: 400"
"d5aaefda-4a21-4d41-80bb-904452dd9420","tob.vile-barber-siabhra","Vile Barber (Siabhra)","2","Small","Fey","","","chaotic evil","","15","28","4","","","","Tome of Beasts: 401"
"18cfcab3-b5f2-48c3-8515-5971d45a3972","tob.vine-lord","Vine Lord","7","Medium","Plant","","","lawful neutral","forest","16","105","5","","","","Tome of Beasts: 402"
"ebacd4fd-f8e1-45d3-9cff-2b7e473319af","tob.vine-troll-skeleton","Vine Troll Skeleton","9","Large","Plant","","","unaligned","","16","119","1","","","","Tome of Beasts: 351"
"bdf8d1f6-bb8f-4015-a671-e4e013d79fe8","tob.void-dragon-wyrmling","Void Dragon Wyrmling","2","Medium","Dragon","","Dragons","chaotic neutral","mountain","17","45","0","","","","Tome of Beasts: 140"
"dba4d591-0200-4ae7-9f45-e77876a16a7e","tob.voidling","Voidling","11","Large","Aberration","","","neutral evil","","16","110","6","","","","Tome of Beasts: 404"
"88bda2f0-9e1a-4de6-acb5-5f78e5cbd720","tob.wampus-cat","Wampus Cat","1","Medium","Monstrosity","","","chaotic neutral","forest, grassland","14","58","4","","","","Tome of Beasts: 405"
"c18ba461-0980-4422-8489-7f924139c02a","tob.war-ostrich","War Ostrich","1/2","Large","Beast","","","unaligned","desert, grassland","11","42","1","","","","Tome of Beasts: 307"
"535c9c11-ac93-4d42-b69b-5ad053561caf","tob.water-leaper","Water Leaper","4","Large","Monstrosity","","","unaligned","aquatic, coast","14","96","2","","","","Tome of Beasts: 406"
"4e909dfa-279e-4414-a203-8a304dc419e9","tob.weeping-treant","Weeping Treant","6","Huge","Plant","","","neutral","forest","17","105","-1","","","","Tome of Beasts: 388"
"3434dd3f-36ef-481c-9e32-6b5b765fecec","tob.wharfling","Wharfling","1/8","Tiny","Beast","","","unaligned","aquatic, coast","13","6","3","","","","Tome of Beasts: 407"
"c3f73d39-ded6-456e-bc1e-52b94b901786","tob.wharfling-swarm","Wharfling Swarm","4","Large","Beast","Swarm","","unaligned","aquatic, coast","14","63","3","","","","Tome of Beasts: 407"
"bc9e0ff1-bedd-4b03-ae4b-c8aa3ea0697e","tob.white-ape","White Ape","6","Large","Monstrosity","","","neutral","forest","14","114","3","","","","Tome of Beasts: 408"
"3810e7f1-c595-4e0b-910e-4bc644a42c47","tob.wind-dragon-wyrmling","Wind Dragon Wyrmling","1","Medium","Dragon","","Dragons","chaotic neutral","grassland, mountain","14","45","4","","","","Tome of Beasts: 145"
"e13c41c6-6464-4202-a4e1-2880d9a3f267","tob.witchlight","Witchlight","1/4","Tiny","Construct","","","neutral","","14","10","4","","","","Tome of Beasts: 409"
"61945580-5ceb-45a5-9764-7e3f7ae06237","tob.wolf-reaver-dwarf","Wolf Reaver Dwarf","3","Medium","Humanoid","Dwarf","Villain Codex","any chaotic","","16","76","1","","","","Tome of Beasts: 426"
"44fc2e30-8c14-485e-8dcd-7f049b463e60","tob.wolf-spirit-swarm","Wolf Spirit Swarm","6","Large","Undead","Swarm","","neutral evil","forest, grassland","16","97","3","","","","Tome of Beasts: 377"
"27368d86-58a5-43c7-a1d3-595f19116db2","tob.wormhearted-suffragan","Wormhearted Suffragan","5","Medium","Undead","","","chaotic evil","","12","97","2","","","","Tome of Beasts: 410"
"558dab89-5002-40c0-9235-4d74ed9ce9b3","tob.xanka","Xanka","1/4","Small","Construct","","","unaligned","","15","18","2","","","","Tome of Beasts: 411"
"76571f12-5e97-4402-b554-21af217c505a","tob.xhkarsh","Xhkarsh","8","Large","Aberration","","","neutral evil","","19","133","5","","","","Tome of Beasts: 412"
"19d46a6d-faba-43d1-8231-fbd73251fb90","tob.ychen-bannog","Ychen Bannog","11","Gargantuan","Beast","","","unaligned","forest, grassland, mountain","17","231","0","","","","Tome of Beasts: 413"
"c7d443c2-ed3c-4015-9e9e-7b11e15e0e9d","tob.young-cave-dragon","Young Cave Dragon","8","Large","Dragon","","Dragons","neutral evil","underground","17","157","1","","","","Tome of Beasts: 127"
"12314cf6-d600-4846-b720-6b9c8c0c7126","tob.young-flame-dragon","Young Flame Dragon","9","Large","Dragon","","Dragons","chaotic evil","mountain, underground","18","161","2","","","","Tome of Beasts: 130"
"1b0d62f6-3c35-47e2-9390-32cd6319a146","tob.young-mithral-dragon","Young Mithral Dragon","6","Medium","Dragon","","Dragons","neutral","mountain","16","92","6","","","","Tome of Beasts: 134"
"fa12b6ea-08af-4c29-a08f-d1cf4645eecc","tob.young-sea-dragon","Young Sea Dragon","9","Large","Dragon","","Dragons","neutral evil","aquatic, mountain","18","152","0","","","","Tome of Beasts: 136"
"a2dbba10-4493-47d2-b83c-f3d84194d6a8","tob.young-spinosaurus","Young Spinosaurus","5","Huge","Beast","","Dinosaurs","unaligned","coast, forest, swamp","14","105","0","","","","Tome of Beasts: 117"
"b474ce40-7d47-468c-b901-9107d20bb9ac","tob.young-void-dragon","Young Void Dragon","9","Large","Dragon","","Dragons","chaotic neutral","mountain","18","157","0","","","","Tome of Beasts: 140"
"d70e8de5-8d09-4a58-a3b6-b41f64cddb5b","tob.young-wind-dragon","Young Wind Dragon","6","Large","Dragon","","Dragons","chaotic neutral","grassland, mountain","17","150","4","","","","Tome of Beasts: 144"
"7a979569-87ea-46d9-8475-eba92c1e5f04","tob.zanskaran-viper","Zanskaran Viper","1","Large","Beast","","Snakes","unaligned","swamp","14","38","0","","","","Tome of Beasts: 354"
"148558cc-fa9e-493d-b089-19c56e1d2b0b","tob.zaratan","Zaratan","26","Gargantuan","Monstrosity","","","unaligned","aquatic","25","507","-4","","legendary","","Tome of Beasts: 414"
"48f0ec18-5e92-4881-932e-7744de2032bb","tob.zimwi","Zimwi","4","Medium","Giant","","","chaotic evil","","17","76","4","","","","Tome of Beasts: 415"
"5ece18ae-3cfb-404b-b318-e9ee3a2155de","tob.zmey","Zmey","14","Huge","Dragon","","","chaotic evil","forest, swamp","18","189","1","","legendary","","Tome of Beasts: 416"
"","tob.zmey-headling","Zmey Headling","5","Medium","Dragon","","","chaotic evil","forest, swamp","16","105","0","","","","Tome of Beasts: 417"
"","ubroth.adolescent-ogre","Adolescent Ogre","1/2","Medium","Giant","","Ogres","chaotic evil","cave, coast, desert, dungeon, forest, grassland, mountain, ruins, swamp","15","37","2","","","","Ultimate Bestiary Revenge of the Horde: 117"
"","ubroth.afflicted-cave-goblin","Afflicted Cave Goblin","1","Small","Humanoid","Goblinoid","Cave Goblins","neutral evil","cave, underground","","","","","","","Ultimate Bestiary Revenge of the Horde: 76"
"","ubroth.bugbear-ambusher","Bugbear Ambusher","3","Medium","Humanoid","Goblinoid","Bugbears","chaotic evil","forest, grassland","","","","","","","Ultimate Bestiary Revenge of the Horde: 14"
"","ubroth.bugbear-archer","Bugbear Archer","1/2","Medium","Humanoid","Goblinoid","Bugbears","chaotic evil","forest, grassland","","","","","","","Ultimate Bestiary Revenge of the Horde: 10"
"","ubroth.bugbear-brute","Bugbear Brute","2","Medium","Humanoid","Goblinoid","Bugbears","chaotic evil","forest, grassland","","","","","","","Ultimate Bestiary Revenge of the Horde: 12"
"","ubroth.bugbear-cutthroat","Bugbear Cutthroat","1","Medium","Humanoid","Goblinoid","Bugbears","chaotic evil","forest, grassland","","","","","","","Ultimate Bestiary Revenge of the Horde: 11"
"","ubroth.bugbear-elder","Bugbear Elder","4","Medium","Humanoid","Goblinoid","Bugbears","chaotic evil","forest, grassland","","","","","","","Ultimate Bestiary Revenge of the Horde: 15"
"","ubroth.bugbear-headman","Bugbear Headman","6","Medium","Humanoid","Goblinoid","Bugbears","chaotic evil","forest, grassland","","","","","","","Ultimate Bestiary Revenge of the Horde: 17"
"","ubroth.bugbear-hunter","Bugbear Hunter","2","Medium","Humanoid","Goblinoid","Bugbears","chaotic evil","forest, grassland","","","","","","","Ultimate Bestiary Revenge of the Horde: 13"
"","ubroth.bugbear-shaman","Bugbear Shaman","6","Medium","Humanoid","Goblinoid","Bugbears","chaotic evil","forest, grassland","","","","","","","Ultimate Bestiary Revenge of the Horde: 18"
"","ubroth.bugbear-warrior","Bugbear Warrior","4","Medium","Humanoid","Goblinoid","Bugbears","chaotic evil","forest, grassland","","","","","","","Ultimate Bestiary Revenge of the Horde: 16"
"","ubroth.cave-goblin","Cave Goblin","1/2","Small","Humanoid","Goblinoid","Cave Goblins","neutral evil","cave, underground","","","","","","","Ultimate Bestiary Revenge of the Horde: 73"
"","ubroth.cave-goblin-brute","Cave Goblin Brute","1/2","Small","Humanoid","Goblinoid","Cave Goblins","neutral evil","cave, underground","","","","","","","Ultimate Bestiary Revenge of the Horde: 74"
"","ubroth.cave-goblin-king","Cave Goblin King","2","Small","Humanoid","Goblinoid","Cave Goblins","neutral evil","cave, underground","","","","","","","Ultimate Bestiary Revenge of the Horde: 77"
"","ubroth.cave-goblin-runt","Cave Goblin Runt","1/8","Small","Humanoid","Goblinoid","Cave Goblins","neutral evil","cave, underground","","","","","","","Ultimate Bestiary Revenge of the Horde: 72"
"","ubroth.cave-troll","Cave Troll","6","Large","Giant","","Trolls","chaotic neutral","cave, underground","17","138","1","","","","Ultimate Bestiary Revenge of the Horde: 154"
"","ubroth.dragon-kobold-acolyte","Dragon Kobold Acolyte","1/8","Small","Humanoid","Kobold","Dragon kobolds","neutral evil","cave, underground","","","","","","","Ultimate Bestiary Revenge of the Horde: 107"
"","ubroth.dragon-kobold-mutant","Dragon Kobold Mutant","2","Small","Humanoid","Kobold","Dragon kobolds","neutral evil","cave, underground","","","","","","","Ultimate Bestiary Revenge of the Horde: 109"
"","ubroth.dragon-kobold-prophet","Dragon Kobold Prophet","8","Small","Humanoid","Kobold","Dragon kobolds","neutral evil","cave, underground","","","","","","","Ultimate Bestiary Revenge of the Horde: 111"
"","ubroth.dragon-kobold-warrior","Dragon Kobold Warrior","1","Small","Humanoid","Kobold","Dragon kobolds","neutral evil","cave, underground","","","","","","","Ultimate Bestiary Revenge of the Horde: 108"
"","ubroth.dragon-kobold-wizard","Dragon Kobold Wizard","4","Small","Humanoid","Kobold","Dragon kobolds","neutral evil","cave, underground","","","","","","","Ultimate Bestiary Revenge of the Horde: 110"
"","ubroth.feral-cave-goblin","Feral Cave Goblin","1/2","Small","Humanoid","Goblinoid","Cave Goblins","neutral evil","cave, underground","","","","","","","Ultimate Bestiary Revenge of the Horde: 75"
"","ubroth.forest-goblin","Forest Goblin","1/4","Small","Humanoid","Goblinoid","Forest Goblins","neutral evil","forest","","","","","","","Ultimate Bestiary Revenge of the Horde: 52"
"","ubroth.forest-goblin-shaman","Forest Goblin Shaman","1","Small","Humanoid","Goblinoid","Forest Goblins","neutral evil","forest","","","","","","","Ultimate Bestiary Revenge of the Horde: 56"
"","ubroth.forest-goblin-sneak","Forest Goblin Sneak","1/2","Small","Humanoid","Goblinoid","Forest Goblins","neutral evil","forest","","","","","","","Ultimate Bestiary Revenge of the Horde: 53"
"","ubroth.forest-goblin-thief","Forest Goblin Thief","1/2","Small","Humanoid","Goblinoid","Forest Goblins","neutral evil","forest","","","","","","","Ultimate Bestiary Revenge of the Horde: 54"
"","ubroth.forest-goblin-trapper","Forest Goblin Trapper","1/2","Small","Humanoid","Goblinoid","Forest Goblins","neutral evil","forest","","","","","","","Ultimate Bestiary Revenge of the Horde: 55"
"","ubroth.forest-troll","Forest Troll","5","Large","Giant","","Trolls","chaotic evil","forest","15","73","1","","","","Ultimate Bestiary Revenge of the Horde: 153"
"","ubroth.frost-troll","Frost Troll","7","Large","Giant","","Trolls","chaotic evil","arctic, mountain","16","162","1","","","","Ultimate Bestiary Revenge of the Horde: 156"
"","ubroth.gutter-gnoll-fighter","Gutter Gnoll Fighter","1","Medium","Humanoid","Gnoll","Gutter gnolls","chaotic evil","urban","","","","","","","Ultimate Bestiary Revenge of the Horde: 36"
"","ubroth.gutter-gnoll-lightfoot","Gutter Gnoll Lightfoot","1/2","Medium","Humanoid","Gnoll","Gutter gnolls","chaotic evil","urban","","","","","","","Ultimate Bestiary Revenge of the Horde: 34"
"","ubroth.gutter-gnoll-pack-leader","Gutter Gnoll Pack Leader","2","Medium","Humanoid","Gnoll","Gutter gnolls","chaotic evil","urban","","","","","","","Ultimate Bestiary Revenge of the Horde: 37"
"","ubroth.gutter-gnoll-shaman","Gutter Gnoll Shaman","4","Medium","Humanoid","Gnoll","Gutter gnolls","chaotic evil","urban","","","","","","","Ultimate Bestiary Revenge of the Horde: 38"
"","ubroth.gutter-gnoll-tracker","Gutter Gnoll Tracker","1/2","Medium","Humanoid","Gnoll","Gutter gnolls","chaotic evil","urban","","","","","","","Ultimate Bestiary Revenge of the Horde: 35"
"","ubroth.hill-goblin","Hill Goblin","1/4","Small","Humanoid","Goblinoid","Hill Goblins","neutral evil","cave, coast, desert, dungeon, forest, grassland, mountain, ruins, swamp","","","","","","","Ultimate Bestiary Revenge of the Horde: 60"
"","ubroth.hill-goblin-alchemist","Hill Goblin Alchemist","2","Small","Humanoid","Goblinoid","Hill Goblins","neutral evil","cave, coast, desert, dungeon, forest, grassland, mountain, ruins, swamp","","","","","","","Ultimate Bestiary Revenge of the Horde: 65"
"","ubroth.hill-goblin-archer","Hill Goblin Archer","1/4","Small","Humanoid","Goblinoid","Hill Goblins","neutral evil","cave, coast, desert, dungeon, forest, grassland, mountain, ruins, swamp","","","","","","","Ultimate Bestiary Revenge of the Horde: 61"
"","ubroth.hill-goblin-beastmaster","Hill Goblin Beastmaster","2","Small","Humanoid","Goblinoid","Hill Goblins","neutral evil","cave, coast, desert, dungeon, forest, grassland, mountain, ruins, swamp","","","","","","","Ultimate Bestiary Revenge of the Horde: 66"
"","ubroth.hill-goblin-bomber","Hill Goblin Bomber","1/2","Small","Humanoid","Goblinoid","Hill Goblins","neutral evil","cave, coast, desert, dungeon, forest, grassland, mountain, ruins, swamp","","","","","","","Ultimate Bestiary Revenge of the Horde: 62"
"","ubroth.hill-goblin-champion","Hill Goblin Champion","2","Small","Humanoid","Goblinoid","Hill Goblins","neutral evil","cave, coast, desert, dungeon, forest, grassland, mountain, ruins, swamp","","","","","","","Ultimate Bestiary Revenge of the Horde: 67"
"","ubroth.hill-goblin-driver","Hill Goblin Driver","1","Small","Humanoid","Goblinoid","Hill Goblins","neutral evil","cave, coast, desert, dungeon, forest, grassland, mountain, ruins, swamp","","","","","","","Ultimate Bestiary Revenge of the Horde: 63"
"","ubroth.hill-goblin-warlord","Hill Goblin Warlord","3","Small","Humanoid","Goblinoid","Hill Goblins","neutral evil","cave, coast, desert, dungeon, forest, grassland, mountain, ruins, swamp","","","","","","","Ultimate Bestiary Revenge of the Horde: 68"
"","ubroth.hill-goblin-warrior","Hill Goblin Warrior","1","Small","Humanoid","Goblinoid","Hill Goblins","neutral evil","cave, coast, desert, dungeon, forest, grassland, mountain, ruins, swamp","","","","","","","Ultimate Bestiary Revenge of the Horde: 64"
"","ubroth.hill-troll","Hill Troll","20","Gargantuan","Giant","","Trolls","neutral","coast, desert, forest, grassland, swamp","15","390","-3","","","","Ultimate Bestiary Revenge of the Horde: 158"
"","ubroth.hobgoblin-arbalester","Hobgoblin Arbalester","2","Medium","Humanoid","Goblinoid","Hobgoblins","lawful evil","coast, desert, dungeon, forest, grassland, mountain, ruins, swamp","","","","","","","Ultimate Bestiary Revenge of the Horde: 89"
"","ubroth.hobgoblin-archer","Hobgoblin Archer","1","Medium","Humanoid","Goblinoid","Hobgoblins","lawful evil","coast, desert, dungeon, forest, grassland, mountain, ruins, swamp","","","","","","","Ultimate Bestiary Revenge of the Horde: 87"
"","ubroth.hobgoblin-centurion","Hobgoblin Centurion","4","Medium","Humanoid","Goblinoid","Hobgoblins","lawful evil","coast, desert, dungeon, forest, grassland, mountain, ruins, swamp","","","","","","","Ultimate Bestiary Revenge of the Horde: 91"
"","ubroth.hobgoblin-grunt","Hobgoblin Grunt","1/2","Medium","Humanoid","Goblinoid","Hobgoblins","lawful evil","coast, desert, dungeon, forest, grassland, mountain, ruins, swamp","","","","","","","Ultimate Bestiary Revenge of the Horde: 85"
"","ubroth.hobgoblin-imperator","Hobgoblin Imperator","5","Medium","Humanoid","Goblinoid","Hobgoblins","lawful evil","coast, desert, dungeon, forest, grassland, mountain, ruins, swamp","","","","","","","Ultimate Bestiary Revenge of the Horde: 93"
"","ubroth.hobgoblin-legate","Hobgoblin Legate","5","Medium","Humanoid","Goblinoid","Hobgoblins","lawful evil","coast, desert, dungeon, forest, grassland, mountain, ruins, swamp","","","","","","","Ultimate Bestiary Revenge of the Horde: 92"
"","ubroth.hobgoblin-pikeman","Hobgoblin Pikeman","1","Medium","Humanoid","Goblinoid","Hobgoblins","lawful evil","coast, desert, dungeon, forest, grassland, mountain, ruins, swamp","","","","","","","Ultimate Bestiary Revenge of the Horde: 88"
"","ubroth.hobgoblin-scout","Hobgoblin Scout","1/4","Medium","Humanoid","Goblinoid","Hobgoblins","lawful evil","coast, desert, dungeon, forest, grassland, mountain, ruins, swamp","","","","","","","Ultimate Bestiary Revenge of the Horde: 84"
"","ubroth.hobgoblin-soldier","Hobgoblin Soldier","3","Medium","Humanoid","Goblinoid","Hobgoblins","lawful evil","coast, desert, dungeon, forest, grassland, mountain, ruins, swamp","","","","","","","Ultimate Bestiary Revenge of the Horde: 90"
"","ubroth.hobgoblin-warrior","Hobgoblin Warrior","1/2","Medium","Humanoid","Goblinoid","Hobgoblins","lawful evil","coast, desert, dungeon, forest, grassland, mountain, ruins, swamp","","","","","","","Ultimate Bestiary Revenge of the Horde: 86"
"","ubroth.kobold-beastmaster","Kobold Beastmaster","1/2","Small","Humanoid","Kobold","Warren kobolds","neutral","cave, underground","","","","","","","Ultimate Bestiary Revenge of the Horde: 102"
"","ubroth.kobold-javelin-thrower","Kobold Javelin Thrower","1/4","Small","Humanoid","Kobold","Warren kobolds","neutral","cave, underground","","","","","","","Ultimate Bestiary Revenge of the Horde: 100"
"","ubroth.kobold-king","Kobold King","1","Small","Humanoid","Kobold","Warren kobolds","neutral","cave, underground","","","","","","","Ultimate Bestiary Revenge of the Horde: 103"
"","ubroth.kobold-miner","Kobold Miner","1/8","Small","Humanoid","Kobold","Warren kobolds","neutral","cave, underground","","","","","","","Ultimate Bestiary Revenge of the Horde: 99"
"","ubroth.kobold-spearman","Kobold Spearman","1/4","Small","Humanoid","Kobold","Warren kobolds","neutral","cave, underground","","","","","","","Ultimate Bestiary Revenge of the Horde: 101"
"","ubroth.mangy-rock-gnoll","Mangy Rock Gnoll","2","Medium","Humanoid","Gnoll","Rock gnolls","chaotic evil","mountain","","","","","","","Ultimate Bestiary Revenge of the Horde: 44"
"","ubroth.mountain-troll","Mountain Troll","10","Huge","Giant","","Trolls","neutral","mountain, grassland","16","150","1","","","","Ultimate Bestiary Revenge of the Horde: 157"
"","ubroth.ogre-berserker","Ogre Berserker","7","Large","Giant","","Ogres","chaotic evil","cave, coast, desert, dungeon, forest, grassland, mountain, ruins, swamp","15","168","0","","","","Ultimate Bestiary Revenge of the Horde: 120"
"","ubroth.ogre-charger","Ogre Charger","5","Large","Giant","","Ogres","chaotic evil","cave, coast, desert, dungeon, forest, grassland, mountain, ruins, swamp","15","105","0","","","","Ultimate Bestiary Revenge of the Horde: 119"
"","ubroth.ogre-collector","Ogre Collector","13","Huge","Giant","","Ogres","chaotic evil","cave, coast, desert, dungeon, forest, grassland, mountain, ruins, swamp","18","225","-1","","","","Ultimate Bestiary Revenge of the Horde: 121"
"","ubroth.ogre-hurler","Ogre Hurler","2","Large","Giant","","Ogres","chaotic evil","cave, coast, desert, dungeon, forest, grassland, mountain, ruins, swamp","15","66","1","","","","Ultimate Bestiary Revenge of the Horde: 118"
"","ubroth.ogre-master","Ogre Master","16","Huge","Giant","","Ogres","chaotic evil","cave, coast, desert, dungeon, forest, grassland, mountain, ruins, swamp","19","230","-1","","","","Ultimate Bestiary Revenge of the Horde: 122"
"","ubroth.okiti-assassin","Okiti Assassin","2","Small","Humanoid","Okiti","Okiti","chaotic neutral","coast, urban","15","17","4","","","","Ultimate Bestiary Revenge of the Horde: 129"
"","ubroth.okiti-brigand","Okiti Brigand","1","Small","Humanoid","Okiti","Okiti","chaotic neutral","coast, urban","15","14","3","","","","Ultimate Bestiary Revenge of the Horde: 128"
"","ubroth.okiti-poisoner","Okiti Poisoner","2","Small","Humanoid","Okiti","Okiti","chaotic neutral","coast, urban","17","19","3","","","","Ultimate Bestiary Revenge of the Horde: 130"
"","ubroth.okiti-ringleader","Okiti Ringleader","2","Small","Humanoid","Okiti","Okiti","chaotic neutral","coast, urban","16","27","4","","","","Ultimate Bestiary Revenge of the Horde: 131"
"","ubroth.okiti-sneak","Okiti Sneak","1/2","Small","Humanoid","Okiti","Okiti","chaotic neutral","coast, urban","14","7","3","","","","Ultimate Bestiary Revenge of the Horde: 127"
"","ubroth.okiti-swashbuckler","Okiti Swashbuckler","2","Small","Humanoid","Okiti","Okiti","chaotic neutral","coast, urban","18","17","4","","","","Ultimate Bestiary Revenge of the Horde: 132"
"","ubroth.orc-archer","Orc Archer","1/2","Medium","Humanoid","Orc","Orcs","chaotic evil","arctic, cave, coast, desert, dungeon, forest, grassland, mountain, ruins, swamp","14","19","3","","","","Ultimate Bestiary Revenge of the Horde: 138"
"","ubroth.orc-battleborn","Orc Battleborn","1","Medium","Humanoid","Orc","Orcs","chaotic evil","arctic, cave, coast, desert, dungeon, forest, grassland, mountain, ruins, swamp","16","37","1","","","","Ultimate Bestiary Revenge of the Horde: 141"
"","ubroth.orc-berserker","Orc Berserker","5","Medium","Humanoid","Orc","Orcs","chaotic evil","arctic, cave, coast, desert, dungeon, forest, grassland, mountain, ruins, swamp","15","67","2","","","","Ultimate Bestiary Revenge of the Horde: 146"
"","ubroth.orc-bruiser","Orc Bruiser","3","Medium","Humanoid","Orc","Orcs","chaotic evil","arctic, cave, coast, desert, dungeon, forest, grassland, mountain, ruins, swamp","17","60","2","","","","Ultimate Bestiary Revenge of the Horde: 142"
"","ubroth.orc-captain","Orc Captain","3","Medium","Humanoid","Orc","Orcs","chaotic evil","arctic, cave, coast, desert, dungeon, forest, grassland, mountain, ruins, swamp","19","45","1","","","","Ultimate Bestiary Revenge of the Horde: 143"
"","ubroth.orc-commander","Orc Commander","3","Medium","Humanoid","Orc","Orcs","chaotic evil","arctic, cave, coast, desert, dungeon, forest, grassland, mountain, ruins, swamp","19","52","1","","","","Ultimate Bestiary Revenge of the Horde: 144"
"","ubroth.orc-shaman","Orc Shaman","4","Medium","Humanoid","Orc","Orcs","chaotic evil","arctic, cave, coast, desert, dungeon, forest, grassland, mountain, ruins, swamp","14","55","2","","","","Ultimate Bestiary Revenge of the Horde: 145"
"","ubroth.orc-soldier","Orc Soldier","1/2","Medium","Humanoid","Orc","Orcs","chaotic evil","arctic, cave, coast, desert, dungeon, forest, grassland, mountain, ruins, swamp","16","30","1","","","","Ultimate Bestiary Revenge of the Horde: 139"
"","ubroth.orc-warlord","Orc Warlord","6","Medium","Humanoid","Orc","Orcs","chaotic evil","arctic, cave, coast, desert, dungeon, forest, grassland, mountain, ruins, swamp","17","85","1","","","","Ultimate Bestiary Revenge of the Horde: 147"
"","ubroth.orc-warrior","Orc Warrior","1/2","Medium","Humanoid","Orc","Orcs","chaotic evil","arctic, cave, coast, desert, dungeon, forest, grassland, mountain, ruins, swamp","13","22","1","","","","Ultimate Bestiary Revenge of the Horde: 140"
"","ubroth.plains-gnoll-archer","Plains Gnoll Archer","1/2","Medium","Humanoid","Gnoll","Plains gnolls","chaotic evil","grassland","","","","","","","Ultimate Bestiary Revenge of the Horde: 26"
"","ubroth.plains-gnoll-clanmother","Plains Gnoll Clanmother","5","Medium","Humanoid","Gnoll","Plains gnolls","chaotic evil","grassland","","","","","","","Ultimate Bestiary Revenge of the Horde: 30"
"","ubroth.plains-gnoll-runner","Plains Gnoll Runner","1/4","Medium","Humanoid","Gnoll","Plains gnolls","chaotic evil","grassland","","","","","","","Ultimate Bestiary Revenge of the Horde: 25"
"","ubroth.plains-gnoll-shaman","Plains Gnoll Shaman","3","Medium","Humanoid","Gnoll","Plains gnolls","chaotic evil","grassland","","","","","","","Ultimate Bestiary Revenge of the Horde: 29"
"","ubroth.plains-gnoll-spearman","Plains Gnoll Spearman","1","Medium","Humanoid","Gnoll","Plains gnolls","chaotic evil","grassland","","","","","","","Ultimate Bestiary Revenge of the Horde: 27"
"","ubroth.plains-gnoll-warrior","Plains Gnoll Warrior","3","Medium","Humanoid","Gnoll","Plains gnolls","chaotic evil","grassland","","","","","","","Ultimate Bestiary Revenge of the Horde: 28"
"","ubroth.rock-gnoll-alpha","Rock Gnoll Alpha","3","Medium","Humanoid","Gnoll","Rock gnolls","chaotic evil","mountain","","","","","","","Ultimate Bestiary Revenge of the Horde: 45"
"","ubroth.rock-gnoll-runt","Rock Gnoll Runt","1/4","Medium","Humanoid","Gnoll","Rock gnolls","chaotic evil","mountain","","","","","","","Ultimate Bestiary Revenge of the Horde: 42"
"","ubroth.rock-gnoll-shaman","Rock Gnoll Shaman","8","Medium","Humanoid","Gnoll","Rock gnolls","chaotic evil","mountain","","","","","","","Ultimate Bestiary Revenge of the Horde: 46"
"","ubroth.rock-gnoll-sneak","Rock Gnoll Sneak","1/4","Medium","Humanoid","Gnoll","Rock gnolls","chaotic evil","mountain","","","","","","","Ultimate Bestiary Revenge of the Horde: 43"
"","ubroth.swamp-troll","Swamp Troll","6","Large","Giant","","Trolls","chaotic evil","swamp","15","105","1","","","","Ultimate Bestiary Revenge of the Horde: 155"