"guid","fid","name","cr","size","type","tags","section","alignment","environment","ac","hp","init","lair?","legendary?","unique?","sources"
"","cc.abyssal-eviscerator","Abyssal Eviscerator","","Medium","Fiend","Demon","Demons","chaotic evil","dungeon, planar","16","37","1","","","","Critter Compendium: 44"
"","cc.abyssal-rotfiend","Abyssal Rotfiend","15","Large","Fiend","Demon","Demons","chaotic evil","dungeon, planar","20","231","2","","","","Critter Compendium: 45"
"","cc.abyssal-scavenger","Abyssal Scavenger","1","Medium","Fiend","Demon","Demons","chaotic evil","dungeon, planar","15","22","3","","","","Critter Compendium: 44"
"","cc.abyssal-wurm","Abyssal Wurm","22","Gargantuan","Dragon","Demon","Demons","chaotic evil","dungeon, planar","20","332","4","","legendary","","Critter Compendium: 46"
"","cc.achaierai","Achaierai","3","Large","Fiend","","","lawful evil","grassland","15","53","2","","","","Critter Compendium: 6"
"","cc.adult-arrowhawk","Adult Arrowhawk","2","Medium","Elemental","","Arrowhawks","neutral","mountain, planar","16","38","4","","","","Critter Compendium: 11"
"","cc.adult-kruthik","Adult Kruthik","3","Medium","Monstrosity","","Kruthik","lawful evil","cave, forest, grassland, planar","18","42","5","","","","Critter Compendium: 125"
"","cc.adult-moon-dragon","Adult Moon Dragon","15","Huge","Dragon","","Cosmic Dragons","any chaotic","cave, coast","19","207","0","lair","legendary","","Critter Compendium: 71"
"","cc.adult-sun-dragon","Adult Sun Dragon","15","Huge","Dragon","","Cosmic Dragons","any lawful","forest, mountain","18","230","2","lair","legendary","","Critter Compendium: 75"
"","cc.adult-time-dragon","Adult Time Dragon","17","Huge","Dragon","","Cosmic Dragons","any chaotic","grassland, forest","19","226","0","lair","legendary","","Critter Compendium: 78"
"","cc.adult-tojanida","Adult Tojanida","3","Medium","Elemental","","","neutral","aquatic, arctic, coast","18","58","1","","","","Critter Compendium: 200"
"","cc.adult-void-dragon","Adult Void Dragon","15","Huge","Dragon","","Cosmic Dragons","chaotic evil","desert, underground","18","195","1","lair","legendary","","Critter Compendium: 82"
"","cc.adult-warp-dragon","Adult Warp Dragon","16","Huge","Dragon","","Cosmic Dragons","any lawful","aquatic, coast","19","212","1","lair","legendary","","Critter Compendium: 85"
"","cc.allip","Allip","2","Medium","Undead","","","neutral evil","dungeon, ruins, urban","12","26","2","","","","Critter Compendium: 7"
"","cc.ancient-frost-salamander","Ancient Frost Salamander","23","Gargantuan","Monstrosity","","Frost Salamander","chaotic evil","arctic, cave","20","396","0","","","","Critter Compendium: 101"
"","cc.ancient-moon-dragon","Ancient Moon Dragon","22","Gargantuan","Dragon","","Cosmic Dragons","any chaotic","cave, coast","22","385","0","lair","legendary","","Critter Compendium: 70"
"","cc.ancient-sun-dragon","Ancient Sun Dragon","22","Gargantuan","Dragon","","Cosmic Dragons","any lawful","forest, mountain","21","455","2","lair","legendary","","Critter Compendium: 74"
"","cc.ancient-time-dragon","Ancient Time Dragon","24","Gargantuan","Dragon","","Cosmic Dragons","any chaotic","grassland, forest","22","546","0","lair","legendary","","Critter Compendium: 77"
"","cc.ancient-void-dragon","Ancient Void Dragon","22","Gargantuan","Dragon","","Cosmic Dragons","chaotic evil","desert, underground","21","420","1","lair","legendary","","Critter Compendium: 81"
"","cc.ancient-warp-dragon","Ancient Warp Dragon","23","Gargantuan","Dragon","","Cosmic Dragons","any lawful","aquatic, coast","22","481","1","lair","legendary","","Critter Compendium: 84"
"","cc.arcadian-avenger","Arcadian Avenger","3","Medium","Celestial","","","lawful good","planar","16","56","2","","","","Critter Compendium: 8"
"","cc.armanite","Armanite","4","Large","Fiend","Demon","Demons","chaotic evil","grassland, planar","18","57","1","","","","Critter Compendium: 47"
"","cc.artaaglith","Artaaglith","4","Medium","Fiend","Demon","Demons","chaotic evil","dungeon, planar","14","52","1","","","","Critter Compendium: 47"
"","cc.artificial-giant-crab","Artificial Giant Crab","1/4","Medium","Construct","","Templates","unaligned","aquatic, coast, dungeon, ruins, urban","15","13","2","","","","Critter Compendium: 255"
"","cc.astral-stalker","Astral Stalker","8","Medium","Fiend","","","lawful evil","dungeon, forest, planar","18","119","4","","","","Critter Compendium: 12"
"","cc.athach","Athach","8","Huge","Giant","","","chaotic evil","dungeon, forest, mountain, ruins","17","147","8","","","","Critter Compendium: 13"
"","cc.avathu","Avathu","14","Huge","Fiend","Obyrith","Obyrith","chaotic evil","dungeon, planar","17","201","0","","","","Critter Compendium: 153"
"","cc.awakened-vine","Awakened Vine","1/8","Medium","Plant","","Misc Creatures","unaligned","forest, swamp","9","27","-1","","","","Critter Compendium: 222"
"","cc.balhannoth","Balhannoth","8","Large","Aberration","","","chaotic neutral","dungeon, underground","17","147","3","","","","Critter Compendium: 15"
"","cc.banderhobb-filch","Banderhobb Filch","2","Small","Monstrosity","","Banderhobbs","neutral evil","planar, urban","14","39","2","","","","Critter Compendium: 16"
"","cc.banderhobb-mother","Banderhobb Mother","10","Huge","Monstrosity","","Banderhobbs","neutral evil","planar, urban","16","191","0","","","","Critter Compendium: 17"
"","cc.banedead","Banedead","2","Medium","Undead","","","lawful evil","dungeon, urban","14","39","0","","","","Critter Compendium: 18"
"","cc.banelar","Banelar","8","Huge","Monstrosity","","Nagas, Lesser","lawful evil","cave, coast, dungeon, ruins, underground","14","152","0","","","","Critter Compendium: 143"
"","cc.banshrae","Banshrae","5","Medium","Fey","","","chaotic evil","forest","18","84","4","","","","Critter Compendium: 19"
"","cc.berbalang","Berbalang","7","Medium","Monstrosity","","","chaotic evil","urban","15","120","4","","","","Critter Compendium: 20"
"","cc.bhasylit","Bhasylit","1/4","Tiny","Fiend","Obyrith","Obyrith","chaotic evil","aquatic, dungeon, planar","12","15","2","","","","Critter Compendium: 153"
"","cc.blackscale-lizardfolk","Blackscale Lizardfolk","2","Large","Humanoid","Lizardfolk","Lizardfolk","neutral","forest, swamp","16","37","2","","","","Critter Compendium: 129"
"","cc.bladeling","Bladeling","1/2","Medium","Humanoid","Bladeling","","lawful neutral","planar, urban","15","11","1","","","","Critter Compendium: 21"
"","cc.blighted-bloodfire","Blighted Bloodfire","14","Huge","Ooze","","Bloodfire Ooze","neutral evil","dungeon, underground","12","195","2","","","","Critter Compendium: 24"
"","cc.blood-demon","Blood Demon","5","Medium","Fiend","Demon","Demons","chaotic evil","dungeon, planar","14","58","4","","","","Critter Compendium: 48"
"","cc.blood-fiend","Blood Fiend","14","Medium","Fiend","","","chaotic evil","dungeon, planar, underground","19","168","5","","","","Critter Compendium: 22"
"","cc.blood-raven","Blood Raven","0","Tiny","Beast","","Misc Creatures","unaligned","forest, grassland, ruins","12","1","2","","","","Critter Compendium: 222"
"","cc.bloodfire-ooze","Bloodfire Ooze","11","Huge","Ooze","","Bloodfire Ooze","neutral evil","dungeon, underground","12","195","2","","","","Critter Compendium: 23"
"","cc.bloodhulk-crusher","Bloodhulk Crusher","13","Huge","Undead","","Bloodhulks","neutral evil","dungeon, underground, urban","14","362","-2","","","","Critter Compendium: 24"
"","cc.bloodhulk-fighter","Bloodhulk Fighter","5","Medium","Undead","","Bloodhulks","neutral evil","dungeon, underground, urban","13","153","0","","","","Critter Compendium: 25"
"","cc.bloodhulk-giant","Bloodhulk Giant","8","Large","Undead","","Bloodhulks","neutral evil","dungeon, underground, urban","14","253","-1","","","","Critter Compendium: 25"
"","cc.blue-arcanian","Blue Arcanian","5","Medium","Undead","","Arcanians","chaotic evil","dungeon, urban","15","78","0","","","","Critter Compendium: 9"
"","cc.blue-whale","Blue Whale","10","Gargantuan","Beast","","Misc Creatures","unaligned","aquatic","18","264","-2","","","","Critter Compendium: 222"
"","cc.boggoul","Boggoul","1","Small","Undead","","","chaotic evil","dungeon, underground, urban","14","21","4","","","","Critter Compendium: 27"
"","cc.boneclaw","Boneclaw","7","Large","Undead","","","chaotic evil","dungeon, underground, urban","16","133","4","","","","Critter Compendium: 28"
"","cc.bonedrinker","Bonedrinker","6","Medium","Undead","","","chaotic evil","dungeon, underground, urban","15","97","3","","","","Critter Compendium: 29"
"","cc.bonesinger","Bonesinger","3","Medium","Undead","","","neutral evil","urban","16","32","4","","","","Critter Compendium: 30"
"","cc.bonespur","Bonespur","2","Large","Undead","","Skeletons & Zombies","lawful evil","dungeon, ruins, urban","13","30","1","","","","Critter Compendium: 232"
"","cc.briar-witch-dryad","Briar Witch Dryad","2","Medium","Fey","","","neutral","forest","","45","0","","","","Critter Compendium: 91"
"","cc.briarvex","Briarvex","5","Large","Plant","","","neutral evil","forest","16","95","0","","","","Critter Compendium: 31"
"","cc.bright-naga","Bright Naga","2","Large","Monstrosity","","Nagas, Lesser","chaotic evil","cave, dungeon, ruins, underground","14","39","3","","","","Critter Compendium: 144"
"","cc.bulezau","Bulezau","8","Large","Fiend","Demon","Demons","chaotic evil","dungeon, planar","16","123","2","","","","Critter Compendium: 49"
"","cc.cadaver-collector","Cadaver Collector","11","Large","Construct","","","unaligned","dungeon, grassland, urban","19","133","0","","","","Critter Compendium: 32"
"","cc.catfolk","Catfolk","1/4","Medium","Humanoid","Catfolk","Catfolk","chaotic good","desert, grassland, urban","12","9","1","","","","Critter Compendium: 33"
"","cc.catfolk-hunter","Catfolk Hunter","1","Medium","Humanoid","Catfolk","Catfolk","chaotic good","desert, grassland, urban","15","22","3","","","","Critter Compendium: 33"
"","cc.celestial-giant-elk","Celestial Giant Elk","2","Large","Celestial","","Templates","neutral good","forest, planar","14","26","3","","","","Critter Compendium: 255"
"","cc.chameleon","Chameleon","0","Tiny","Beast","","Misc Creatures","unaligned","forest, swamp","11","2","1","","","","Critter Compendium: 222"
"","cc.chicken","Chicken","0","Tiny","Beast","","Misc Creatures","unaligned","urban","10","3","0","","","","Critter Compendium: 223"
"","cc.choker","Choker","1","Small","Aberration","","Choker","chaotic evil","dungeon, underground, urban","14","27","2","","","","Critter Compendium: 35"
"","cc.chraal","Chraal","7","Large","Elemental","","","neutral evil","arctic, cave, coast, desert, dungeon, forest, grassland, mountain, planar, ruins, swamp, underground","17","114","0","","","","Critter Compendium: 36"
"","cc.clockroach","Clockroach","1/4","Small","Construct","","","unaligned","dungeon, urban","12","14","0","","","","Critter Compendium: 37"
"","cc.colossus-crab","Colossus Crab","7","Huge","Beast","","Misc Creatures","unaligned","aquatic, coast","18","145","1","","","","Critter Compendium: 223"
"","cc.corpsefly","Corpsefly","1/8","Tiny","Beast","","Misc Creatures","unaligned","forest, grassland, ruins, swamp, dungeon","12","5","2","","","","Critter Compendium: 223"
"","cc.crucian","Crucian","1","Medium","Humanoid","Crucian","","lawful neutral","desert, urban","17","22","-1","","","","Critter Compendium: 37"
"","cc.crypt-thing","Crypt Thing","3","Medium","Undead","","","neutral","dungeon","16","44","3","","","","Critter Compendium: 38"
"","cc.cursed-spirit","Cursed Spirit","2","Medium","Undead","","","neutral evil","dungeon, underground, urban","11","38","1","","","","Critter Compendium: 39"
"","cc.cyoturma","Cyoturma","11","Large","Fiend","Obyrith","Obyrith","chaotic evil","aquatic, dungeon, planar","15","153","3","","","","Critter Compendium: 154"
"","cc.death-giant","Death Giant","15","Huge","Giant","","Giants","neutral evil","dungeon, ruins, urban","17","276","2","","","","Critter Compendium: 104"
"","cc.deepspawn","Deepspawn","10","Huge","Aberration","","","chaotic evil","aquatic, dungeon, underground, urban","16","230","0","","","","Critter Compendium: 40"
"","cc.dergholoth","Dergholoth","6","Large","Fiend","Yugoloth","","neutral evil","dungeon, planar","17","85","1","","","","Critter Compendium: 216"
"","cc.destrachan","Destrachan","5","Large","Monstrosity","","","neutral evil","cave, underground","16","120","1","","","","Critter Compendium: 67"
"","cc.dire-rat","Dire Rat","1/4","Medium","Beast","","Misc Creatures","unaligned","dungeon, forest, ruins, swamp, urban","12","11","2","","","","Critter Compendium: 223"
"","cc.displacer-serpent","Displacer Serpent","1/2","Medium","Monstrosity","","","chaotic evil","cave, desert, dungeon, forest, grassland, mountain, ruins, underground","14","22","1","","","","Critter Compendium: 68"
"","cc.drakkoth","Drakkoth","4","Large","Dragon","","","neutral evil","forest, ruins","16","76","1","","","","Critter Compendium: 88"
"","cc.draudnu","Draudnu","7","Medium","Fiend","Obyrith","Obyrith","chaotic evil","dungeon, planar","15","102","3","","","","Critter Compendium: 155"
"","cc.dread-guard","Dread Guard","2","Medium","Construct","","Dread Guard","unaligned","dungeon, ruins, urban","18","39","0","","","","Critter Compendium: 89"
"","cc.dread-ram","Dread Ram","2","Large","Undead","","","neutral evil","dungeon, grassland","12","51","0","","","","Critter Compendium: 90"
"","cc.dread-sentinel","Dread Sentinel","5","Large","Construct","","Dread Guard","unaligned","dungeon, ruins, urban","20","85","-1","","","","Critter Compendium: 89"
"","cc.dreadful-lasher-voor","Dreadful Lasher Voor","11","Huge","Fiend","Yugoloth","","neutral evil","dungeon, planar","19","138","1","","","","Critter Compendium: 218"
"","cc.ekolid","Ekolid","2","Small","Fiend","Obyrith","Obyrith","chaotic evil","dungeon, planar","13","27","2","","","","Critter Compendium: 155"
"","cc.elder-air-elemental","Elder Air Elemental","9","Huge","Elemental","","Elementals","neutral","arctic, cave, coast, desert, dungeon, forest, grassland, mountain, planar, ruins, swamp, underground","16","119","6","","","","Critter Compendium: 247"
"","cc.elder-arrowhawk","Elder Arrowhawk","6","Large","Elemental","","Arrowhawks","neutral","mountain, planar","18","97","4","","","","Critter Compendium: 11"
"","cc.elder-earth-elemental","Elder Earth Elemental","9","Huge","Elemental","","Elementals","neutral","arctic, cave, coast, desert, dungeon, forest, grassland, mountain, planar, ruins, swamp, underground","18","161","-2","","","","Critter Compendium: 248"
"","cc.elder-fire-elemental","Elder Fire Elemental","9","Huge","Elemental","","Elementals","neutral","cave, coast, desert, dungeon, grassland, mountain, planar, ruins, underground","15","133","3","","","","Critter Compendium: 248"
"","cc.elder-frost-salamander","Elder Frost Salamander","16","Huge","Monstrosity","","Frost Salamander","chaotic evil","arctic, cave","18","218","0","","","","Critter Compendium: 101"
"","cc.elder-redcap","Elder Redcap","6","Small","Fey","","","chaotic evil","forest, grassland, swamp","14","119","2","","","","Critter Compendium: 174"
"","cc.elder-tojanida","Elder Tojanida","6","Large","Elemental","","","neutral","aquatic, arctic, coast","19","123","1","","","","Critter Compendium: 200"
"","cc.elder-water-elemental","Elder Water Elemental","9","Huge","Elemental","","Elementals","neutral","aquatic, arctic, cave, coast, dungeon, forest, grassland, mountain, planar, ruins, swamp, underground","15","147","3","","","","Critter Compendium: 248"
"","cc.equiceph","Equiceph","1","Large","Humanoid","Equiceph","Equiceph","lawful evil","forest, grassland","15","30","1","","","","Critter Compendium: 94"
"","cc.equiceph-raidleader","Equiceph Raidleader","3","Large","Humanoid","Equiceph","Equiceph","lawful evil","forest, grassland","15","59","1","","","","Critter Compendium: 94"
"","cc.ettercap-spiderherd","Ettercap Spiderherd","4","Medium","Monstrosity","","","neutral evil","cave, dungeon, forest, ruins, swamp, underground","15","97","2","","","","Critter Compendium: 95"
"","cc.evistro","Evistro","1","Medium","Fiend","Demon","Demons","chaotic evil","dungeon, planar","13","26","0","","","","Critter Compendium: 49"
"","cc.fiendish-owlbear","Fiendish Owlbear","4","Large","Fiend","","Templates","neutral evil","forest, mountain","13","59","1","","","","Critter Compendium: 256"
"","cc.fihyr","Fihyr","1/2","Small","Aberration","","Fihyr","neutral","urban","12","21","1/2","","","","Critter Compendium: 97"
"","cc.fire-demon","Fire Demon","10","Large","Fiend","Demon","Demons","chaotic evil","dungeon, planar","19","142","6","","","","Critter Compendium: 50"
"","cc.fire-wolf","Fire Wolf","1/4","Medium","Elemental","","Templates","unaligned","cave, forest, grassland","13","11","2","","","","Critter Compendium: 255"
"","cc.formian-myrmarch","Formian Myrmarch","8","Large","Monstrosity","","Formians","lawful neutral","underground, urban","20","102","3","","","","Critter Compendium: 99"
"","cc.formian-queen","Formian Queen","14","Large","Monstrosity","","Formians","lawful neutral","underground, urban","18","231","-5","","","","Critter Compendium: 99"
"","cc.formian-taskmaster","Formian Taskmaster","5","Medium","Monstrosity","","Formians","lawful neutral","underground, urban","15","71","3","","","","Critter Compendium: 98"
"","cc.formian-warrior","Formian Warrior","3","Medium","Monstrosity","","Formians","lawful neutral","underground, urban","15","39","2","","","","Critter Compendium: 98"
"","cc.formian-worker","Formian Worker","1/8","Small","Monstrosity","","Formians","lawful neutral","underground, urban","12","5","2","","","","Critter Compendium: 97"
"","cc.fox","Fox","0","Tiny","Beast","","Misc Creatures","unaligned","arctic, desert, forest, grassland","11","3","1","","","","Critter Compendium: 224"
"","cc.frost-salamander","Frost Salamander","5","Medium","Monstrosity","","Frost Salamander","chaotic evil","arctic, cave","14","78","2","","","","Critter Compendium: 100"
"","cc.frost-worm","Frost Worm","9","Huge","Monstrosity","","","unaligned","arctic","17","172","0","","","","Critter Compendium: 102"
"","cc.ghirrash","Ghirrash","6","Large","Monstrosity","","Shadow Beasts","chaotic neutral","dungeon, planar","15","68","3","","","","Critter Compendium: 179"
"","cc.giant-bear","Giant Bear","5","Huge","Beast","","Misc Creatures","unaligned","cave, forest, grassland","14","105","0","","","","Critter Compendium: 224"
"","cc.giant-chameleon","Giant Chameleon","1","Large","Beast","","Misc Creatures","unaligned","forest, swamp","13","30","1","","","","Critter Compendium: 224"
"","cc.giant-maggot","Giant Maggot","0","Tiny","Beast","","Misc Creatures","unaligned","forest, grassland, ruins, swamp, dungeon","8","10","-2","","","","Critter Compendium: 224"
"","cc.giant-seal","Giant Seal","1","Large","Beast","","Misc Creatures","unaligned","aquatic, arctic, coast","13","47","0","","","","Critter Compendium: 224"
"","cc.giant-snapping-turtle","Giant Snapping Turtle","2","Large","Beast","","Misc Creatures","unaligned","swamp","18","57","-2","","","","Critter Compendium: 225"
"","cc.giant-tortoise","Giant Tortoise","1/2","Medium","Beast","","Misc Creatures","unaligned","grassland, forest","16","26","-2","","","","Critter Compendium: 225"
"","cc.giant-waterbear","Giant Waterbear","9","Large","Beast","","Misc Creatures","unaligned","aquatic, coast, dungeon, swamp","17","155","-2","","","","Critter Compendium: 225"
"","cc.girallon-alpha","Girallon Alpha","6","Large","Monstrosity","","","unaligned","forest, mountain, ruins","15","95","3","","","","Critter Compendium: 107"
"","cc.gnaw-demon","Gnaw Demon","1/4","Small","Fiend","Demon","Demons","chaotic evil","dungeon, planar","13","13","0","","","","Critter Compendium: 50"
"","cc.golothoma","Golothoma","15","Huge","Fiend","Obyrith","Obyrith","chaotic evil","aquatic, dungeon, planar","18","202","2","","","","Critter Compendium: 156"
"","cc.gravehound","Gravehound","1/2","Medium","Undead","","Misc Creatures","neutral evil","dungeon, ruins, urban","13","30","3","","","","Critter Compendium: 226"
"","cc.gray-render","Gray Render","7","Large","Monstrosity","","","unaligned","forest","17","119","0","","","","Critter Compendium: 108"
"","cc.great-crab","Great Crab","2","Large","Beast","","Misc Creatures","unaligned","aquatic, coast","16","51","1","","","","Critter Compendium: 226"
"","cc.great-frost-salamander","Great Frost Salamander","10","Large","Monstrosity","","Frost Salamander","chaotic evil","arctic, cave","16","119","1","","","","Critter Compendium: 101"
"","cc.great-wolf","Great Wolf","4","Huge","Beast","","Misc Creatures","unaligned","arctic, cave, forest, grassland","14","73","2","","","","Critter Compendium: 226"
"","cc.greater-fihyr","Greater Fihyr","5","Medium","Aberration","","Fihyr","neutral","urban","15","93","2","","","","Critter Compendium: 96"
"","cc.greater-kruthik","Greater Kruthik","7","Large","Monstrosity","","Kruthik","lawful evil","cave, forest, grassland, planar","19","95","4","","","","Critter Compendium: 125"
"","cc.green-arcanian","Green Arcanian","6","Medium","Undead","","Arcanians","chaotic evil","dungeon, urban","15","58","0","","","","Critter Compendium: 10"
"","cc.gremlin","Gremlin","1/4","Tiny","Fey","","","chaotic evil","dungeon, urban","12","14","2","","","","Critter Compendium: 109"
"","cc.grisgol","Grisgol","12","Large","Construct","","","unaligned","dungeon, ruins, urban","19","153","0","","","","Critter Compendium: 110"
"","cc.grove-choker","Grove Choker","1","Small","Aberration","","Choker","chaotic evil","forest","14","27","2","","","","Critter Compendium: 35"
"","cc.gulgar","Gulgar","5","Large","Elemental","","","neutral","cave, mountain, underground","","82","-1","","","","Critter Compendium: 111"
"","cc.half-celestial-human-champion","Half-Celestial Human Champion","9","Medium","Celestial","Human","Templates","neutral good","grassland, mountain, urban","18","143","3","","","","Critter Compendium: 255"
"","cc.half-fiend-minotaur","Half-Fiend-Minotaur","4","Large","Fiend","","Templates","chaotic evil","cave, dungeon, ruins, underground","14","76","0","","","","Critter Compendium: 256"
"","cc.hallowed-eidolon","Hallowed Eidolon","6","Large","Construct","","Eidolons","unaligned","dungeon, ruins, urban","17","126","0","","","","Critter Compendium: 92"
"","cc.hammerer","Hammerer","2","Medium","Construct","","Automatons","unaligned","dungeon, urban","16","39","0","","","","Critter Compendium: 14"
"","cc.harbinger-beast","Harbinger Beast","10","Large","Monstrosity","","","neutral","swamp, urban","16","189","1","","","","Critter Compendium: 112"
"","cc.harpoon-spider","Harpoon Spider","7","Huge","Monstrosity","","","chaotic evil","dungeon, underground","18","103","3","","","","Critter Compendium: 113"
"","cc.harrier-effigy","Harrier Effigy","2","Small","Construct","","","neutral evil","grassland, desert","13","52","2","","","","Critter Compendium: 209"
"","cc.hatchling-kruthik","Hatchling Kruthik","1/2","Small","Monstrosity","","Kruthik","lawful evil","cave, forest, grassland, planar","15","27","4","","","","Critter Compendium: 124"
"","cc.haures","Haures","15","Huge","Undead","Demon","Demons","chaotic evil","dungeon, planar","20","218","2","","","","Critter Compendium: 51"
"","cc.hippopotamus","Hippopotamus","2","Large","Beast","","Misc Creatures","unaligned","grassland, swamp","10","51","-1","","","","Critter Compendium: 226"
"","cc.howler","Howler","2","Large","Fiend","","","chaotic evil","dungeon, forest, grassland","14","45","2","","","","Critter Compendium: 114"
"","cc.howler-wasp","Howler Wasp","1/4","Small","Monstrosity","","Howler Wasps","chaotic evil","forest","13","16","1","","","","Critter Compendium: 116"
"","cc.howler-wasp-queen","Howler Wasp Queen","4","Large","Monstrosity","","Howler Wasps","chaotic evil","forest","16","76","0","","","","Critter Compendium: 116"
"","cc.howler-wasp-warrior","Howler Wasp Warrior","2","Medium","Monstrosity","","Howler Wasps","chaotic evil","forest","15","46","1","","","","Critter Compendium: 116"
"","cc.howling-echo","Howling Echo","2","Medium","Undead","","","neutral evil","arctic, forest, mountain","15","39","5","","","","Critter Compendium: 117"
"","cc.hydroloth","Hydroloth","3","Large","Fiend","Yugoloth","","neutral evil","dungeon, planar","15","57","1","","","","Critter Compendium: 217"
"","cc.ibixian","Ibixian","1","Medium","Humanoid","Ibixian","","neutral","grassland","13","19","1","","","","Critter Compendium: 118"
"","cc.igneous-strider","Igneous Strider","1/4","Medium","Monstrosity","","","unaligned","cave, mountain","13","15","2","","","","Critter Compendium: 119"
"","cc.inferno-spider","Inferno Spider","6","Large","Elemental","","","unaligned","cave, mountain, planar","17","152","3","","","","Critter Compendium: 120"
"","cc.inoqua","Inoqua","25","Gargantuan","Fiend","Obyrith","Obyrith","chaotic evil","dungeon, planar","19","533","0","","legendary","","Critter Compendium: 157"
"","cc.iron-cobra","Iron Cobra","2","Medium","Construct","","","unaligned","dungeon, urban","15","37","3","","","","Critter Compendium: 121"
"","cc.iron-defender","Iron Defender","1/4","Small","Construct","","Misc Creatures","unaligned","dungeon, urban","14","22","2","","","","Critter Compendium: 227"
"","cc.isaati","Isaati","7","Medium","Fiend","Obyrith","Obyrith","chaotic evil","dungeon, planar","15","127","3","","","","Critter Compendium: 158"
"","cc.jarrlak","Jarrlak","11","Large","Fiend","Demon","Demons","chaotic evil","arctic, dungeon, planar","20","171","0","","","","Critter Compendium: 52"
"","cc.jovoc","Jovoc","2","Small","Fiend","Demon","Demons","chaotic evil","dungeon, planar","14","33","2","","","","Critter Compendium: 53"
"","cc.juvenile-arrowhawk","Juvenile Arrowhawk","1","Small","Elemental","","Arrowhawks","neutral","mountain, planar","15","18","4","","","","Critter Compendium: 11"
"","cc.juvenile-nabassu","Juvenile Nabassu","4","Medium","Fiend","Demon","Demons","chaotic evil","dungeon, planar","16","52","3","","","","Critter Compendium: 55"
"","cc.juvenile-tojanida","Juvenile Tojanida","2","Small","Elemental","","","neutral","aquatic, arctic, coast","17","33","1","","","","Critter Compendium: 199"
"","cc.kalareem","Kalareem","1","Medium","Humanoid","Nerra","Nerra","neutral","dungeon, planar, ruins, urban","16","19","3","","","","Critter Compendium: 146"
"","cc.khumat","Khumat","7","Large","Monstrosity","","Shadow Beasts","neutral evil","dungeon, planar","18","104","1","","","","Critter Compendium: 180"
"","cc.klurichir","Klurichir","21","Huge","Fiend","Demon","Demons","chaotic evil","dungeon, planar","20","337","1","","legendary","","Critter Compendium: 54"
"","cc.kopru","Kopru","1","Medium","Aberration","","Kopru","chaotic evil","aquatic, dungeon, ruins","13","36","2","","","","Critter Compendium: 122"
"","cc.kopru-abomination","Kopru Abomination","3","Large","Aberration","","Kopru","chaotic evil","aquatic, dungeon, ruins","15","60","1","","","","Critter Compendium: 122"
"","cc.krenshar","Krenshar","1/2","Medium","Monstrosity","","","neutral","forest, grassland","12","13","2","","","","Critter Compendium: 123"
"","cc.larva-mage","Larva Mage","22","Medium","Aberration","Swarm","Larva Mage","neutral evil","dungeon, ruins, urban","","202","5","","legendary","","Critter Compendium: 127"
"","cc.larva-mage-in-lair","Larva Mage (in Lair)","23","Medium","Aberration","Swarm","Larva Mage","neutral evil","dungeon, ruins, urban","","202","5","lair","legendary","","Critter Compendium: 127"
"","cc.legendary-air-elemental","Legendary Air Elemental","17","Gargantuan","Elemental","","Elementals","neutral","arctic, cave, coast, desert, dungeon, forest, grassland, mountain, planar, ruins, swamp, underground","17","216","7","","legendary","","Critter Compendium: 249"
"","cc.legendary-cyclops","Legendary Cyclops","8","Huge","Giant","","Templates","chaotic neutral","cave, coast, grassland, mountain, ruins, swamp","14","138","0","","legendary","","Critter Compendium: 257"
"","cc.legendary-earth-elemental","Legendary Earth Elemental","17","Gargantuan","Elemental","","Elementals","neutral","arctic, cave, coast, desert, dungeon, forest, grassland, mountain, planar, ruins, swamp, underground","20","264","-2","","legendary","","Critter Compendium: 250"
"","cc.legendary-fire-elemental","Legendary Fire Elemental","17","Gargantuan","Elemental","","Elementals","neutral","cave, coast, desert, dungeon, grassland, mountain, planar, ruins, underground","16","232","6","","legendary","","Critter Compendium: 251"
"","cc.legendary-water-elemental","Legendary Water Elemental","17","Gargantuan","Elemental","","Elementals","neutral","aquatic, arctic, cave, coast, dungeon, forest, grassland, mountain, planar, ruins, swamp, underground","16","248","3","","legendary","","Critter Compendium: 252"
"","cc.lesser-barghest","Lesser Barghest","2","Medium","Fiend","Shapechanger","Misc Creatures","neutral evil","forest, grassland, mountain, underground","15","65","3","","","","Critter Compendium: 227"
"","cc.lodestone-marauder","Lodestone Marauder","7","Large","Monstrosity","","","unaligned","cave, dungeon, mountain, underground","16","114","1","","","","Critter Compendium: 132"
"","cc.lunar-ravager","Lunar Ravager","5","Large","Fey","","","chaotic evil","forest, grassland, mountain","18","114","3","","","","Critter Compendium: 133"
"","cc.mad-slasher","Mad Slasher","1/4","Medium","Aberration","","Misc Creatures","chaotic evil","dungeon, forest, grassland, underground","13","26","3","","","","Critter Compendium: 228"
"","cc.magma-hurler","Magma Hurler","4","Medium","Elemental","","","neutral","arctic, cave, coast, desert, dungeon, forest, grassland, mountain, planar, ruins, swamp, underground","15","66","1","","","","Critter Compendium: 134"
"","cc.mature-nabassu","Mature Nabassu","13","Medium","Fiend","Demon","Demons","chaotic evil","dungeon, planar","18","142","5","","","","Critter Compendium: 56"
"","cc.maug","Maug","4","Large","Construct","","","lawful neutral","planar, urban, ruins","16","42","1","","","","Critter Compendium: 135"
"","cc.mavawhan","Mavawhan","5","Medium","Fiend","Demon","Demons","chaotic evil","arctic, dungeon, planar","16","68","4","","","","Critter Compendium: 53"
"","cc.meazel","Meazel","1/4","Medium","Humanoid","Meazel","","chaotic evil","swamp, urban","12","22","2","","","","Critter Compendium: 136"
"","cc.meenlock-half-spawn","Meenlock Half-Spawn","1","Small","Fey","","","neutral evil","forest, swamp, urban","13","21","1","","","","Critter Compendium: 137"
"","cc.merskarab","Merskarab","6","Medium","Aberration","Swarm","Merskarab","neutral evil","dungeon, forest, ruins, urban","15","136","5","","","","Critter Compendium: 138"
"","cc.mirror-mimic","Mirror Mimic","1","Medium","Monstrosity","Shapechanger","Mimics","neutral","dungeon, forest, grassland, urban","13","32","3","","","","Critter Compendium: 139"
"","cc.mohrg","Mohrg","5","Medium","Undead","","","chaotic evil","dungeon, ruins, underground, urban","16","105","4","","","","Critter Compendium: 142"
"","cc.molydeus","Molydeus","13","Large","Fiend","Demon","Demons","chaotic evil","dungeon, planar","19","230","3","","","","Critter Compendium: 55"
"","cc.moon-dragon-wyrmling","Moon Dragon Wyrmling","2","Medium","Dragon","","Cosmic Dragons","any chaotic","cave, coast","17","38","0","","","","Critter Compendium: 72"
"","cc.nagpa","Nagpa","11","Medium","Humanoid","Nagpa","","neutral evil","dungeon, ruins, urban","","155","3","","","","Critter Compendium: 145"
"","cc.nascent-air-elemental","Nascent Air Elemental","1","Small","Elemental","","Elementals","neutral","arctic, cave, coast, desert, dungeon, forest, grassland, mountain, planar, ruins, swamp, underground","13","27","3","","","","Critter Compendium: 244"
"","cc.nascent-earth-elemental","Nascent Earth Elemental","1","Small","Elemental","","Elementals","neutral","arctic, cave, coast, desert, dungeon, forest, grassland, mountain, planar, ruins, swamp, underground","14","39","0","","","","Critter Compendium: 244"
"","cc.nascent-fire-elemental","Nascent Fire Elemental","1","Small","Elemental","","Elementals","neutral","cave, coast, desert, dungeon, grassland, mountain, planar, ruins, underground","12","33","2","","","","Critter Compendium: 245"
"","cc.nascent-water-elemental","Nascent Water Elemental","1","Small","Elemental","","Elementals","neutral","aquatic, arctic, cave, coast, dungeon, forest, grassland, mountain, planar, ruins, swamp, underground","13","33","2","","","","Critter Compendium: 245"
"","cc.nethui","Nethui","7","Large","Fiend","Obyrith","Obyrith","chaotic evil","aquatic, dungeon, planar","16","76","2","","","","Critter Compendium: 158"
"","cc.nightcrawler","Nightcrawler","24","Gargantuan","Undead","","Nightshades","chaotic evil","dungeon, ruins, underground","21","232","0","","","","Critter Compendium: 148"
"","cc.nightwalker","Nightwalker","18","Huge","Undead","","Nightshades","chaotic evil","dungeon, forest, grassland, ruins","19","178","2","","","","Critter Compendium: 149"
"","cc.nightwing","Nightwing","12","Huge","Undead","","Nightshades","chaotic evil","grassland, mountain, ruins","18","142","4","","","","Critter Compendium: 149"
"","cc.nixie","Nixie","1/2","Tiny","Fey","","","chaotic good","aquatic, coast, forest, grassland, urban","15","5","5","","","","Critter Compendium: 150"
"","cc.norker","Norker","1","Small","Humanoid","Goblinoid","Norker","chaotic evil","dungeon, mountain, underground","16","19","1","","","","Critter Compendium: 151"
"","cc.norker-stonewalker","Norker Stonewalker","3","Small","Elemental","Goblinoid","Norker","chaotic evil","dungeon, mountain, underground","16","60","1","","","","Critter Compendium: 151"
"","cc.ophidian","Ophidian","1/2","Medium","Monstrosity","","","chaotic neutral","dungeon, forest, ruins","14","17","2","","","","Critter Compendium: 162"
"","cc.penanggalan","Penanggalan","6","Medium","Undead","","","lawful evil","dungeon, forest, urban","16","84","4","","","","Critter Compendium: 163"
"","cc.phane","Phane","14","Large","Monstrosity","","","chaotic neutral","dungeon, planar, ruins, urban","16","220","6","","","","Critter Compendium: 164"
"","cc.phantasmal-ancient-green-dragon","Phantasmal Ancient Green Dragon","22","Gargantuan","Construct","","Templates","lawful evil","forest","21","385","1","","legendary","","Critter Compendium: 257"
"","cc.phantom-fungus","Phantom Fungus","1","Medium","Plant","","","unaligned","dungeon, underground","13","30","0","","","","Critter Compendium: 165"
"","cc.phargion","Phargion","1/2","Medium","Monstrosity","","","unaligned","grassland, desert","","26","2","","","","Critter Compendium: 165"
"","cc.pigeon","Pigeon","0","Tiny","Beast","","Misc Creatures","unaligned","grassland, forest, urban","11","2","1","","","","Critter Compendium: 228"
"","cc.piscoloth","Piscoloth","4","Medium","Fiend","Yugoloth","","neutral evil","dungeon, planar","18","58","0","","","","Critter Compendium: 217"
"","cc.pod-demon","Pod Demon","12","Large","Fiend","Demon","Demons","chaotic evil","dungeon, planar","18","210","1","","","","Critter Compendium: 57"
"","cc.podspawn","Podspawn","0","Small","Fiend","Demon","Demons","chaotic evil","dungeon, planar","14","6","4","","","","Critter Compendium: 57"
"","cc.poison-dusk-lizardfolk","Poison Dusk Lizardfolk","1/2","Small","Humanoid","Lizardfolk","Lizardfolk","neutral","forest, swamp","14","13","2","","","","Critter Compendium: 130"
"","cc.primal-werebear","Primal Werebear","12","Large","Monstrosity","Shapechanger","Primal Lycanthropes","unaligned","cave, forest, mountain, urban","18","230","1","","","","Critter Compendium: 166"
"","cc.primal-wereboar","Primal Wereboar","9","Large","Monstrosity","Shapechanger","Primal Lycanthropes","unaligned","forest, grassland, swamp, urban","18","147","1","","","","Critter Compendium: 167"
"","cc.primal-wererat","Primal Wererat","5","Medium","Monstrosity","Shapechanger","Primal Lycanthropes","unaligned","cave, dungeon, ruins, swamp, underground, urban","18","65","4","","","","Critter Compendium: 167"
"","cc.primal-weretiger","Primal Weretiger","10","Large","Monstrosity","Shapechanger","Primal Lycanthropes","unaligned","forest, urban","18","168","3","","","","Critter Compendium: 168"
"","cc.primal-werewolf","Primal Werewolf","7","Large","Monstrosity","Shapechanger","Primal Lycanthropes","unaligned","dungeon, forest, grassland, urban","18","114","2","","","","Critter Compendium: 168"
"","cc.protectar","Protectar","1/2","Medium","Celestial","","Protectar","neutral good","planar","18","26","1","","","","Critter Compendium: 169"
"","cc.protectar-custodian","Protectar Custodian","2","Medium","Celestial","","Protectar","neutral good","planar","20","45","1","","","","Critter Compendium: 169"
"","cc.pulverizer","Pulverizer","2","Medium","Construct","","Automatons","unaligned","dungeon, urban","16","26","0","","","","Critter Compendium: 14"
"","cc.quicksilver","Quicksilver","2","Tiny","Fey","","","chaotic evil","coast, forest","16","22","6","","","","Critter Compendium: 170"
"","cc.rabbit","Rabbit","0","Tiny","Beast","","Misc Creatures","unaligned","grassland, forest, urban","12","1","2","","","","Critter Compendium: 228"
"","cc.rageborn-ambusher","Rageborn Ambusher","5","Medium","Fiend","Demon","Demons","chaotic evil","dungeon, planar","16","79","2","","","","Critter Compendium: 58"
"","cc.rageborn-barbclaw","Rageborn Barbclaw","5","Medium","Fiend","Demon","Demons","chaotic evil","dungeon, planar","16","79","2","","","","Critter Compendium: 58"
"","cc.rageborn-frosthurler","Rageborn Frosthurler","5","Medium","Fiend","Demon","Demons","chaotic evil","dungeon, planar","16","79","2","","","","Critter Compendium: 58"
"","cc.rageborn-horror","Rageborn Horror","5","Medium","Fiend","Demon","Demons","chaotic evil","dungeon, planar","16","79","2","","","","Critter Compendium: 58"
"","cc.ramadeen","Ramadeen","2","Large","Celestial","","Ramadeen","lawful good","planar","16","42","1","","","","Critter Compendium: 171"
"","cc.ramadeen-lieutenant","Ramadeen Lieutenant","5","Large","Celestial","","Ramadeen","lawful good","planar","18","76","1","","","","Critter Compendium: 171"
"","cc.rast","Rast","2","Medium","Elemental","","","neutral","desert, dungeon, planar, underground","14","26","1","","","","Critter Compendium: 172"
"","cc.ravid","Ravid","4","Medium","Monstrosity","","","neutral","forest, grassland, planar, swamp","13","48","0","","","","Critter Compendium: 173"
"","cc.red-arcanian","Red Arcanian","6","Medium","Undead","","Arcanians","chaotic evil","dungeon, urban","15","58","0","","","","Critter Compendium: 10"
"","cc.rogue-eidolon","Rogue Eidolon","7","Large","Construct","","Eidolons","unaligned","dungeon, ruins, urban","18","76","1","","","","Critter Compendium: 93"
"","cc.rot-harbinger","Rot Harbinger","8","Medium","Undead","","","chaotic evil","dungeon, planar","18","190","4","","","","Critter Compendium: 175"
"","cc.ruin-demon","Ruin Demon","12","Medium","Fiend","Demon, Swarm","Demons","chaotic evil","dungeon, planar","16","184","6","","","","Critter Compendium: 59"
"","cc.runespiral-demon","Runespiral Demon","1","Small","Fiend","Demon","Demons","chaotic evil","dungeon, planar","15","27","3","","","","Critter Compendium: 60"
"","cc.rutterkin","Rutterkin","1/2","Medium","Fiend","Demon","Demons","chaotic evil","dungeon, planar","13","32","3","","","","Critter Compendium: 60"
"","cc.sanguineous-drinker","Sanguineous Drinker","4","Medium","Undead","","","chaotic evil","dungeon, ruins","15","75","2","","","","Critter Compendium: 176"
"","cc.scaled-stalker-bandleader","Scaled Stalker Bandleader","5","Large","Monstrosity","","","lawful evil","desert, grassland, ruins","16","76","0","","","","Critter Compendium: 177"
"","cc.scaled-stalker-grunt","Scaled Stalker Grunt","3","Large","Monstrosity","","","lawful evil","desert, grassland, ruins","16","51","0","","","","Critter Compendium: 177"
"","cc.scion-of-zuggtmoy","Scion of Zuggtmoy","4","Medium","Plant","Demon","Demons","chaotic evil","dungeon, planar","15","67","3","","","","Critter Compendium: 61"
"","cc.sea-leopard","Sea Leopard","1","Large","Beast","","Misc Creatures","unaligned","aquatic, arctic, coast","12","34","2","","","","Critter Compendium: 228"
"","cc.sea-turtle","Sea Turtle","1/2","Medium","Beast","","Misc Creatures","unaligned","aquatic, coast","16","26","-2","","","","Critter Compendium: 229"
"","cc.seal","Seal","1/4","Medium","Beast","","Misc Creatures","unaligned","aquatic, arctic, coast","12","13","2","","","","Critter Compendium: 229"
"","cc.serpentir","Serpentir","3","Large","Undead","","Skeletons & Zombies","lawful evil","dungeon, ruins, urban","15","60","5","","","","Critter Compendium: 233"
"","cc.seszrath","Seszrath","11","Huge","Undead","Demon","Demons","chaotic evil","dungeon, planar","17","170","-1","","","","Critter Compendium: 62"
"","cc.shadar-kai","Shadar-Kai","1/2","Medium","Fey","","","neutral evil","dungeon, forest, swamp, underground","14","9","2","","","","Critter Compendium: 178"
"","cc.shardmind-psion","Shardmind Psion","1","Medium","Humanoid","Shardmind","Shardmind","neutral","ruins, urban","14","33","2","","","","Critter Compendium: 181"
"","cc.shardmind-warrior","Shardmind Warrior","1/2","Medium","Humanoid","Shardmind","Shardmind","neutral","ruins, urban","16","19","1","","","","Critter Compendium: 181"
"","cc.shardsoul-slayer","Shardsoul Slayer","3","Medium","Construct","","","chaotic evil","dungeon, ruins, urban","16","64","2","","","","Critter Compendium: 182"
"","cc.shocker-lizard","Shocker Lizard","1","Small","Monstrosity","","","unaligned","swamp","13","13","3","","","","Critter Compendium: 183"
"","cc.shrieker-effigy","Shrieker Effigy","2","Small","Construct","","","neutral evil","grassland, desert","13","39","3","","","","Critter Compendium: 209"
"","cc.sibiriex","Sibiriex","13","Large","Fiend","Obyrith","Obyrith","chaotic evil","dungeon, planar","16","225","-1","","","","Critter Compendium: 159"
"","cc.sillit","Sillit","4","Medium","Humanoid","Nerra","Nerra","neutral","dungeon, planar, ruins, urban","17","45","2","","","","Critter Compendium: 147"
"","cc.skeleton-beast-large","Skeleton Beast (Large)","2","Large","Undead","","Skeletons & Zombies","lawful evil","dungeon, ruins, urban","14","37","1","","","","Critter Compendium: 234"
"","cc.skeleton-beast-medium","Skeleton Beast (Medium)","1/2","Medium","Undead","","Skeletons & Zombies","lawful evil","dungeon, ruins, urban","13","26","1","","","","Critter Compendium: 234"
"","cc.skeleton-beast-small","Skeleton Beast (Small)","1/4","Small","Undead","","Skeletons & Zombies","lawful evil","dungeon, ruins, urban","12","16","2","","","","Critter Compendium: 233"
"","cc.skeleton-beastfolk-large","Skeleton Beastfolk (Large)","2","Large","Undead","","Skeletons & Zombies","lawful evil","dungeon, ruins, urban","14","30","1","","","","Critter Compendium: 235"
"","cc.skeleton-beastfolk-medium","Skeleton Beastfolk (Medium)","1/2","Medium","Undead","","Skeletons & Zombies","lawful evil","dungeon, ruins, urban","14","19","2","","","","Critter Compendium: 234"
"","cc.skeleton-beastfolk-small","Skeleton Beastfolk (Small)","1/4","Small","Undead","","Skeletons & Zombies","lawful evil","dungeon, ruins, urban","13","11","2","","","","Critter Compendium: 234"
"","cc.skeleton-charger-huge","Skeleton Charger (Huge)","2","Huge","Undead","","Skeletons & Zombies","lawful evil","dungeon, ruins, urban","13","34","0","","","","Critter Compendium: 235"
"","cc.skeleton-charger-large","Skeleton Charger (Large)","1","Large","Undead","","Skeletons & Zombies","lawful evil","dungeon, ruins, urban","12","22","0","","","","Critter Compendium: 235"
"","cc.skeleton-charger-medium","Skeleton Charger (Medium)","1/4","Medium","Undead","","Skeletons & Zombies","lawful evil","dungeon, ruins, urban","12","13","1","","","","Critter Compendium: 235"
"","cc.skeleton-dragon-gargantuan","Skeleton Dragon (Gargantuan)","11","Gargantuan","Undead","","Skeletons & Zombies","lawful evil","dungeon, ruins, urban","18","212","0","","legendary","","Critter Compendium: 237"
"","cc.skeleton-dragon-huge","Skeleton Dragon (Huge)","7","Huge","Undead","","Skeletons & Zombies","lawful evil","dungeon, ruins, urban","16","127","0","","legendary","","Critter Compendium: 237"
"","cc.skeleton-dragon-large","Skeleton Dragon (Large)","4","Large","Undead","","Skeletons & Zombies","lawful evil","dungeon, ruins, urban","15","97","0","","","","Critter Compendium: 236"
"","cc.skeleton-dragon-medium","Skeleton Dragon (Medium)","1/2","Medium","Undead","","Skeletons & Zombies","lawful evil","dungeon, ruins, urban","13","26","1","","","","Critter Compendium: 236"
"","cc.skeleton-dragon-small","Skeleton Dragon (Small)","1/4","Small","Undead","","Skeletons & Zombies","lawful evil","dungeon, ruins, urban","13","11","2","","","","Critter Compendium: 236"
"","cc.skeleton-dragon-tiny","Skeleton Dragon (Tiny)","1/8","Tiny","Undead","","Skeletons & Zombies","lawful evil","dungeon, ruins, urban","12","4","2","","","","Critter Compendium: 236"
"","cc.skeleton-humanoid-huge","Skeleton Humanoid (Huge)","5","Huge","Undead","","Skeletons & Zombies","lawful evil","dungeon, ruins, urban","14","93","0","","","","Critter Compendium: 238"
"","cc.skeleton-humanoid-large","Skeleton Humanoid (Large)","2","Large","Undead","","Skeletons & Zombies","lawful evil","dungeon, ruins, urban","12","52","0","","","","Critter Compendium: 237"
"","cc.skeleton-humanoid-small","Skeleton Humanoid (Small)","1/8","Small","Undead","","Skeletons & Zombies","lawful evil","dungeon, ruins, urban","13","5","2","","","","Critter Compendium: 237"
"","cc.skulk","Skulk","1/4","Medium","Humanoid","Skulk","","chaotic evil","dungeon, forest, ruins, urban","14","9","2","","","","Critter Compendium: 184"
"","cc.skull-lord","Skull Lord","9","Medium","Undead","","","lawful evil","dungeon, ruins","17","156","4","","legendary","","Critter Compendium: 185"
"","cc.skull-lord-in-lair","Skull Lord (in Lair)","10","Medium","Undead","","","lawful evil","dungeon, ruins","17","156","4","lair","legendary","","Critter Compendium: 185"
"","cc.skullbat","Skullbat","1","Tiny","Undead","","","lawful evil","dungeon, forest, ruins","14","27","4","","","","Critter Compendium: 187"
"","cc.skum","Skum","1","Medium","Aberration","","","chaotic evil","aquatic, coast","11","22","1","","","","Critter Compendium: 188"
"","cc.snapping-turtle","Snapping Turtle","1/4","Small","Beast","","Misc Creatures","unaligned","swamp","14","11","0","","","","Critter Compendium: 229"
"","cc.solamith","Solamith","10","Large","Fiend","Demon","Demons","chaotic evil","dungeon, planar","16","180","0","","","","Critter Compendium: 63"
"","cc.sorrowsworn-demon","Sorrowsworn Demon","14","Large","Fiend","Demon","Demons","chaotic evil","dungeon, planar","18","220","2","","","","Critter Compendium: 64"
"","cc.spark-lasher","Spark Lasher","1","Medium","Aberration","","","chaotic evil","forest, swamp","12","22","1","","","","Critter Compendium: 188"
"","cc.spectral-steed","Spectral Steed","2","Large","Undead","","","neutral evil","grassland, ruins","11","30","1","","","","Critter Compendium: 189"
"","cc.spell-weaver","Spell Weaver","6","Medium","Monstrosity","","","neutral","dungeon, ruins, urban","15","45","3","","","","Critter Compendium: 190"
"","cc.spellcasting-merskarab","Spellcasting Merskarab","8","Medium","Aberration","Swarm","Merskarab","neutral evil","dungeon, forest, ruins, urban","15","136","5","","","","Critter Compendium: 138"
"","cc.sperm-whale","Sperm Whale","8","Gargantuan","Beast","","Misc Creatures","unaligned","aquatic","15","201","-1","","","","Critter Compendium: 229"
"","cc.spore-lord-of-zuggtmoy","Spore Lord of Zuggtmoy","6","Medium","Plant","Demon","Demons","chaotic evil","dungeon, planar","15","109","3","","","","Critter Compendium: 61"
"","cc.spriggan","Spriggan","2","Small","Fey","","","chaotic evil","forest, ruins","15","22","3","","","","Critter Compendium: 191"
"","cc.squirrel","Squirrel","0","Tiny","Beast","","Misc Creatures","unaligned","forest, urban","13","1","3","","","","Critter Compendium: 229"
"","cc.steel-predator","Steel Predator","9","Large","Elemental","","","neutral","desert, grassland, planar","20","103","5","","","","Critter Compendium: 192"
"","cc.stone-spike","Stone Spike","2","Medium","Elemental","","","unaligned","arctic, cave, coast, desert, dungeon, forest, grassland, mountain, planar, ruins, swamp, underground","16","34","-1","","","","Critter Compendium: 193"
"","cc.stonechild","Stonechild","1","Medium","Elemental","","","neutral","mountain, planar, underground","16","19","0","","","","Critter Compendium: 194"
"","cc.su-monster","Su Monster","2","Medium","Monstrosity","","","unaligned","forest, ruins","15","37","4","","","","Critter Compendium: 195"
"","cc.sun-dragon-wyrmling","Sun Dragon Wyrmling","2","Medium","Dragon","","Cosmic Dragons","any lawful","forest, mountain","16","38","2","","","","Critter Compendium: 76"
"","cc.sunscale-lizardfolk","Sunscale Lizardfolk","1/4","Medium","Humanoid","Lizardfolk","Lizardfolk","neutral","forest, ruins, swamp","15","13","2","","","","Critter Compendium: 131"
"","cc.swarm-husk","Swarm Husk","2","Medium","Aberration","Swarm","","chaotic evil","dungeon, ruins","11","60","-1","","","","Critter Compendium: 196"
"","cc.swarm-of-blood-ravens","Swarm of Blood Ravens","1/2","Medium","Beast","Swarm","Misc Creatures","unaligned","forest, grassland, ruins","12","24","2","","","","Critter Compendium: 230"
"","cc.swarm-of-corpseflies","Swarm of Corpseflies","1/2","Medium","Beast","Swarm","Misc Creatures","unaligned","forest, grassland, ruins, swamp, dungeon","12","27","2","","","","Critter Compendium: 230"
"","cc.swarm-of-giant-maggots","Swarm of Giant Maggots","1/2","Medium","Beast","Swarm","Misc Creatures","unaligned","forest, grassland, ruins, swamp, dungeon","8","49","-2","","","","Critter Compendium: 230"
"","cc.swarm-of-parasite-worms","Swarm of Parasite Worms","1","Medium","Aberration","Swarm","","chaotic evil","dungeon, ruins","10","30","0","","","","Critter Compendium: 196"
"","cc.swarm-of-squirrels","Swarm of Squirrels","1/4","Medium","Beast","Swarm","Misc Creatures","unaligned","forest, urban","13","24","3","","","","Critter Compendium: 230"
"","cc.thaskor","Thaskor","8","Large","Monstrosity","","Shadow Beasts","lawful evil","dungeon, planar","20","136","0","","","","Critter Compendium: 180"
"","cc.thoqqua","Thoqqua","2","Medium","Elemental","","","neutral","mountain, planar, underground","15","44","1","","","","Critter Compendium: 197"
"","cc.thorn","Thorn","1","Small","Fey","","","neutral good","forest","14","33","3","","","","Critter Compendium: 198"
"","cc.time-dragon-wyrmling","Time Dragon Wyrmling","4","Medium","Dragon","","Cosmic Dragons","any chaotic","grassland, forest","17","75","0","","","","Critter Compendium: 79"
"","cc.tomb-demon","Tomb Demon","5","Medium","Fiend","Demon","Demons","chaotic evil","dungeon, planar","16","75","2","","","","Critter Compendium: 65"
"","cc.tomb-guardian-skeleton","Tomb Guardian Skeleton","4","Medium","Undead","","Skeletons & Zombies","lawful evil","dungeon, ruins, urban","16","78","6","","","","Critter Compendium: 238"
"","cc.tortoise","Tortoise","0","Tiny","Beast","","Misc Creatures","unaligned","grassland, forest","12","3","-2","","","","Critter Compendium: 231"
"","cc.toxic-cave-fisher","Toxic Cave Fisher","3","Medium","Monstrosity","","","unaligned","underground","16","67","1","","","","Critter Compendium: 34"
"","cc.tree-woad","Tree Woad","8","Large","Plant","","","neutral","forest, swamp","19","133","0","","","","Critter Compendium: 211"
"","cc.tulgar-half-spirit","Tulgar Half-Spirit","12","Medium","Humanoid","Tulgar","Tulgar","neutral","forest, ruins","19","266","3","","","","Critter Compendium: 202"
"","cc.tulgar-spirit-talker","Tulgar Spirit Talker","14","Medium","Humanoid","Tulgar","Tulgar","neutral","forest, ruins","18","247","2","","","","Critter Compendium: 202"
"","cc.tulgar-warrior","Tulgar Warrior","10","Medium","Humanoid","Tulgar","Tulgar","neutral","forest, ruins","18","228","2","","","","Critter Compendium: 201"
"","cc.turtle","Turtle","0","Tiny","Beast","","Misc Creatures","unaligned","forest, swamp","12","3","-2","","","","Critter Compendium: 231"
"","cc.ulgurstasta","Ulgurstasta","11","Gargantuan","Undead","","","chaotic evil","dungeon, ruins, underground","15","201","1","","","","Critter Compendium: 203"
"","cc.unmarked-bodak","Unmarked Bodak","2","Medium","Undead","","","chaotic evil","dungeon, underground, urban","14","39","2","","","","Critter Compendium: 26"
"","cc.vampiric-mist","Vampiric Mist","6","Medium","Monstrosity","","","neutral evil","dungeon, swamp","15","84","5","","","","Critter Compendium: 204"
"","cc.varoot","Varoot","1/2","Medium","Humanoid","Nerra","Nerra","neutral","dungeon, planar, ruins, urban","14","9","2","","","","Critter Compendium: 147"
"","cc.verbeeg","Verbeeg","5","Large","Giant","","","lawful evil","forest, grassland, ruins","16","104","2","","","","Critter Compendium: 205"
"","cc.vivisector","Vivisector","5","Medium","Aberration","","","lawful evil","dungeon, ruins, urban","17","67","4","","","","Critter Compendium: 206"
"","cc.void-dragon-wyrmling","Void Dragon Wyrmling","2","Medium","Dragon","","Cosmic Dragons","chaotic evil","desert, underground","16","33","1","","","","Critter Compendium: 83"
"","cc.voor","Voor","6","Large","Fiend","Yugoloth","","neutral evil","dungeon, planar","16","59","2","","","","Critter Compendium: 218"
"","cc.voracalith","Voracalith","15","Huge","Fiend","Demon","Demons","chaotic evil","dungeon, planar","18","202","1","","","","Critter Compendium: 65"
"","cc.walking-wall","Walking Wall","2","Medium","Elemental","","","unaligned","arctic, cave, coast, desert, dungeon, forest, grassland, mountain, planar, ruins, swamp, underground","16","37","0","","","","Critter Compendium: 207"
"","cc.wandering-tower","Wandering Tower","16","Gargantuan","Monstrosity","Shapechanger","Mimics","neutral","forest, grassland, urban","18","292","-2","","legendary","","Critter Compendium: 141"
"","cc.warp-dragon-wyrmling","Warp Dragon Wyrmling","3","Medium","Dragon","","Cosmic Dragons","any lawful","aquatic, coast","17","45","1","","","","Critter Compendium: 86"
"","cc.wendigo","Wendigo","9","Large","Fiend","Demon","Demons","chaotic evil","arctic, dungeon, planar","18","120","3","","","","Critter Compendium: 66"
"","cc.wicker-man","Wicker Man","10","Huge","Construct","","","chaotic evil","forest, grassland, ruins, swamp, urban","14","114","-1","","","","Critter Compendium: 208"
"","cc.wild-giant","Wild Giant","5","Large","Giant","","Giants","chaotic neutral","forest, grassland, mountain","16","104","2","","","","Critter Compendium: 105"
"","cc.wild-giant-bearskin","Wild Giant Bearskin","7","Large","Giant","","Giants","chaotic neutral","forest, grassland, mountain","","126","2","","","","Critter Compendium: 105"
"","cc.wild-giant-huntmaster","Wild Giant Huntmaster","8","Large","Giant","","Giants","chaotic neutral","forest, grassland, mountain","15","142","4","","","","Critter Compendium: 106"
"","cc.wild-giant-ravenspeaker","Wild Giant Ravenspeaker","7","Large","Giant","","Giants","chaotic neutral","forest, grassland, mountain","16","114","5","","","","Critter Compendium: 106"
"","cc.wilden","Wilden","1/4","Medium","Humanoid","Wilden","","neutral","arctic, coast, desert, forest, grassland, mountain, swamp, urban","13","22","2","","","","Critter Compendium: 210"
"","cc.worm-that-walks","Worm that Walks","28","Huge","Aberration","Swarm","Larva Mage","neutral evil","dungeon, ruins, urban","20","337","3","","legendary","unique","Critter Compendium: 128"
"","cc.wrackspawn","Wrackspawn","2","Medium","Fiend","","","chaotic evil","dungeon, planar","13","42","0","","","","Critter Compendium: 212"
"","cc.xill","Xill","2","Medium","Aberration","","","lawful evil","dungeon, planar","15","32","3","","","","Critter Compendium: 213"
"","cc.xvart-degenerate","Xvart Degenerate","1/2","Small","Humanoid","Xvart","","chaotic evil","grassland, underground","11","18","1","","","","Critter Compendium: 214"
"","cc.yagnoloth","Yagnoloth","11","Large","Fiend","Yugoloth","","neutral evil","dungeon, planar","17","142","2","","","","Critter Compendium: 219"
"","cc.yeth-jackal","Yeth Jackal","1","Medium","Fey","","Misc Creatures","neutral evil","forest, grassland","14","33","4","","","","Critter Compendium: 231"
"","cc.young-air-elemental","Young Air Elemental","3","Medium","Elemental","","Elementals","neutral","arctic, cave, coast, desert, dungeon, forest, grassland, mountain, planar, ruins, swamp, underground","14","49","4","","","","Critter Compendium: 246"
"","cc.young-earth-elemental","Young Earth Elemental","3","Medium","Elemental","","Elementals","neutral","arctic, cave, coast, desert, dungeon, forest, grassland, mountain, planar, ruins, swamp, underground","15","76","-1","","","","Critter Compendium: 246"
"","cc.young-fire-elemental","Young Fire Elemental","3","Medium","Elemental","","Elementals","neutral","cave, coast, desert, dungeon, grassland, mountain, planar, ruins, underground","13","58","3","","","","Critter Compendium: 246"
"","cc.young-moon-dragon","Young Moon Dragon","8","Large","Dragon","","Cosmic Dragons","any chaotic","cave, coast","18","127","0","","","","Critter Compendium: 72"
"","cc.young-sun-dragon","Young Sun Dragon","8","Large","Dragon","","Cosmic Dragons","any lawful","forest, mountain","17","144","2","","","","Critter Compendium: 76"
"","cc.young-time-dragon","Young Time Dragon","10","Large","Dragon","","Cosmic Dragons","any chaotic","grassland, forest","18","144","0","","","","Critter Compendium: 79"
"","cc.young-void-dragon","Young Void Dragon","8","Large","Dragon","","Cosmic Dragons","chaotic evil","desert, underground","17","127","1","","","","Critter Compendium: 83"
"","cc.young-warp-dragon","Young Warp Dragon","9","Large","Dragon","","Cosmic Dragons","any lawful","aquatic, coast","18","142","1","","","","Critter Compendium: 86"
"","cc.young-water-elemental","Young Water Elemental","3","Medium","Elemental","","Elementals","neutral","aquatic, arctic, cave, coast, dungeon, forest, grassland, mountain, planar, ruins, swamp, underground","13","67","2","","","","Critter Compendium: 247"
"","cc.yrthak","Yrthak","5","Huge","Monstrosity","","","neutral","mountain","16","104","2","","","","Critter Compendium: 215"
"","cc.ysolith","Ysolith","19","Large","Fiend","Obyrith","Obyrith","chaotic evil","dungeon, planar","19","262","2","","","","Critter Compendium: 161"
"","cc.zombie-beast-large","Zombie Beast (Large)","2","Large","Undead","","Skeletons & Zombies","neutral evil","dungeon, ruins, urban","9","51","-2","","","","Critter Compendium: 239"
"","cc.zombie-beast-medium","Zombie Beast (Medium)","1/2","Medium","Undead","","Skeletons & Zombies","neutral evil","dungeon, ruins, urban","9","37","-2","","","","Critter Compendium: 239"
"","cc.zombie-beast-small","Zombie Beast (Small)","1/4","Small","Undead","","Skeletons & Zombies","neutral evil","dungeon, ruins, urban","9","26","-1","","","","Critter Compendium: 239"
"","cc.zombie-beastfolk-large","Zombie Beastfolk (Large)","2","Large","Undead","","Skeletons & Zombies","neutral evil","dungeon, ruins, urban","10","47","-2","","","","Critter Compendium: 240"
"","cc.zombie-beastfolk-medium","Zombie Beastfolk (Medium)","1/4","Medium","Undead","","Skeletons & Zombies","neutral evil","dungeon, ruins, urban","9","30","-2","","","","Critter Compendium: 240"
"","cc.zombie-beastfolk-small","Zombie Beastfolk (Small)","1/4","Small","Undead","","Skeletons & Zombies","neutral evil","dungeon, ruins, urban","10","19","-1","","","","Critter Compendium: 239"
"","cc.zombie-charger-huge","Zombie Charger (Huge)","4","Huge","Undead","","Skeletons & Zombies","neutral evil","dungeon, ruins, urban","11","52","-2","","","","Critter Compendium: 241"
"","cc.zombie-charger-large","Zombie Charger (Large)","2","Large","Undead","","Skeletons & Zombies","neutral evil","dungeon, ruins, urban","9","34","-2","","","","Critter Compendium: 240"
"","cc.zombie-charger-medium","Zombie Charger (Medium)","1/4","Medium","Undead","","Skeletons & Zombies","neutral evil","dungeon, ruins, urban","8","22","-2","","","","Critter Compendium: 240"
"","cc.zombie-dragon-gargantuan","Zombie Dragon (Gargantuan)","17","Gargantuan","Undead","","Skeletons & Zombies","neutral evil","dungeon, ruins, urban","19","341","0","","legendary","","Critter Compendium: 243"
"","cc.zombie-dragon-huge","Zombie Dragon (Huge)","12","Huge","Undead","","Skeletons & Zombies","neutral evil","dungeon, ruins, urban","16","207","-2","","legendary","","Critter Compendium: 242"
"","cc.zombie-dragon-large","Zombie Dragon (Large)","7","Large","Undead","","Skeletons & Zombies","neutral evil","dungeon, ruins, urban","15","142","-2","","","","Critter Compendium: 242"
"","cc.zombie-dragon-medium","Zombie Dragon (Medium)","2","Medium","Undead","","Skeletons & Zombies","neutral evil","dungeon, ruins, urban","12","45","-1","","","","Critter Compendium: 242"
"","cc.zombie-dragon-small","Zombie Dragon (Small)","1/4","Small","Undead","","Skeletons & Zombies","neutral evil","dungeon, ruins, urban","11","19","0","","","","Critter Compendium: 241"
"","cc.zombie-dragon-tiny","Zombie Dragon (Tiny)","1/8","Tiny","Undead","","Skeletons & Zombies","neutral evil","dungeon, ruins, urban","10","11","0","","","","Critter Compendium: 241"
"","cc.zombie-humanoid-huge","Zombie Humanoid (Huge)","6","Huge","Undead","","Skeletons & Zombies","neutral evil","dungeon, ruins, urban","10","161","-2","","","","Critter Compendium: 243"
"","cc.zombie-humanoid-small","Zombie Humanoid (Small)","1/4","Small","Undead","","Skeletons & Zombies","neutral evil","dungeon, ruins, urban","9","13","-1","","","","Critter Compendium: 243"
"","mad.ahuizotl","Ahuizotl","6","Small","Monstrosity","","","neutral evil","forest, grassland","15","153","2","","","","Monster-A-Day: https://www.reddit.com/r/monsteraday/comments/6cp6b9/day_61_ahuizotl/"
"","mad.akupara","Akupara","26","Gargantuan","Monstrosity","Titan","","unaligned","aquatic, arctic, coast, desert, forest, grassland, mountain, swamp","25","838","-4","","","","Monster-A-Day: https://www.reddit.com/r/monsteraday/comments/7gyh8a/day_200_akupara/"
"","mad.am-bush","Am Bush","1","Large","Plant","","","unaligned","dungeon, forest, grassland, ruins","8","65","-2","","","","Monster-A-Day: https://www.reddit.com/r/monsteraday/comments/6qqhpl/day_111_am_bush/"
"","mad.amalthalda-the-exorcist","Amalthalda, the Exorcist","15","Medium","Humanoid","Half-Orc","","lawful good","arctic, cave, coast, forest, grassland, urban","20","289","0","","","unique","Monster-A-Day: https://www.reddit.com/r/monsteraday/comments/68nvtg/day_46_amalthalda_the_exorcist/"
"e2b67f99-65e9-584e-9189-6506c71971ba","mad.ancient-chronomancer","Ancient Chronomancer","7","Medium","Construct","","","neutral","","16","67","2","","","","Monster-A-Day: https://www.reddit.com/r/monsteraday/comments/3rdrry/day_79_chronomancers/"
"","mad.ancient-temple-guardian","Ancient Temple Guardian","12","Huge","Construct","","","unaligned","dungeon, ruins, urban","17","209","1","","","","Monster-A-Day: https://www.reddit.com/r/monsteraday/comments/6l1u7j/day_91_ancient_temple_guardian/"
"","mad.animated-rattle","Animated Rattle","5","Huge","Construct","","","unaligned","dungeon, ruins, urban","11","142","1","","","","Monster-A-Day: https://www.reddit.com/r/monsteraday/comments/60wzn6/day_18_animated_rattle/"
"","mad.animated-trap","Animated Trap","7","Small","Construct","","","unaligned","dungeon, ruins, urban","15","156","5","","","","Monster-A-Day: https://www.reddit.com/r/monsteraday/comments/7f22mq/day_194_animated_trap/"
"","mad.aquamancer","Aquamancer","6","Medium","Humanoid","Any","","neutral evil","cave, coast, forest, grassland, urban","13","149","3","","","","Monster-A-Day: https://www.reddit.com/r/monsteraday/comments/6wlgfr/day_131_aquamancer/"
"c6d2824b-0c27-508d-ad1c-c9c6e045a8e8","mad.arcanamite","Arcanamite","1","Small","Monstrosity","","","unaligned","","15","27","2","","","","Monster-A-Day: https://www.reddit.com/r/monsteraday/comments/3lkpfr/day_34_arcanamite/"
"27d3cf23-0e72-5c9b-9a94-628c561529e4","mad.armed-skeleton","Armed Skeleton","1","Medium","Undead","","","lawful evil","","13","26","2","","","","Monster-A-Day: https://www.reddit.com/r/monsteraday/comments/3swk7b/day_91_armed_skeleton/"
"f77c175f-506d-557c-aef5-2f170ab90f0d","mad.armour-sliver","Armour Sliver","3","Large","Monstrosity","Sliver","","neutral evil","","16","52","2","","","","Monster-A-Day: https://www.reddit.com/r/monsteraday/comments/3j8n9t/day_16_armor_and_might_slivers/"
"","mad.armoured-battle-griffon","Armoured Battle Griffon","3","Large","Monstrosity","","","unaligned","grassland, mountain, urban","14","85","2","","","","Monster-A-Day: https://www.reddit.com/r/monsteraday/comments/739w36/day_155_armoured_battle_griffon/"
"","mad.ash-golem","Ash Golem","12","Huge","Construct","","","unaligned","cave, desert, dungeon, grassland, mountain, planar, ruins","16","154","3","","","","Monster-A-Day: https://www.reddit.com/r/monsteraday/comments/5wq2hz/day_2_ash_golem/"
"","mad.aswang","Aswang","9","Large","Fey","","","neutral evil","dungeon, ruins, urban","16","127","5","","","","Monster-A-Day: https://www.reddit.com/r/monsteraday/comments/67ipzr/day_42_aswang/"
"","mad.aurochs-centaur","Aurochs Centaur","7","Large","Monstrosity","","","chaotic evil","coast, desert, grassland, mountain","19","136","2","","","","Monster-A-Day: https://www.reddit.com/r/monsteraday/comments/7ypess/day_256_aurochs_centaur/"
"","mad.avatar-of-the-air-mask","Avatar of the Air Mask","7","Large","Elemental","","","neutral","cave, desert, dungeon, grassland, mountain, planar, ruins","14","102","4","","","","Monster-A-Day: https://www.reddit.com/r/monsteraday/comments/7umn88/day_244_avatar_of_the_air_mask/"
"","mad.avatar-of-the-earth-mask","Avatar of the Earth Mask","7","Medium","Humanoid","Any","","neutral","cave, desert, dungeon, grassland, mountain, planar, ruins","14","202","0","","","","Monster-A-Day: https://www.reddit.com/r/monsteraday/comments/7mwls1/day_220_avatar_of_the_earth_mask/"
"","mad.avatar-of-the-fire-mask","Avatar of the Fire Mask","7","Large","Humanoid","Any","","chaotic neutral","cave, desert, dungeon, grassland, mountain, planar, ruins","15","161","3","","","","Monster-A-Day: https://www.reddit.com/r/monsteraday/comments/7etof1/day_193_avatar_of_the_fire_mask/"
"","mad.aven-stormcaller","Aven Stormcaller","11","Medium","Humanoid","Aven","","lawful neutral","cave, coast, forest, grassland, urban","18","175","5","","","","Monster-A-Day: https://www.reddit.com/r/monsteraday/comments/6lvveq/day_95_aven_stormcaller/"
"","mad.avolakia","Avolakia","10","Medium","Aberration","Shapechanger","","neutral evil","cave, dungeon, ruins, underground","18","178","3","","","","Monster-A-Day: https://www.reddit.com/r/monsteraday/comments/766vv8/day_165_avolakia/"
"3ebf14e5-778b-5dfc-a261-5ea9d291f6f9","mad.azure-enchanter","Azure Enchanter","7","Medium","Humanoid","Any Race","","any","","12","49","2","","","","Monster-A-Day: https://www.reddit.com/r/monsteraday/comments/3pi58x/day_65_azure_sorcerers/"
"caa85158-2825-5bde-9efd-645058ba6816","mad.azure-mind-scupltor","Azure Mind Scupltor","10","Medium","Humanoid","Any Race","","any","","12","84","2","","","","Monster-A-Day: https://www.reddit.com/r/monsteraday/comments/3pi58x/day_65_azure_sorcerers/"
"","mad.baelnorn-lich","Baelnorn Lich","21","Medium","Undead","Elf","","any good","dungeon, ruins, urban","17","135","3","","","","Monster-A-Day: https://www.reddit.com/r/monsteraday/comments/7ue3qp/day_243_baelnorn_lich/"
"","mad.baelnorn-lich-in-lair","Baelnorn Lich (in lair)","22","Medium","Undead","Elf","","any good","dungeon, ruins, urban","17","135","3","","","","Monster-A-Day: https://www.reddit.com/r/monsteraday/comments/7ue3qp/day_243_baelnorn_lich/"
"","mad.bag-hag","Bag Hag","2","Medium","Fey","","","neutral evil","forest, grassland, swamp","13","90","3","","","","Monster-A-Day: https://www.reddit.com/r/monsteraday/comments/6g2xfv/day_74_bag_hag/"
"3bf8b6d5-48b9-5c67-abce-08864204d0bc","mad.baneling","Baneling","1/2","Small","Fiend","Demon","","chaotic evil","","12","7","2","","","","Monster-A-Day: https://www.reddit.com/r/monsteraday/comments/3ksvec/day_28_baneling/"
"","mad.barbarian-ancestral-guardian","Barbarian, Ancestral Guardian","5","Medium","Humanoid","Dwarf","","chaotic good","cave, coast, forest, grassland, urban","17","90","2","","","","Monster-A-Day: https://www.reddit.com/r/monsteraday/comments/6d46lb/day_63_1d6_barbarians/"
"","mad.barbarian-storm-herald","Barbarian, Storm Herald","9","Medium","Humanoid","Dragnborn","","chaotic neutral","cave, coast, forest, grassland, urban","17","127","2","","","","Monster-A-Day: https://www.reddit.com/r/monsteraday/comments/6d46lb/day_63_1d6_barbarians/"
"","mad.barbarian-zealot","Barbarian, Zealot","13","Medium","Humanoid","Half-Orc","","chaotic evil","cave, coast, forest, grassland, urban","17","180","2","","","","Monster-A-Day: https://www.reddit.com/r/monsteraday/comments/6d46lb/day_63_1d6_barbarians/"
"","mad.bard-college-of-glamour","Bard, College of Glamour","9","Medium","Humanoid","Tiefling","","chaotic neutral","cave, coast, forest, grassland, urban","14","67","4","","","","Monster-A-Day: https://www.reddit.com/r/monsteraday/comments/6eh2hd/day_68_1d6_bards/"
"","mad.bard-college-of-swords","Bard, College of Swords","6","Medium","Humanoid","Half-Elf","","lawful neutral","cave, coast, forest, grassland, urban","19","48","4","","","","Monster-A-Day: https://www.reddit.com/r/monsteraday/comments/6eh2hd/day_68_1d6_bards/"
"","mad.bard-college-of-whispers","Bard, College of Whispers","4","Medium","Humanoid","Halfling","","neutral evil","cave, coast, forest, grassland, urban","19","48","4","","","","Monster-A-Day: https://www.reddit.com/r/monsteraday/comments/6eh2hd/day_68_1d6_bards/"
"","mad.barry-the-mule","Barry the Mule","3","Medium","Monstrosity","","","lawful good","dungeon, planar, urban","14","82","0","","","unique","Monster-A-Day: https://www.reddit.com/r/1d6Adventurers/comments/62uq65/the_april_fools_fool_mule_and_wood_chopping_tool/"
"30890370-b47a-53c9-bf60-303294d9fc09","mad.beast-of-ill-omen","Beast of Ill Omen","2","Large","Monstrosity","","","chaotic evil","","14","45","2","","","","Monster-A-Day: https://www.reddit.com/r/monsteraday/comments/3tplf0/day_97_beast_of_ill_omen/"
"","mad.beenabber","Beenabber","1/4","Tiny","Plant","","","unaligned","forest, grassland","13","14","3","","","","Monster-A-Day: https://www.reddit.com/r/monsteraday/comments/830c9u/day_269_beenabber/"
"","mad.behemoth-cyst","Behemoth Cyst","10","Large","Aberration","","","chaotic evil","cave, dungeon, mountain, ruins","17","168","0","","","","Monster-A-Day: https://www.reddit.com/r/monsteraday/comments/66jv6w/day_39_behemoth_cyst/"
"","mad.beholderkin-gouger","Beholderkin Gouger","11","Large","Aberration","","","neutral evil","cave, dungeon, underground","17","225","3","","","","Monster-A-Day: https://www.reddit.com/r/monsteraday/comments/7uu1vk/day_245_beholderkin_gouger/"
"","mad.bile-demon","Bile Demon","5","Large","Fiend","Demon","","chaotic evil","dungeon, planar","14","152","-2","","","","Monster-A-Day: https://www.reddit.com/r/monsteraday/comments/77o6o7/day_170_bile_demon/"
"","mad.bite-coin","Bite Coin","1/8","Tiny","Construct","","","unaligned","dungeon, ruins, urban","12","3","1","","","","Monster-A-Day: https://www.reddit.com/r/monsteraday/comments/7qm82a/day_231_bite_coin/"
"","mad.bite-coin-swarm","Bite Coin Swarm","1","Medium","Construct","swarm","","unaligned","dungeon, ruins, urban","12","49","1","","","","Monster-A-Day: https://www.reddit.com/r/monsteraday/comments/7qm82a/day_231_bite_coin/"
"","mad.black-bill","Black Bill","4","Medium","Fey","","","chaotic evil","forest, grassland, ruins, urban","15","117","3","","","unique","Monster-A-Day: https://www.reddit.com/r/monsteraday/comments/7wgd2r/day_250_black_bill/"
"","mad.black-sheep","Black Sheep","0","Medium","Beast","","","unaligned","forest, grassland","10","5","0","","","","Monster-A-Day: https://www.reddit.com/r/monsteraday/comments/6v4r4u/day_126_black_sheep/"
"","mad.blood-of-yurtrus","Blood of Yurtrus","1/2","Medium","Ooze","","","unaligned","cave, dungeon, mountain, ruins","8","57","-2","","","","Monster-A-Day: https://www.reddit.com/r/monsteraday/comments/66cmdx/day_38_orc_cystid_of_yurtrus/"
"","mad.blue-glaucus","Blue Glaucus","0","Tiny","Beast","","","unaligned","aquatic","11","1","1","","","","Monster-A-Day: https://www.reddit.com/r/monsteraday/comments/6x1bad/day_133_blue_glaucus/"
"","mad.blue-glaucus-swarm","Blue Glaucus Swarm","2","Medium","Beast","swarm","","unaligned","aquatic","11","28","1","","","","Monster-A-Day: https://www.reddit.com/r/monsteraday/comments/6x1bad/day_133_blue_glaucus/"
"","mad.blue-scream-of-death","Blue Scream of Death","6","Medium","Undead","","","chaotic evil","arctic, dungeon, ruins, swamp","13","130","3","","","","Monster-A-Day: https://www.reddit.com/r/monsteraday/comments/7goy98/day_199_blue_scream_of_death/"
"","mad.boar-crocodile","Boar Crocodile","7","Huge","Beast","","","unaligned","aquatic, coast, swamp","14","85","2","","","","Monster-A-Day: https://www.reddit.com/r/monsteraday/comments/7rcinn/day_234_boar_crocodile/"
"","mad.body-snatcher-parasite","Body-Snatcher Parasite","4","Tiny","Monstrosity","","","neutral evil","dungeon, ruins, swamp, urban","14","99","2","","","","Monster-A-Day: https://www.reddit.com/r/monsteraday/comments/6n3kth/day_99_bodysnatcher_parasite/"
"","mad.bog-creeper","Bog Creeper","6","Large","Elemental","","","neutral evil","swamp","15","152","0","","","","Monster-A-Day: https://www.reddit.com/r/monsteraday/comments/63g4ab/day_27_bog_creeper/"
"","mad.bog-drowned","Bog Drowned","2","Medium","Undead","","","neutral evil","grassland, forest, swamp","11","39","1","","","","Monster-A-Day: https://www.reddit.com/r/monsteraday/comments/63v0a3/day_29_bog_drowned/"
"","mad.bog-hag","Bog Hag","11","Medium","Fey","","","neutral evil","grassland, forest, swamp","18","170","2","lair","legendary","","Monster-A-Day: https://www.reddit.com/r/monsteraday/comments/642dpi/day_30_bog_hag/"
"","mad.bog-hag-in-lair","Bog Hag (in lair)","12","Medium","Fey","","","neutral evil","grassland, forest, swamp","18","170","2","lair","legendary","","Monster-A-Day: https://www.reddit.com/r/monsteraday/comments/642dpi/day_30_bog_hag/"
"2f241d46-9f14-5991-a9a1-ce6fd8692c74","mad.bone-golem","Bone Golem","9","Large","Construct","","","unaligned","","14","133","-1","","","","Monster-A-Day: https://www.reddit.com/r/monsteraday/comments/3iz4a1/day_14_bone_golem/"
"","mad.bonefist-troll","Bonefist Troll","9","Huge","Giant","","","chaotic evil","dungeon, forest, mountain, swamp","15","175","-1","","","","Monster-A-Day: https://www.reddit.com/r/monsteraday/comments/6x8vzv/day_134_bonefist_troll/"
"","mad.bonewing-landskimmer","Bonewing Landskimmer","2","Large","Monstrosity","","","unaligned","cave, forest, grassland, underground","14","68","0","","","","Monster-A-Day: https://www.reddit.com/r/monsteraday/comments/7cxzd9/day_187_bonewing_landskimmer/"
"","mad.boogie-man","Boogie Man","11","Large","Aberration","","","chaotic evil","cave, dungeon, ruins, underground, urban","17","220","2","","","","Monster-A-Day: https://www.reddit.com/r/1d6Adventurers/comments/79wizc/this_is_halloween_with_a_bonus_boogie_man/"
"","mad.booze-ooze","Booze Ooze","6","Medium","Ooze","","","unaligned","dungeon, urban","7","82","-3","","","","Monster-A-Day: https://www.reddit.com/r/monsteraday/comments/6zhcwf/day_141_booze_ooze/"
"","mad.bramblesnap","Bramblesnap","5","Large","Plant","","","unaligned","forest, grassland, swamp","15","136","-2","lair","","","Monster-A-Day: https://www.reddit.com/r/monsteraday/comments/5zeibw/day_12_bramblesnap/"
"","mad.bramblesnap-in-lair","Bramblesnap (in lair)","6","Large","Plant","","","unaligned","forest, grassland, swamp","15","136","-2","lair","","","Monster-A-Day: https://www.reddit.com/r/monsteraday/comments/5zeibw/day_12_bramblesnap/"
"df831f20-8493-59ea-9708-cb21adbe068c","mad.brood-butcher","Brood Butcher","9","Huge","Aberration","","","chaotic evil","","14","184","0","","","","Monster-A-Day: https://www.reddit.com/r/monsteraday/comments/3mza7d/day_45_brood_butcher/"
"361e1f3d-3ca0-5c56-b651-e4fe1da80d29","mad.brood-monitor","Brood Monitor","7","Huge","Aberration","","","chaotic evil","","12","126","2","","","","Monster-A-Day: https://www.reddit.com/r/monsteraday/comments/3mutdt/day_44_brood_monitor/"
"","mad.bugbear-thug","Bugbear Thug","4","Medium","Humanoid","Goblinoid","","chaotic evil","cave, dungeon, forest, mountain, ruins, urban","15","112","2","","","","Monster-A-Day: https://www.reddit.com/r/monsteraday/comments/73utyy/day_156_bugbear_thug/"
"","mad.bugbear-totemic","Bugbear Totemic","2","Medium","Humanoid","Goblinoid","","chaotic evil","cave, coast, forest, grassland, urban","14","91","2","","","","Monster-A-Day: https://www.reddit.com/r/monsteraday/comments/6gu9jy/day_76_bugbear_totemic/"
"","mad.bullywug-guerilla","Bullywug Guerilla","1","Medium","Humanoid","Bullywug","","neutral evil","coast, swamp","13","44","3","","","","Monster-A-Day: https://www.reddit.com/r/monsteraday/comments/6w0lmi/day_130_bullywug_guerilla/"
"","mad.bullywug-mud-king","Bullywug Mud King","5","Large","Humanoid","Bullywug","","neutral evil","coast, swamp","17","135","2","","","","Monster-A-Day: https://www.reddit.com/r/monsteraday/comments/6ujyla/day_125_bullywug_mud_king/"
"","mad.bullywug-queen","Bullywug Queen","5","Medium","Humanoid","Bullywug","","neutral evil","coast, swamp","","99","1","","","","Monster-A-Day: https://www.reddit.com/r/monsteraday/comments/704bth/day_144_bullywug_queen/"
"b1f4e1b6-1da1-5da1-92f3-090bf8640d7c","mad.bullywug-shaman","Bullywug Shaman","2","Medium","Humanoid","Bullywug","","neutral evil","","14","27","2","","","","Monster-A-Day: https://www.reddit.com/r/monsteraday/comments/3s5md9/day_85_bullywug_shaman/"
"","mad.bullywug-skirmisher","Bullywug Skirmisher","2","Medium","Humanoid","Bullywug","","neutral evil","coast, swamp","14","44","3","","","","Monster-A-Day: https://www.reddit.com/r/monsteraday/comments/6yp8sj/day_138_bullywug_skirmisher/"
"","mad.bullywug-veteran","Bullywug Veteran","5","Medium","Humanoid","Bullywug","","neutral evil","coast, swamp","15","144","3","","","","Monster-A-Day: https://www.reddit.com/r/monsteraday/comments/6xgs61/day_135_bullywug_veteran/"
"d983d439-66ba-512a-bb0f-4fbd5e512baf","mad.burning-skeleton","Burning Skeleton","1","Medium","Undead","","","lawful evil","","15","26","2","","","","Monster-A-Day: https://www.reddit.com/r/monsteraday/comments/3ml17i/day_42_burning_skeleton/"
"","mad.cacus","Cacus","8","Huge","Giant","","","chaotic evil","dungeon, forest, mountain, swamp","12","187","-1","","","","Monster-A-Day: https://www.reddit.com/r/monsteraday/comments/6dbole/day_64_cacus/"
"","mad.cadaver-collector","Cadaver Collector","15","Large","Construct","","","unaligned","dungeon, ruins, urban","19","199","0","","","","Monster-A-Day: https://www.reddit.com/r/monsteraday/comments/7hsa12/day_202_cadaver_collector/"
"","mad.cadaver-fly-trap","Cadaver Fly-Trap","2","Medium","Undead","","","chaotic evil","dungeon, grassland, forest, ruins","12","97","0","","","","Monster-A-Day: https://www.reddit.com/r/monsteraday/comments/6zwlzr/day_143_cadaver_flytrap/"
"","mad.carnifer","Carnifer","12","Huge","Plant","","","unaligned","grassland, forest, swamp","16","138","-1","","","","Monster-A-Day: https://www.reddit.com/r/monsteraday/comments/63nl2m/day_28_carnifer/"
"c9e17c19-2e1c-52a7-af0b-a3e4e909a8be","mad.caustic-crawler","Caustic Crawler","4","Medium","Monstrosity","","","unaligned","","14","102","1","","","","Monster-A-Day: https://www.reddit.com/r/monsteraday/comments/3q5njk/day_70_caustic_crawler/"
"78580f59-20b6-5dfa-b358-6423529dd856","mad.chainer-geist","Chainer Geist","4","Medium","Undead","","","chaotic evil","","11","45","4","","","","Monster-A-Day: https://www.reddit.com/r/monsteraday/comments/3s0lep/day_84_chainer_geist/"
"f48a544b-f17d-5541-852d-afad6438e907","mad.chamaelean","Chamaelean","1/2","Small","Humanoid","Chamaelean","","neutral","","14","10","2","","","","Monster-A-Day: https://www.reddit.com/r/monsteraday/comments/3tubf2/day_98_chamaelean/"
"","mad.chronowl","Chronowl","13","Medium","Fey","","","lawful neutral","forest, grassland","14","198","4","","","","Monster-A-Day: https://www.reddit.com/r/monsteraday/comments/64sviq/day_32_chronowl/"
"","mad.cinder-beast","Cinder Beast","7","Large","Elemental","","","unaligned","cave, desert, dungeon, mountain, planar, ruins, underground","15","135","2","","","","Monster-A-Day: https://www.reddit.com/r/monsteraday/comments/6nb2cs/day_100_bonanza/"
"","mad.cleavergaunt","Cleavergaunt","13","Large","Undead","","","chaotic evil","dungeon, ruins, swamp, urban","17","212","3","","","","Monster-A-Day: https://www.reddit.com/r/monsteraday/comments/7c3ge5/day_185_cleavergaunt/"
"","mad.cleric-city-domain","Cleric, City Domain","9","Medium","Humanoid","Human","","lawful neutral","cave, coast, forest, grassland, urban","18","117","3","","","","Monster-A-Day: https://www.reddit.com/r/monsteraday/comments/6fvm7c/day_73_1d6_clerics/"
"","mad.cleric-forge-domain","Cleric, Forge Domain","6","Medium","Humanoid","Gnome","","neutral","cave, coast, forest, grassland, urban","19","71","-1","","","","Monster-A-Day: https://www.reddit.com/r/monsteraday/comments/6fvm7c/day_73_1d6_clerics/"
"","mad.cleric-grave-domain","Cleric, Grave Domain","12","Medium","Humanoid","Aasimar","","lawful evil","cave, coast, forest, grassland, urban","20","150","0","","","","Monster-A-Day: https://www.reddit.com/r/monsteraday/comments/6fvm7c/day_73_1d6_clerics/"
"","mad.cleric-protection-domain","Cleric, Protection Domain","3","Medium","Humanoid","Goliath","","chaotic good","cave, coast, forest, grassland, urban","20","44","-1","","","","Monster-A-Day: https://www.reddit.com/r/monsteraday/comments/6fvm7c/day_73_1d6_clerics/"
"984ffc6a-48c5-5752-ab64-17b0c8e9b09f","mad.clockwork-dragon","Clockwork Dragon","14","Huge","Construct","","","unaligned","","18","184","0","","legendary","","Monster-A-Day: https://www.reddit.com/r/monsteraday/comments/3lga4m/day_33_clockwork_dragon/"
"","mad.clockwork-mouse","Clockwork Mouse","1/8","Tiny","Construct","","","neutral","dungeon, ruins, urban","12","9","2","","","","Monster-A-Day: https://www.reddit.com/r/monsteraday/comments/6y2beh/day_136_clockwork_mouse/"
"7f2bcc7b-9b97-5091-8309-77cac5232369","mad.clockwork-pest","Clockwork Pest","1/4","Tiny","Construct","","","unaligned","","14","7","3","","","","Monster-A-Day: https://www.reddit.com/r/monsteraday/comments/3p8foi/day_63_clockwork_pest/"
"","mad.clockwork-reliquary","Clockwork Reliquary","21","Large","Construct","","","chaotic neutral","dungeon, ruins, urban","20","367","2","","","","Monster-A-Day: https://www.reddit.com/r/monsteraday/comments/7957sy/day_175_clockwork_reliquary/"
"","mad.cookie-monster","Cookie Monster","3","Large","Monstrosity","","","chaotic neutral","cave, dungeon, forest, grassland, mountain, ruins, swamp, underground, urban","13","110","1","","","","Monster-A-Day: https://www.reddit.com/r/monsteraday/comments/7fxw8b/day_196_cookie_monster/"
"","mad.corgeagle","Corgeagle","1/8","Small","Monstrosity","","","unaligned","forest, mountain","12","7","2","","","","Monster-A-Day: https://www.reddit.com/r/monsteraday/comments/6tojls/day_121_corgeagle/"
"6fb8d0a0-aa8a-53c6-afef-133981179bd7","mad.coven-horror","Coven Horror","9","Large","Monstrosity","","","chaotic evil","","15","123","0","","","","Monster-A-Day: https://www.reddit.com/r/monsteraday/comments/3mh4se/day_41_coven_horror/"
"f16c46ce-12e0-56e1-a295-85938fa93bc7","mad.crowlock","Crowlock","1/2","Tiny","Monstrosity","","","chaotic neutral","","13","10","3","","","","Monster-A-Day: https://www.reddit.com/r/monsteraday/comments/3tbisl/day_94_crowlock/"
"","mad.crown-weaver-spider","Crown-Weaver Spider","1","Tiny","Beast","","","unaligned","cave, dungeon, mountain, ruins","13","40","3","","","","Monster-A-Day: https://www.reddit.com/r/monsteraday/comments/6aersx/day_53_crownweaver_spider/"
"4b78c693-794c-5e30-a23c-e33f8c65dc75","mad.crystal-elemental","Crystal Elemental","3","Medium","Elemental","","","neutral","","15","57","1","","","","Monster-A-Day: https://www.reddit.com/r/monsteraday/comments/3ssksc/day_90_crystal_elemental/"
"7f194628-94f6-579c-862b-ac98afc84cd2","mad.crystalline-dragon","Crystalline Dragon","18","Huge","Dragon","","","any chaotic","","20","270","2","","legendary","","Monster-A-Day: https://www.reddit.com/r/monsteraday/comments/3tlb1z/day_96_crystalline_dragon/"
"51a0186f-dbcd-520d-8f01-382aa2d0621f","mad.crystalline-sliver","Crystalline Sliver","4","Large","Monstrosity","Sliver","","neutral evil","","14","75","2","","","","Monster-A-Day: https://www.reddit.com/r/monsteraday/comments/3jic37/day_18_crystalline_and_spitting_slivers/"
"","mad.cuegle","Cuegle","12","Medium","Monstrosity","","","chaotic evil","forest, grassland, ruins, urban","17","238","2","","","","Monster-A-Day: https://www.reddit.com/r/monsteraday/comments/7w7prk/day_249_cuegle/"
"","mad.cult-apothecary","Cult Apothecary","2","Medium","Humanoid","Any","","neutral evil","dungeon, ruins, urban","13","39","2","","","","Monster-A-Day: https://www.reddit.com/r/monsteraday/comments/78hugm/day_172_cult_apothecary/"
"","mad.cult-initiate","Cult Initiate","1","Medium","Humanoid","Any","","neutral evil","dungeon, ruins, urban","13","22","2","","","","Monster-A-Day: https://www.reddit.com/r/monsteraday/comments/789lll/day_171_cult_initiate/"
"","mad.cult-orator","Cult Orator","3","Medium","Humanoid","Any","","neutral evil","dungeon, ruins, urban","13","52","2","","","","Monster-A-Day: https://www.reddit.com/r/monsteraday/comments/78xq57/day_174_cult_orator/"
"","mad.dandy-lion","Dandy Lion","1","Large","Plant","","","neutral good","dungeon, grassland, forest, ruins","12","65","2","","","","Monster-A-Day: https://www.reddit.com/r/monsteraday/comments/70x0gt/day_146_dandy_lion/"
"","mad.dark-mistress","Dark Mistress","5","Medium","Humanoid","Any","","chaotic evil","dungeon, ruins, urban","14","110","4","","","","Monster-A-Day: https://www.reddit.com/r/monsteraday/comments/78psfe/day_173_dark_mistress/"
"9490dc31-e70b-5585-a185-bb43445262b9","mad.death-widow","Death Widow","3","Large","Monstrosity","","","unaligned","","14","60","3","","","","Monster-A-Day: https://www.reddit.com/r/monsteraday/comments/3ngo6q/day_49_death_widow/"
"197fcb81-d34e-55e5-abc5-9a1275cf017f","mad.dire-anglerfish","Dire Anglerfish","5","Huge","Beast","","","unaligned","","13","105","2","","","","Monster-A-Day: https://www.reddit.com/r/monsteraday/comments/3t1u2d/day_92_dire_anglerfish/"
"","mad.dire-bombardier-beetle","Dire Bombardier Beetle","17","Gargantuan","Beast","","","unaligned","cave, desert, dungeon, forest, grassland, mountain, ruins, swamp, underground","19","315","1","","","","Monster-A-Day: https://www.reddit.com/r/monsteraday/comments/67q7yj/day_43_dire_bombardier_beetle/"
"","mad.dolgrim","Dolgrim","1","Small","Aberration","","","chaotic evil","cave, dungeon, mountain, ruins","15","44","2","","","","Monster-A-Day: https://www.reddit.com/r/monsteraday/comments/6ywne4/day_140_dolgrim/"
"2c052371-15a4-5859-a35c-5e3a044de76a","mad.dream-eater","Dream Eater","10","Large","Aberration","","","chaotic evil","","17","133","5","","legendary","","Monster-A-Day: https://www.reddit.com/r/monsteraday/comments/3mctof/day_40_dream_eater/"
"","mad.dreyfus-the-historian","Dreyfus, the Historian","15","Medium","Undead","","","lawful neutral","arctic, cave, coast, forest, grassland, urban","12","286","5","","","unique","Monster-A-Day: https://www.reddit.com/r/monsteraday/comments/68v1nd/day_47_dreyfus_the_historian/"
"","mad.drop-bear","Drop Bear","1/2","Small","Beast","","","unaligned","grassland, forest, swamp","13","55","2","","","","Monster-A-Day: https://www.reddit.com/r/monsteraday/comments/7g6yxn/day_197_drop_bear/"
"","mad.druid-circle-of-dreams","Druid, Circle of Dreams","10","Medium","Humanoid","Firbolg","","neutral good","cave, coast, forest, grassland, urban","18","172","2","","","","Monster-A-Day: https://www.reddit.com/r/monsteraday/comments/6h9klv/day_78_1d6_druids/"
"","mad.druid-circle-of-the-shepherd","Druid, Circle of the Shepherd","2","Medium","Humanoid","Half-Orc","","neutral evil","cave, coast, forest, grassland, urban","15","65","1","","","","Monster-A-Day: https://www.reddit.com/r/monsteraday/comments/6h9klv/day_78_1d6_druids/"
"","mad.druid-circle-of-twilight","Druid, Circle of Twilight","6","Medium","Humanoid","Elf","","neutral","cave, coast, forest, grassland, urban","17","110","3","","","","Monster-A-Day: https://www.reddit.com/r/monsteraday/comments/6h9klv/day_78_1d6_druids/"
"","mad.drunkard","Drunkard","3","Medium","Humanoid","Human","","neutral","urban","12","127","2","","","","Monster-A-Day: https://www.reddit.com/r/monsteraday/comments/7nhbcn/day_221_drunkard/"
"","mad.dust-wight","Dust Wight","8","Medium","Undead","","","chaotic evil","dungeon, ruins, swamp, urban","15","161","1","","","","Monster-A-Day: https://www.reddit.com/r/monsteraday/comments/72ueyp/day_153_dust_wight/"
"","mad.elasmotherium","Elasmotherium","7","Huge","Beast","","","unaligned","forest, grassland","15","172","0","","","","Monster-A-Day: https://www.reddit.com/r/monsteraday/comments/7pi2mb/day_228_elasmotherium/"
"393c286b-0c0e-581f-a2fb-3711d00382a6","mad.eldrazi-scion","Eldrazi Scion","1","Large","Aberration","","","chaotic evil","","12","45","2","","","","Monster-A-Day: https://www.reddit.com/r/monsteraday/comments/3mpzye/day_43_eldrazi_scion/"
"","mad.ettin-favoured-of-demogorgon","Ettin Favoured of Demogorgon","12","Huge","Giant","","","chaotic evil","cave, grassland, mountain, swamp","15","262","-1","","","","Monster-A-Day: https://www.reddit.com/r/monsteraday/comments/74a8nx/day_158_ettin_favoured_of_demogorgon/"
"737d6217-c3da-57e6-85c9-c7f1546a74ce","mad.evil-doll","Evil Doll","2","Tiny","Construct","Fiend","","lawful evil","","14","21","3","","","","Monster-A-Day: https://www.reddit.com/r/monsteraday/comments/3qaafe/day_71_evil_doll/"
"","mad.excremental","Excremental","8","Huge","Aberration","","","neutral evil","dungeon, underground, urban","13","148","1","","","","Monster-A-Day: https://www.reddit.com/r/monsteraday/comments/5yo9ur/day_10_excremental/"
"6aaea83f-cd45-5042-ac24-f586fcecdfad","mad.fallen-angel","Fallen Angel","10","Medium","Celestial","","","lawful evil","","17","136","4","","","","Monster-A-Day: https://www.reddit.com/r/monsteraday/comments/3iv4zk/day_13_fallen_angel/"
"","mad.fear-gorta","Fear Gorta","0","Medium","Celestial","","","neutral good","planar, urban","10","4","0","","","","Monster-A-Day: https://www.reddit.com/r/monsteraday/comments/5zzwoh/day_15_fear_gorta/"
"","mad.fenrir","Fenrir","10","Huge","Giant","Shapechanger","","chaotic evil","cave, grassland, mountain, swamp","","210","1","","","","Monster-A-Day: https://www.reddit.com/r/monsteraday/comments/7alwm9/day_180_fenrir/"
"","mad.fer-de-lance","Fer-De-Lance","3","Medium","Beast","","","unaligned","forest, grassland","14","63","4","","","","Monster-A-Day: https://www.reddit.com/r/monsteraday/comments/7mh7th/day_218_ferdelance/"
"","mad.feral-gibberer","Feral Gibberer","3","Tiny","Monstrosity","","","chaotic evil","cave, forest, grassland, underground","13","32","3","","","","Monster-A-Day: https://www.reddit.com/r/monsteraday/comments/7ekm7i/day_192_feral_gibberer/"
"6ba203b8-fcd8-531c-8132-63d661d3d6be","mad.fern-lizard","Fern Lizard","1/2","Small","Beast","","","unaligned","","12","14","2","","","","Monster-A-Day: https://www.reddit.com/r/monsteraday/comments/3jr66s/day_20_fern_lizard/"
"","mad.fetch","Fetch","4","Medium","Fey","Shapechanger","","chaotic evil","dungeon, ruins, urban","12","122","3","","","","Monster-A-Day: https://www.reddit.com/r/monsteraday/comments/81him4/day_265_fetch/"
"e514a47e-37bf-5f24-88c1-f27d22ce589b","mad.feyote","Feyote","1/4","Medium","Fey","","","neutral","","12","11","2","","","","Monster-A-Day: https://www.reddit.com/r/monsteraday/comments/3r3co3/day_77_feyote/"
"9ab66078-0d51-5ad0-b367-7b11ec247696","mad.fiendish-hyena","Fiendish Hyena","2","Large","Fiend","","","chaotic evil","","12","45","1","","","","Monster-A-Day: https://www.reddit.com/r/monsteraday/comments/3k44u9/day_23_gnoll_deathmage_and_fiendish_hyena/"
"","mad.fighter-arcane-archer","Fighter, Arcane Archer","5","Small","Humanoid","Kobold","","chaotic evil","cave, coast, forest, grassland, urban","15","82","3","","","","Monster-A-Day: https://www.reddit.com/r/monsteraday/comments/6inwbn/day_83_1d6_fighters/"
"","mad.fighter-cavalier","Fighter, Cavalier","4","Medium","Humanoid","Human","","lawful neutral","cave, coast, forest, grassland, urban","19","75","0","","","","Monster-A-Day: https://www.reddit.com/r/monsteraday/comments/6inwbn/day_83_1d6_fighters/"
"","mad.fighter-knight","Fighter, Knight","8","Medium","Humanoid","Aasimar","","lawful neutral","cave, coast, forest, grassland, urban","20","175","0","","","","Monster-A-Day: https://www.reddit.com/r/monsteraday/comments/6inwbn/day_83_1d6_fighters/"
"","mad.fighter-monster-hunter","Fighter, Monster Hunter","5","Medium","Humanoid","Dwarf","","chaotic good","cave, coast, forest, grassland, urban","16","130","4","","","","Monster-A-Day: https://www.reddit.com/r/monsteraday/comments/6inwbn/day_83_1d6_fighters/"
"","mad.fighter-samurai","Fighter, Samurai","13","Medium","Humanoid","Dragonborn","","lawful good","cave, coast, forest, grassland, urban","18","255","2","","","","Monster-A-Day: https://www.reddit.com/r/monsteraday/comments/6inwbn/day_83_1d6_fighters/"
"","mad.fighter-scout","Fighter, Scout","2","Small","Humanoid","Halfling","","lawful neutral","cave, coast, forest, grassland, urban","14","40","3","","","","Monster-A-Day: https://www.reddit.com/r/monsteraday/comments/6inwbn/day_83_1d6_fighters/"
"","mad.firbolg-shroomspeaker","Firbolg Shroomspeaker","9","Medium","Humanoid","Firbolg","","lawful neutral","forest, grassland, underground, urban","14","90","2","","","","Monster-A-Day: https://www.reddit.com/r/monsteraday/comments/7pqndg/day_229_firbolg_shroomspeaker/"
"","mad.fire-fathomer","Fire Fathomer","5","Medium","Humanoid","Human","","neutral evil","dungeon, planar, urban","10","52","0","","","","Monster-A-Day: https://www.reddit.com/r/monsteraday/comments/7t74zg/day_240_fire_fathomer/"
"","mad.fire-giant-jailer","Fire Giant Jailer","10","Huge","Giant","","","lawful evil","dungeon, forest, mountain, swamp","17","162","-1","","","","Monster-A-Day: https://www.reddit.com/r/monsteraday/comments/6oj001/day_104_fire_giant_jailor/"
"bb017345-9b98-56c7-aed1-da6dd50c2d9a","mad.fire-spire-initiate","Fire Spire Initiate","3","Medium","Humanoid","Any Race","","any lawful","","15","55","3","","","","Monster-A-Day: https://www.reddit.com/r/monsteraday/comments/3icp48/day_9_monks_of_the_five_spires/"
"","mad.fog-dog","Fog Dog","5","Medium","Monstrosity","","","chaotic good","cave, dungeon, forest, grassland, mountain, ruins, underground","14","136","3","","","","Monster-A-Day: https://www.reddit.com/r/monsteraday/comments/77gmh6/day_169_fog_dog/"
"","mad.fossegrim","Fossegrim","8","Medium","Fey","","","neutral","aquatic, forest, swamp","13","115","3","","","","Monster-A-Day: https://www.reddit.com/r/monsteraday/comments/7s7w2p/day_236_fossegrim/"
"","mad.frog-dragon","Frog Dragon","15","Huge","Dragon","","","neutral evil","grassland, forest, swamp","19","234","2","","legendary","","Monster-A-Day: https://www.reddit.com/r/monsteraday/comments/70bzok/day_145_frog_dragon/"
"c378b19d-65dc-5c65-866e-485f893a69cd","mad.froghoul","Froghoul","2","Medium","Undead","","","chaotic evil","","14","27","3","","","","Monster-A-Day: https://www.reddit.com/r/monsteraday/comments/3pd73a/day_64_froghoul/"
"f48f3757-ba7f-5476-80ba-a09c3042543d","mad.frost-giant-jarl","Frost Giant Jarl","11","Huge","Giant","","","neutral evil","","16","187","0","","legendary","","Monster-A-Day: https://www.reddit.com/r/monsteraday/comments/3p02np/day_61_frost_giant_jarl/"
"7aacbba6-e9fa-560a-83c5-c89cbb3dbcb4","mad.fusion-elemental","Fusion Elemental","15","Huge","Elemental","","","neutral","","17","250","0","","legendary","","Monster-A-Day: https://www.reddit.com/r/monsteraday/comments/3iqsbv/day_12_fusion_elemental/"
"","mad.gallows-tree","Gallows Tree","10","Huge","Plant","","","lawful evil","forest, swamp","16","207","-1","","","","Monster-A-Day: https://www.reddit.com/r/monsteraday/comments/6e9bus/day_67_lynching_tree/"
"","mad.gantu","Gantu","3","Medium","Humanoid","Gantu","","lawful neutral","cave, dungeon, forest, grassland, mountain, ruins, urban","14","65","2","","","","Monster-A-Day: https://www.reddit.com/r/monsteraday/comments/8182dg/day_264_gantu/"
"","mad.gashadokuro","Gashadokuro","16","Gargantuan","Undead","","","lawful evil","dungeon, underground, urban","17","190","-2","","","","Monster-A-Day: https://www.reddit.com/r/monsteraday/comments/67xzjc/day_44_gashadokuro/"
"86c8a930-7053-51af-9feb-a250233acf62","mad.gazellean","Gazellean","1/2","Medium","Humanoid","Gazellean","","neutral","","14","16","3","","","","Monster-A-Day: https://www.reddit.com/r/monsteraday/comments/3lol76/day_35_gazellean/"
"","mad.geriviar","Geriviar","18","Huge","Giant","","","chaotic evil","cave, mountain","19","337","0","","","","Monster-A-Day: https://www.reddit.com/r/monsteraday/comments/7dni9m/day_190_geriviar/"
"","mad.ghost-shark","Ghost Shark","6","Large","Undead","","","chaotic evil","aquatic, cave, coast, dungeon, mountain, ruins","12","102","2","","","","Monster-A-Day: https://www.reddit.com/r/monsteraday/comments/6pxzlj/day_109_shark_week_ghost_shark/"
"","mad.giant-bombardier-beetle","Giant Bombardier Beetle","2","Medium","Beast","","","unaligned","cave, dungeon, forest, grassland, mountain, ruins, swamp, underground, urban","13","52","2","","","","Monster-A-Day: https://www.reddit.com/r/monsteraday/comments/62g0gb/day_24_giant_bombardier_beetle/"
"","mad.giant-flea","Giant Flea","1","Tiny","Beast","","","unaligned","cave, dungeon, forest, grassland, mountain, ruins, swamp, underground, urban","12","73","2","","","","Monster-A-Day: https://www.reddit.com/r/monsteraday/comments/7shg2e/day_237_giant_flea/"
"","mad.giant-space-hamster","Giant Space Hamster","4","Large","Beast","","","unaligned","dungeon, planar","14","76","-1","","","","Monster-A-Day: https://www.reddit.com/r/monsteraday/comments/6nb2cs/day_100_bonanza/"
"","mad.giant-space-hamster-armor-plated","Giant Space Hamster, Armor-Plated","5","Large","Beast","","","unaligned","dungeon, planar","17","133","-2","","","","Monster-A-Day: https://www.reddit.com/r/monsteraday/comments/6nb2cs/day_100_bonanza/"
"","mad.giant-space-hamster-carnivorous-flying","Giant Space Hamster, Carnivorous Flying","6","Large","Beast","","","unaligned","dungeon, planar","15","119","-1","","","","Monster-A-Day: https://www.reddit.com/r/monsteraday/comments/6nb2cs/day_100_bonanza/"
"","mad.giant-space-hamster-great-horned","Giant Space Hamster, Great Horned","7","Large","Beast","","","unaligned","dungeon, planar","15","136","-1","","","","Monster-A-Day: https://www.reddit.com/r/monsteraday/comments/6nb2cs/day_100_bonanza/"
"","mad.giant-space-hamster-invisible","Giant Space Hamster, Invisible","8","Large","Beast","","","unaligned","dungeon, planar","15","153","-1","","","","Monster-A-Day: https://www.reddit.com/r/monsteraday/comments/6nb2cs/day_100_bonanza/"
"","mad.giant-space-hamster-miniature","Giant Space Hamster, Miniature","1/4","Tiny","Beast","","","unaligned","dungeon, planar","13","7","3","","","","Monster-A-Day: https://www.reddit.com/r/monsteraday/comments/6nb2cs/day_100_bonanza/"
"","mad.giant-space-hamster-of-ill-omen-wooly-rupert","Giant Space Hamster of Ill Omen, Wooly Rupert","21","Gargantuan","Beast","","","chaotic neutral","dungeon, planar","21","363","-2","","legendary","unique","Monster-A-Day: https://www.reddit.com/r/monsteraday/comments/6nb2cs/day_100_bonanza/"
"","mad.giant-space-hamster-sabre-toothed","Giant Space Hamster, Sabre-Toothed","9","Large","Beast","","","unaligned","dungeon, planar","15","170","-1","","","","Monster-A-Day: https://www.reddit.com/r/monsteraday/comments/6nb2cs/day_100_bonanza/"
"","mad.giant-space-hamster-tyrannohamsterus-rex","Giant Space Hamster, Tyrannohamsterus Rex","15","Huge","Beast","","","unaligned","dungeon, planar","18","275","-2","","","","Monster-A-Day: https://www.reddit.com/r/monsteraday/comments/6nb2cs/day_100_bonanza/"
"","mad.giant-space-hamster-yellow-musk","Giant Space Hamster, Yellow Musk","5","Large","Beast","","","unaligned","dungeon, planar","14","93","-1","","","","Monster-A-Day: https://www.reddit.com/r/monsteraday/comments/6nb2cs/day_100_bonanza/"
"","mad.giant-stag-beetle","Giant Stag Beetle","4","Large","Beast","","","unaligned","cave, dungeon, forest, grassland, mountain, ruins, swamp, underground, urban","16","85","-1","","","","Monster-A-Day: https://www.reddit.com/r/monsteraday/comments/5ya7op/day_8_giant_stag_beetle/"
"","mad.giant-tardigrade","Giant Tardigrade","4","Huge","Monstrosity","","","unaligned","cave, dungeon, planar, ruins, underground","14","54","4","","","","Monster-A-Day: https://www.reddit.com/r/monsteraday/comments/7f9wb8/day_195_giant_tardigrade/"
"","mad.giant-three-banded-armadillo","Giant Three-Banded Armadillo","2","Medium","Beast","","","unaligned","forest, grassland","14","44","2","","","","Monster-A-Day: https://www.reddit.com/r/monsteraday/comments/7maaku/day_217_giant_threebanded_armadillo/"
"","mad.gift-of-aldanach","Gift of Aldanach","11","Small","Fiend","","","chaotic evil","dungeon, planar","16","169","6","","","","Monster-A-Day: https://www.reddit.com/r/monsteraday/comments/5x5jo1/day_4_gift_of_aldanach/"
"ee032904-c71c-553b-b3ac-f3b267dc6914","mad.gill-man","Gill-man","6","Medium","Monstrosity","","","neutral","","16","102","3","","","","Monster-A-Day: https://www.reddit.com/r/monsteraday/comments/3qf9kq/day_72_gillman/"
"90f3f751-373a-5d25-ba22-1d03e39398bf","mad.ginormous-squirrel","Ginormous Squirrel","16","Gargantuan","Beast","","","unaligned","","20","248","3","","legendary","","Monster-A-Day: https://www.reddit.com/r/monsteraday/comments/3o41vx/day_54_ginormous_squirrel/"
"","mad.girtablilu","Girtablilu","10","Huge","Monstrosity","","","lawful evil","desert, mountain, ruins, underground","16","220","0","","","","Monster-A-Day: https://www.reddit.com/r/monsteraday/comments/7zqpd6/day_260_girtablilu/"
"b024b624-9bbe-5f0a-9b02-027fc42365ac","mad.gladeborn-hunter","Gladeborn Hunter","5","Medium","Humanoid","Any Race","","neutral","","16","91","4","","","","Monster-A-Day: https://www.reddit.com/r/monsteraday/comments/3npsf8/day_51_gladeborn_rangers/"
"c1080389-7eb6-5f7c-a6d8-1db800992f82","mad.gladeborn-trapper","Gladeborn Trapper","3","Medium","Humanoid","Any Race","","neutral","","16","52","3","","","","Monster-A-Day: https://www.reddit.com/r/monsteraday/comments/3npsf8/day_51_gladeborn_rangers/"
"","mad.gnoll-berserker","Gnoll Berserker","3","Medium","Humanoid","Gnoll","","chaotic evil","arctic, cave, coast, desert, dungeon, forest, grassland, mountain, ruins, swamp, urban","15","65","2","","","","Monster-A-Day: https://www.reddit.com/r/monsteraday/comments/7ju62r/day_209_gnoll_berserker/"
"db18b7ac-74da-56d2-94ac-576dd41bbe9c","mad.gnoll-deathknight","Gnoll Deathknight","6","Medium","Humanoid","Gnoll","","chaotic evil","","17","120","2","","","","Monster-A-Day: https://www.reddit.com/r/monsteraday/comments/3jzoao/day_22_gnoll_deathknight/"
"39d9c50f-5bc2-5de1-bea6-80e84dd86bd9","mad.gnoll-deathmage","Gnoll Deathmage","7","Medium","Humanoid","Gnoll","","chaotic evil","","12","55","2","","","","Monster-A-Day: https://www.reddit.com/r/monsteraday/comments/3k44u9/day_23_gnoll_deathmage_and_fiendish_hyena/"
"","mad.gnoll-filth-flinger","Gnoll Filth Flinger","1","Medium","Humanoid","Gnoll","","chaotic evil","arctic, cave, coast, desert, dungeon, forest, grassland, mountain, ruins, swamp, urban","13","22","2","","","","Monster-A-Day: https://www.reddit.com/r/monsteraday/comments/7jdgxw/day_207_gnoll_filth_flinger/"
"7f1cd765-a57b-5a3b-8e43-662a54e14d6e","mad.goblin-alchemist","Goblin Alchemist","1/2","Small","Humanoid","Goblinoid","","neutral evil","","14","10","2","","","","Monster-A-Day: https://www.reddit.com/r/monsteraday/comments/3sasfq/day_86_goblin_alchemist_and_ritualist/"
"ee072afa-6337-557e-b9d0-d817210423dd","mad.goblin-ritualist","Goblin Ritualist","1/2","Small","Humanoid","Goblinoid","","neutral evil","","14","10","2","","","","Monster-A-Day: https://www.reddit.com/r/monsteraday/comments/3sasfq/day_86_goblin_alchemist_and_ritualist/"
"","mad.granderhobb","Granderhobb","14","Huge","Monstrosity","","","neutral evil","urban","18","253","1","","","","Monster-A-Day: https://www.reddit.com/r/monsteraday/comments/6eosyh/day_69_granderhobb/"
"59dc127f-c93a-5f71-8b77-735936fb4ca0","mad.grave-titan","Grave Titan","10","Huge","Undead","","","neutral evil","","14","200","0","","","","Monster-A-Day: https://www.reddit.com/r/monsteraday/comments/3hhz6e/day_1_grave_titan/"
"","mad.graveyard-guardian","Graveyard Guardian","6","Medium","Undead","","","lawful good","dungeon, ruins, swamp, urban","13","136","3","","","","Monster-A-Day: https://www.reddit.com/r/monsteraday/comments/72mh6w/day_152_graveyard_guardian/"
"","mad.greater-doppelganger","Greater Doppelganger","6","Medium","Monstrosity","Shapechanger","","neutral","dungeon, ruins, urban","15","142","5","","","","Monster-A-Day: https://www.reddit.com/r/monsteraday/comments/7vppsk/day_247_greater_doppelganger/"
"","mad.greatmaw-troll","Greatmaw Troll","10","Huge","Giant","","","chaotic evil","dungeon, forest, mountain, swamp","16","243","1","","","","Monster-A-Day: https://www.reddit.com/r/monsteraday/comments/6vsyz1/day_129_greatmaw_troll/"
"","mad.greblin","Greblin","2","Small","Humanoid","Goblinoid","","neutral evil","cave, dungeon, forest, grassland, mountain, ruins, urban","15","50","3","","","","Monster-A-Day: https://www.reddit.com/r/monsteraday/comments/5y31i2/day_7_greblin/"
"","mad.gremlin","Gremlin","2","Small","Monstrosity","","","chaotic evil","cave, dungeon, forest, grassland, mountain, ruins, urban","14","71","1","","","","Monster-A-Day: https://www.reddit.com/r/monsteraday/comments/7a60cg/day_178_gremlin/"
"","mad.grinch","Grinch","12","Medium","Fey","","","chaotic evil","arctic, urban","17","201","5","","","unique","Monster-A-Day: https://www.reddit.com/r/monsteraday/comments/7lbxfe/day_214_grinch/"
"","mad.grootslang","Grootslang","23","Gargantuan","Monstrosity","","","chaotic evil","cave, underground","19","350","4","lair","legendary","unique","Monster-A-Day: https://www.reddit.com/r/monsteraday/comments/7bvsff/day_184_grootslang/"
"1d99298b-976a-53eb-9100-1bc9cd2d37e0","mad.grove-guardian","Grove Guardian","5","Large","Fey","","","neutral","","15","71","3","","","","Monster-A-Day: https://www.reddit.com/r/monsteraday/comments/3m33t3/day_38_grove_guardian/"
"","mad.hadozee-deckhand","Hadozee Deckhand","2","Medium","Humanoid","Hadozee","","chaotic good","aquatic, coast","15","71","3","","","","Monster-A-Day: https://www.reddit.com/r/monsteraday/comments/7mozq4/day_219_hadozee_deckhand/"
"","mad.hanged-man","Hanged Man","8","Medium","Undead","","","lawful evil","dungeon, forest, ruins, swamp","15","175","2","","","","Monster-A-Day: https://www.reddit.com/r/monsteraday/comments/7xsqr4/day_254_hanged_man/"
"0db8adb1-5dfb-517a-95bc-2bc16851c552","mad.hawkfox","Hawkfox","2","Medium","Monstrosity","","","unaligned","","13","38","3","","","","Monster-A-Day: https://www.reddit.com/r/monsteraday/comments/3rin2p/day_80_hawkfox/"
"4fe1572b-5acb-55d9-9773-be0aa79d0c62","mad.headless-horseman","Headless Horseman","8","Medium","Fiend","","","lawful evil","","15","153","3","","","","Monster-A-Day: https://www.reddit.com/r/monsteraday/comments/3qq341/day_74_headless_horseman/"
"","mad.hell-boar-pigasus","Hell-Boar Pigasus","2","Large","Fiend","","","chaotic evil","dungeon, planar","14","85","1","","","","Monster-A-Day: https://www.reddit.com/r/monsteraday/comments/6c5hpo/day_60_pigasus/"
"","mad.hellbat","Hellbat","6","Large","Fiend","","","lawful evil","dungeon, planar","15","144","3","","","","Monster-A-Day: https://www.reddit.com/r/monsteraday/comments/6vd6jk/day_127_hellbat/"
"","mad.hellbug-archer","Hellbug Archer","7","Medium","Monstrosity","","","unaligned","desert, grassland, mountain","15","130","4","","","","Monster-A-Day: https://www.reddit.com/r/monsteraday/comments/75ytce/day_164_hellbugs_2/"
"","mad.hellbug-hellion","Hellbug Hellion","12","Huge","Monstrosity","","","unaligned","desert, grassland, mountain","19","241","1","","","","Monster-A-Day: https://www.reddit.com/r/monsteraday/comments/75ytce/day_164_hellbugs_2/"
"","mad.hellbug-skitterling","Hellbug Skitterling","4","Small","Monstrosity","","","unaligned","desert, grassland, mountain","14","88","3","","","","Monster-A-Day: https://www.reddit.com/r/monsteraday/comments/75jab2/day_162_hellbugs/"
"","mad.hellbug-warrior","Hellbug Warrior","8","Large","Monstrosity","","","unaligned","desert, grassland, mountain","16","153","2","","","","Monster-A-Day: https://www.reddit.com/r/monsteraday/comments/75jab2/day_162_hellbugs/"
"","mad.hellcat","Hellcat","5","Large","Fiend","","","lawful evil","dungeon, planar","15","119","4","","","","Monster-A-Day: https://www.reddit.com/r/monsteraday/comments/6h1y3p/day_77_hellcat/"
"","mad.hellephant","Hellephant","11","Huge","Fiend","","","chaotic evil","dungeon, planar","15","189","-2","","","","Monster-A-Day: https://www.reddit.com/r/monsteraday/comments/6s7dk1/day_116_hellephant/"
"","mad.helmet-crab","Helmet Crab","3","Small","Beast","","","unaligned","dungeon, ruins, urban","14","93","2","","","","Monster-A-Day: https://www.reddit.com/r/monsteraday/comments/72ekrz/day_151_shield_bug_helmet_crab/"
"","mad.hemogoblin","Hemogoblin","3","Small","Humanoid","Goblinoid","","neutral evil","cave, dungeon, forest, grassland, mountain, ruins, urban","15","43","2","","","","Monster-A-Day: https://www.reddit.com/r/monsteraday/comments/62n770/day_25_hemogoblin/"
"f78ce030-6101-5b66-abbb-0a1bde8f7277","mad.herald-of-rot","Herald of Rot","6","Large","Fiend","Demon","","chaotic evil","","15","104","2","","","","Monster-A-Day: https://www.reddit.com/r/monsteraday/comments/3i3ctv/day_7_herald_of_rot/"
"","mad.herbalist","Herbalist","2","Medium","Humanoid","Half-Elf","","neutral good","grassland, forest, urban","14","71","3","","","","Monster-A-Day: https://www.reddit.com/r/monsteraday/comments/7d6jqy/day_188_herbalist/"
"","mad.hex-troll","Hex Troll","9","Large","Giant","","","chaotic evil","dungeon, forest, mountain, swamp","15","189","1","","","","Monster-A-Day: https://www.reddit.com/r/monsteraday/comments/6ig9ee/day_82_hex_troll/"
"","mad.hobgoblin-phalanx","Hobgoblin Phalanx","2","Medium","Humanoid","Goblinoid","","lawful evil","arctic, coast, grassland, mountain, urban","20","32","1","","","","Monster-A-Day: https://www.reddit.com/r/monsteraday/comments/657j0x/day_34_hobgoblin_phalanx/"
"","mad.hobgoblin-stoneclaw","Hobgoblin Stoneclaw","7","Medium","Humanoid","Goblinoid","","lawful evil","desert, forest, grassland, mountain, urban","16","120","4","","","","Monster-A-Day: https://www.reddit.com/r/monsteraday/comments/61u59a/day_21_hobgoblin_stoneclaw/"
"","mad.hook-mountain-ogre","Hook Mountain Ogre","8","Large","Giant","","","chaotic evil","dungeon, forest, mountain, swamp","16","189","0","","","","Monster-A-Day: https://www.reddit.com/r/monsteraday/comments/6regcp/day_114_hook_mountain_ogre/"
"","mad.hum-bug","Hum Bug","9","Huge","Monstrosity","","","unaligned","arctic, urban","16","199","2","","","","Monster-A-Day: https://www.reddit.com/r/monsteraday/comments/7kvrs9/day_212_humbug/"
"","mad.humongous-marshmallow-golem","Humongous Marshmallow Golem","19","Gargantuan","Construct","","","unaligned","dungeon, ruins, urban","19","315","-2","","","","Monster-A-Day: https://www.reddit.com/r/monsteraday/comments/79q8sg/day_176_marshmallow_golem/"
"","mad.hyde-the-goblin","Hyde the Goblin","15","Small","Humanoid","Goblinoid","","lawful evil","cave, dungeon, forest, grassland, mountain, ruins, urban","18","195","5","","","unique","Monster-A-Day: https://www.reddit.com/r/monsteraday/comments/7tv3km/day_241_hyde_the_goblin/"
"","mad.ice-elemental","Ice Elemental","8","Large","Elemental","","","neutral evil","arctic, dungeon, planar","16","187","0","","","","Monster-A-Day: https://www.reddit.com/r/monsteraday/comments/6vl3yz/day_128_ice_elemental/"
"abb92d58-da93-557d-a0fe-e9088b1a3f56","mad.ice-golem","Ice Golem","8","Large","Construct","","","unaligned","","16","152","0","","","","Monster-A-Day: https://www.reddit.com/r/monsteraday/comments/3ovbhb/day_60_ice_golem/"
"","mad.illiphant","Illiphant","6","Huge","Aberration","","","lawful evil","dungeon, underground, urban","14","133","-1","","","","Monster-A-Day: https://www.reddit.com/r/monsteraday/comments/7hjyrw/day_201_illiphant/"
"f00c0b0d-3f6a-5072-afd4-53517987af03","mad.infestation-swarm","Infestation Swarm","4","Medium","Aberration","Swarm","","unaligned","","14","44","4","","","","Monster-A-Day: https://www.reddit.com/r/monsteraday/comments/3pn9gi/day_66_infestation_swarm/"
"","mad.ironwood-golem","Ironwood Golem","11","Large","Construct","","","unaligned","dungeon, forest, ruins, urban","16","152","-1","","","","Monster-A-Day: https://www.reddit.com/r/monsteraday/comments/7nxd12/day_223_ironwood_golem/"
"","mad.ivylash-zombie","Ivylash Zombie","1/2","Medium","Undead","","","neutral evil","dungeon, grassland, forest, ruins","11","30","1","","","","Monster-A-Day: https://www.reddit.com/r/monsteraday/comments/6u45vt/day_123_ivylash_zombie/"
"","mad.jack-in-a-box","Jack, in-a-box","9","Tiny","Construct","","","chaotic evil","dungeon, planar, ruins, urban","13","157","3","lair","legendary","unique","Monster-A-Day: https://www.reddit.com/r/monsteraday/comments/61b7sz/day_20_jack_inabox/"
"","mad.jack-in-a-box-in-lair","Jack, in-a-box (in lair)","10","Tiny","Construct","","","chaotic evil","dungeon, planar, ruins, urban","13","157","3","lair","legendary","unique","Monster-A-Day: https://www.reddit.com/r/monsteraday/comments/61b7sz/day_20_jack_inabox/"
"","mad.jorogumo","Jorogumo","8","Large","Monstrosity","Shapechanger","","chaotic evil","dungeon, forest, ruins, swamp, underground","17","161","4","","","","Monster-A-Day: https://www.reddit.com/r/monsteraday/comments/7z86yk/day_258_jorogumo/"
"","mad.joythief","Joythief","6","Medium","Fey","","","neutral evil","forest, grassland, swamp, urban","15","130","3","","","","Monster-A-Day: https://www.reddit.com/r/monsteraday/comments/6l8zo6/day_92_joythief/"
"","mad.kelxie","Kelxie","1/4","Tiny","Fey","","","chaotic neutral","aquatic","15","1","5","","","","Monster-A-Day: https://www.reddit.com/r/monsteraday/comments/7ae3b9/day_179_kelxie/"
"","mad.khalkotauroi","Khalkotauroi","10","Large","Elemental","","","neutral","cave, desert, dungeon, grassland, mountain, planar, ruins","19","171","1","","","","Monster-A-Day: https://www.reddit.com/r/monsteraday/comments/5xvhnz/day_6_khalkotauroi/"
"","mad.khenra-dervish","Khenra Dervish","3","Medium","Humanoid","Khenra","","neutral","arctic, cave, coast, forest, grassland, urban","14","97","3","","","","Monster-A-Day: https://www.reddit.com/r/monsteraday/comments/6lnwmb/day_94_khenra_dervish/"
"5c7a660e-febe-5253-bdb3-00334c886ece","mad.kobold-bully","Kobold Bully","1","Small","Humanoid","Kobold","","lawful evil","","14","21","2","","","","Monster-A-Day: https://www.reddit.com/r/monsteraday/comments/3k9k4n/day_24_kobold_bully/"
"8c408eef-4955-517b-a780-e604acee19b0","mad.kobold-commander","Kobold Commander","1/2","Small","Humanoid","Kobold","","lawful evil","","18","11","1","","","","Monster-A-Day: https://www.reddit.com/r/monsteraday/comments/3sl0ij/updated_day_25_kobold_bully_with_bonus_monster_by/"
"","mad.kobold-flamescale","Kobold Flamescale","4","Small","Humanoid","Kobold","","lawful evil","cave, dungeon, mountain, underground","15","99","3","","","","Monster-A-Day: https://www.reddit.com/r/monsteraday/comments/6zoz9r/day_142_kobold_flamescale/"
"","mad.kobold-great-wyrm","Kobold Great Wyrm","6","Small","Humanoid","Kobold","","lawful evil","cave, dungeon, mountain, underground","","38","3","","","","Monster-A-Day: https://www.reddit.com/r/monsteraday/comments/7r3ezj/day_233_kobold_great_wyrm/"
"3dca68a1-1e17-5291-a474-602075da5ee0","mad.kobold-hero","Kobold Hero","4","Small","Humanoid","Kobold","","lawful evil","","18","54","2","","legendary","","Monster-A-Day: https://www.reddit.com/r/monsteraday/comments/3kkb95/day_26_kobold_hero/"
"","mad.kobold-holethrower","Kobold Holethrower","2","Small","Humanoid","Kobold","","lawful evil","cave, dungeon, mountain, underground","12","27","2","","","","Monster-A-Day: https://www.reddit.com/r/monsteraday/comments/7ihkpg/day_205_kobold_holethrower/"
"","mad.kobold-pathmaker","Kobold Pathmaker","3","Small","Humanoid","Kobold","","lawful evil","cave, dungeon, mountain, underground","14","45","3","","","","Monster-A-Day: https://www.reddit.com/r/monsteraday/comments/7pzh7u/day_230_kobold_pathmaker/"
"1bc1f162-c67a-5d1a-bfd5-cb8c27acae60","mad.kobold-shaman","Kobold Shaman","2","Small","Humanoid","Kobold","","lawful evil","","13","27","2","","","","Monster-A-Day: https://www.reddit.com/r/monsteraday/comments/3kfc3r/day_25_kobold_shaman/"
"65866bec-846e-5717-89e7-1b593b41d78e","mad.kobold-soldier","Kobold Soldier","1/4","Small","Humanoid","Kobold","","lawful evil","","15","7","2","","","","Monster-A-Day: https://www.reddit.com/r/monsteraday/comments/3sl07f/updated_day_25_kobold_shaman_with_bonus_monster/"
"d985884d-650f-564f-845a-6a1d5ed04a1a","mad.kraken-hatchling","Kraken Hatchling","12","Huge","Monstrosity","Titan","","chaotic evil","","17","230","0","","legendary","","Monster-A-Day: https://www.reddit.com/r/monsteraday/comments/3hvcf6/day_5_kraken_hatchling/"
"","mad.kuo-toa-chosen-of-blibdoolpoolp","Kuo-Toa Chosen of Blibdoolpoolp","6","Medium","Humanoid","Kuo-toa","","neutral evil","aquatic, coast","15","120","2","","","","Monster-A-Day: https://www.reddit.com/r/monsteraday/comments/67b4b6/day_41_kuotoa_chosen_of_blibdoolpoolp/"
"","mad.kuo-toa-mariner","Kuo-Toa Mariner","2","Medium","Humanoid","Kuo-Toa","","neutral evil","aquatic, coast","14","71","2","","","","Monster-A-Day: https://www.reddit.com/r/monsteraday/comments/6y9t0d/day_137_kuotoa_mariner/"
"","mad.lamia-halfspawn","Lamia Halfspawn","3","Large","Monstrosity","","","chaotic evil","desert, forest, mountain, ruins, swamp","13","67","1","","","","Monster-A-Day: https://www.reddit.com/r/monsteraday/comments/7zhwdd/day_259_lamia_halfspawn/"
"","mad.landu","Landu","7","Large","Fiend","Demon","","chaotic evil","dungeon, planar","15","138","-1","","","","Monster-A-Day: https://www.reddit.com/r/monsteraday/comments/6bxw9b/day_59_landu/"
"","mad.lantern-archon","Lantern Archon","2","Tiny","Celestial","","","lawful good","planar","12","21","2","","","","Monster-A-Day: https://www.reddit.com/r/monsteraday/comments/6nv75l/day_101_lantern_archon/"
"","mad.latau","Latau","7","Large","Fiend","Demon","","chaotic evil","dungeon, planar","17","138","-1","","","","Monster-A-Day: https://www.reddit.com/r/monsteraday/comments/6a7j4m/day_52_latau/"
"","mad.lechugre","Lechugre","3","Large","Giant","","","chaotic neutral","cave, grassland, mountain, swamp","13","119","-1","","","","Monster-A-Day: https://www.reddit.com/r/monsteraday/comments/828nmy/day_266_lechugre/"
"","mad.leech-spitter","Leech Spitter","1","Medium","Monstrosity","","","unaligned","forest, grassland, swamp","10","71","-2","","","","Monster-A-Day: https://www.reddit.com/r/monsteraday/comments/5z79p9/day_11_leech_spitter/"
"4b87c32b-ed76-5713-b651-cdd186b4ee51","mad.leonin","Leonin","1/4","Medium","Humanoid","Leonin","","any","","14","11","2","","","","Monster-A-Day: https://www.reddit.com/r/monsteraday/comments/3l6z5t/day_31_leonin/"
"2effdaec-6978-55c6-a67d-a85a55f3983b","mad.living-spellbook","Living Spellbook","10","Large","Construct","","","unaligned","","14","90","4","","","","Monster-A-Day: https://www.reddit.com/r/monsteraday/comments/3psbbl/day_67_living_spellbook/"
"","mad.lizardfolk-brute","Lizardfolk Brute","3","Medium","Humanoid","Lizardfolk","","neutral","coast, dungeon, forest, grassland, swamp","16","91","0","","","","Monster-A-Day: https://www.reddit.com/r/monsteraday/comments/6hh2m9/day_79_lizardfolk_brute/"
"10f2d054-d274-526a-8097-9f3921abc1c2","mad.lizardfolk-monk","Lizardfolk Monk","2","Medium","Humanoid","Lizardfolk","","neutral","","17","33","3","","","","Monster-A-Day: https://www.reddit.com/r/monsteraday/comments/3sfio5/day_87_lizardfolk_monk/"
"","mad.lizardfolk-voodoo-priest","Lizardfolk Voodoo Priest","4","Medium","Humanoid","Lizardfolk","","neutral evil","coast, dungeon, forest, grassland, swamp","14","84","1","","","","Monster-A-Day: https://www.reddit.com/r/monsteraday/comments/6ivf70/day_84_lizardfolk_voodoo_priest/"
"5e68c5f1-4be0-53a3-b437-50e7afc8913a","mad.luck-dragon","Luck Dragon","1/4","Tiny","Dragon","","","unaligned","","12","7","2","","","","Monster-A-Day: https://www.reddit.com/r/monsteraday/comments/3jv169/day_21_luck_dragon/"
"a5182d00-2561-5858-9202-81b512fc19ee","mad.magma-bear","Magma Bear","3","Large","Elemental","","","neutral","","13","75","0","","","","Monster-A-Day: https://www.reddit.com/r/monsteraday/comments/3q1gtw/day_69_magma_bear/"
"","mad.magmahawk","Magmahawk","7","Medium","Elemental","","","neutral good","cave, coast, desert, forest, grassland, mountain, planar, ruins","15","97","5","","","","Monster-A-Day: https://www.reddit.com/r/monsteraday/comments/6505ng/day_33_magmahawk/"
"","mad.marionette","Marionette","8","Medium","Construct","","","neutral evil","dungeon, ruins, urban","16","161","4","","","","Monster-A-Day: https://www.reddit.com/r/monsteraday/comments/61480n/day_19_marionette/"
"","mad.marshmallow-golem","Marshmallow Golem","12","Huge","Construct","","","unaligned","dungeon, ruins, urban","17","195","-1","","","","Monster-A-Day: https://www.reddit.com/r/monsteraday/comments/79q8sg/day_176_marshmallow_golem/"
"ec9f15d5-6c20-5c82-964a-c75a3739098c","mad.masked-killer","Masked Killer","5","Medium","Humanoid","Any Race","","chaotic evil","","15","97","3","","","","Monster-A-Day: https://www.reddit.com/r/monsteraday/comments/3qkvws/day_73_masked_killer/"
"","mad.mason","Mason","3","Medium","Humanoid","Dwarf","","lawful neutral","urban","15","110","0","","","","Monster-A-Day: https://www.reddit.com/r/monsteraday/comments/7bnvok/day_183_mason/"
"","mad.master-duelist","Master Duelist","8","Medium","Humanoid","Any","","lawful neutral","coast, urban","17","169","4","","","","Monster-A-Day: https://www.reddit.com/r/monsteraday/comments/6mgj5z/day_96_master_duelist/"
"8c7a6f49-37be-5531-a58f-f3ec9da6fa17","mad.master-of-the-five-spires","Master of the Five Spires","8","Medium","Humanoid","Any Race","","any lawful","","17","91","4","","","","Monster-A-Day: https://www.reddit.com/r/monsteraday/comments/3icp48/day_9_monks_of_the_five_spires/"
"","mad.matchmaker","Matchmaker","1","Small","Fey","","","chaotic good","dungeon, ruins, urban","13","36","3","","","","Monster-A-Day: https://www.reddit.com/r/monsteraday/comments/7xl2x4/day_253_matchmaker/"
"","mad.megalodon","Megalodon","19","Gargantuan","Beast","","","unaligned","aquatic, coast","18","332","2","","","","Monster-A-Day: https://www.reddit.com/r/monsteraday/comments/6pa9ws/day_106_shark_week_megalodon/"
"","mad.meganisoptera","Meganisoptera","3","Small","Beast","","","unaligned","forest","14","67","4","","","","Monster-A-Day: https://www.reddit.com/r/monsteraday/comments/6o2to5/day_102_meganisoptera/"
"","mad.metal-head-flameskull","Metal-Head Flameskull","4","Tiny","Undead","","","neutral evil","dungeon, ruins, swamp, urban","14","90","3","","","","Monster-A-Day: https://www.reddit.com/r/monsteraday/comments/6nb2cs/day_100_bonanza/"
"","mad.metal-head-mummy-lord","Metal-Head Mummy Lord","16","Medium","Undead","","","lawful evil","dungeon, ruins, swamp, urban","17","120","0","","","","Monster-A-Day: https://www.reddit.com/r/monsteraday/comments/6nb2cs/day_100_bonanza/"
"","mad.metal-head-revenant","Metal-Head Revenant","5","Medium","Undead","","","neutral","dungeon, ruins, swamp, urban","13","153","2","","","","Monster-A-Day: https://www.reddit.com/r/monsteraday/comments/6nb2cs/day_100_bonanza/"
"","mad.metal-head-skeleton","Metal-Head Skeleton","1/2","Medium","Undead","","","lawful evil","dungeon, ruins, swamp, urban","14","22","2","","","","Monster-A-Day: https://www.reddit.com/r/monsteraday/comments/6nb2cs/day_100_bonanza/"
"","mad.metal-head-zombie","Metal-Head Zombie","1/2","Medium","Undead","","","neutral evil","dungeon, ruins, swamp, urban","8","26","-2","","","","Monster-A-Day: https://www.reddit.com/r/monsteraday/comments/6nb2cs/day_100_bonanza/"
"f8fef1f5-258b-588e-9557-ff8e5bff5a78","mad.might-sliver","Might Sliver","2","Large","Monstrosity","Sliver","","neutral evil","","12","37","2","","","","Monster-A-Day: https://www.reddit.com/r/monsteraday/comments/3j8n9t/day_16_armor_and_might_slivers/"
"","mad.mime","Mime","9","Medium","Humanoid","Any","","chaotic neutral","dungeon, urban","16","162","5","","","","Monster-A-Day: https://www.reddit.com/r/monsteraday/comments/6bqtdr/day_58_mime/"
"","mad.minotaur-blood-iron-berserker","Minotaur Blood-iron Berserker","10","Large","Monstrosity","","","chaotic evil","cave, dungeon, ruins, underground","17","171","1","","","","Monster-A-Day: https://www.reddit.com/r/monsteraday/comments/64lixs/day_31_minotaur_bloodiron_berserker/"
"","mad.mishipeshu","Mishipeshu","11","Large","Monstrosity","","","chaotic neutral","aquatic, coast","17","212","3","","","","Monster-A-Day: https://www.reddit.com/r/monsteraday/comments/80pjph/day_262_mishipeshu/"
"","mad.mockingbook","Mockingbook","3","Tiny","Construct","","","chaotic neutral","dungeon, ruins, urban","13","63","3","","","","Monster-A-Day: https://www.reddit.com/r/monsteraday/comments/6t3607/day_120_mockingbook/"
"","mad.monk-way-of-the-kensei","Monk, Way of the Kensei","4","Medium","Humanoid","Half-Orc","","neutral","cave, coast, forest, grassland, urban","17","65","4","","","","Monster-A-Day: https://www.reddit.com/r/monsteraday/comments/6k2qqn/day_88_1d6_monks/"
"","mad.monk-way-of-tranquility","Monk, Way of Tranquility","9","Medium","Humanoid","Goliath","","lawful good","cave, coast, forest, grassland, urban","19","143","4","","","","Monster-A-Day: https://www.reddit.com/r/monsteraday/comments/6k2qqn/day_88_1d6_monks/"
"adbfd507-fff1-5649-9ee0-517bdeedad61","mad.morphlit","Morphlit","2","Small","Aberration","","","chaotic evil","","14","18","4","","","","Monster-A-Day: https://www.reddit.com/r/monsteraday/comments/3hlub7/day_3_morphlit/"
"","mad.mossipede","Mossipede","6","Tiny","Aberration","","","unaligned","cave, dungeon, ruins, underground","14","115","2","","","","Monster-A-Day: https://www.reddit.com/r/monsteraday/comments/74prk2/day_160_mossipede/"
"","mad.mote-of-lightning","Mote of Lightning","1","Small","Elemental","","","neutral evil","dungeon, planar","12","31","2","","","","Monster-A-Day: https://www.reddit.com/r/monsteraday/comments/6yhlyc/day_138_mote_of_lightning/"
"","mad.mud-pie","Mud Pie","2","Medium","Ooze","","","unaligned","grassland, forest, swamp","8","39","-2","","","","Monster-A-Day: https://www.reddit.com/r/monsteraday/comments/638ujz/day_26_mud_pie_muddle/"
"","mad.muddle","Muddle","4","Large","Ooze","","","unaligned","grassland, forest, swamp","7","85","-3","","","","Monster-A-Day: https://www.reddit.com/r/monsteraday/comments/638ujz/day_26_mud_pie_muddle/"
"","mad.myconid-portobello","Myconid Portobello","3","Medium","Plant","","","lawful neutral","underground","13","71","-1","","","","Monster-A-Day: https://www.reddit.com/r/monsteraday/comments/778rd2/day_168_myconid_portobello/"
"","mad.myconid-seer","Myconid Seer","3","Medium","Plant","","","lawful neutral","underground","12","38","2","","","","Monster-A-Day: https://www.reddit.com/r/monsteraday/comments/65eeis/day_35_myconid_seer/"
"","mad.myconid-shrieker","Myconid Shrieker","1","Small","Plant","","","lawful neutral","underground","13","17","1","","","","Monster-A-Day: https://www.reddit.com/r/monsteraday/comments/7i94rt/day_204_myconid_shrieker/"
"","mad.myconid-stinkhorn","Myconid Stinkhorn","4","Medium","Plant","","","lawful neutral","underground","14","65","2","","","","Monster-A-Day: https://www.reddit.com/r/monsteraday/comments/5wizq8/day_1_myconid_stinkhorn/"
"29e80beb-2c3a-50b3-b679-20618b641f0e","mad.myr","Myr","1/4","Small","Construct","Myr","","neutral","","14","9","2","","","","Monster-A-Day: https://www.reddit.com/r/monsteraday/comments/3ihkod/day_10_myr/"
"54c92db5-42cf-534a-8418-8d73b6f5c0ab","mad.myr-battlesphere","Myr Battlesphere","5","Huge","Construct","Myr","","neutral","","18","105","1","","","","Monster-A-Day: https://www.reddit.com/r/monsteraday/comments/3im98d/day_11_myr_battlesphere/"
"","mad.necrodancer","Necrodancer","10","Medium","Undead","Revenant","","neutral evil","dungeon, ruins, swamp, urban","15","117","3","","","","Monster-A-Day: https://www.reddit.com/r/monsteraday/comments/75bbnp/day_161_necrodancer/"
"","mad.necrotic-pustule","Necrotic Pustule","1/2","Tiny","Aberration","","","unaligned","cave, dungeon, mountain, ruins","5","1","-5","","","","Monster-A-Day: https://www.reddit.com/r/monsteraday/comments/65xirj/day_36_necrotic_pustule/"
"","mad.nergalee-the-guild-master","Nergalee, the Guild Master","15","Medium","Humanoid","Half-Elf","","neutral good","arctic, cave, coast, forest, grassland, urban","16","227","2","","","unique","Monster-A-Day: https://www.reddit.com/r/monsteraday/comments/69ghan/day_50_nergalee_the_guild_leader/"
"","mad.niblin","Niblin","1/8","Tiny","Humanoid","Goblinoid","","chaotic evil","cave, dungeon, forest, grassland, mountain, ruins, urban","12","14","1","","","","Monster-A-Day: https://www.reddit.com/r/monsteraday/comments/7vz4d2/day_248_niblin/"
"","mad.nightmare-harpy","Nightmare Harpy","3","Medium","Monstrosity","","","chaotic evil","coast, forest, mountain","12","71","2","","","","Monster-A-Day: https://www.reddit.com/r/monsteraday/comments/6fg7wm/day_71_nightmare_harpy/"
"","mad.ningen","Ningen","13","Gargantuan","Celestial","","","lawful neutral","aquatic, coast","16","263","1","","","","Monster-A-Day: https://www.reddit.com/r/monsteraday/comments/7gg9ew/day_198_ningen/"
"","mad.nuckelavee","Nuckelavee","9","Large","Fiend","","","neutral evil","aquatic, coast, dungeon, planar","15","187","3","","","","Monster-A-Day: https://www.reddit.com/r/monsteraday/comments/7yyyb9/day_257_nuckelavee/"
"","mad.obsidian-golem","Obsidian Golem","14","Large","Construct","","","unaligned","dungeon, ruins, urban","18","189","-1","","","","Monster-A-Day: https://www.reddit.com/r/monsteraday/comments/6i8g0u/day_81_obsidian_golem/"
"","mad.occuloid","Occuloid","5","Large","Aberration","","","neutral evil","cave, dungeon, mountain, ruins","15","136","0","","","","Monster-A-Day: https://www.reddit.com/r/monsteraday/comments/621exe/day_22_occuloid/"
"","mad.oozing-defender","Oozing Defender","2","Medium","Ooze","","","neutral evil","dungeon","","84","-1","","","","Monster-A-Day: https://www.reddit.com/r/monsteraday/comments/6kbjyg/day_89_oozing_defender/"
"f193a293-ade1-5b5f-98f4-b34980bd2cdc","mad.orc-berserker","Orc Berserker","1","Medium","Humanoid","Orc","","chaotic evil","","14","30","1","","","","Monster-A-Day: https://www.reddit.com/r/monsteraday/comments/3sk53c/day_88_orc_berserker/"
"","mad.orc-cyst-herald-of-yurtrus","Orc Cyst Herald of Yurtrus","16","Medium","Humanoid","Orc","","chaotic evil","cave, dungeon, mountain, ruins","19","315","2","","","","Monster-A-Day: https://www.reddit.com/r/monsteraday/comments/66qcw5/day_40_orc_cyst_herald_of_yurtrus/"
"","mad.orc-cystid-of-yurtrus","Orc Cystid of Yurtrus","5","Medium","Humanoid","Orc","","chaotic evil","cave, dungeon, mountain, ruins","15","123","1","","","","Monster-A-Day: https://www.reddit.com/r/monsteraday/comments/66cmdx/day_38_orc_cystid_of_yurtrus/"
"","mad.orc-deathsworn","Orc Deathsworn","8","Medium","Humanoid","Orc","","chaotic evil","arctic, coast, desert, dungeon, forest, grassland, mountain, ruins, swamp, urban","15","135","2","","","","Monster-A-Day: https://www.reddit.com/r/monsteraday/comments/82hqri/day_267_orc_deathsworn/"
"81295b69-4438-5c59-9622-6a1f31ac8115","mad.orc-hand-of-gruumsh","Orc Hand of Gruumsh","3","Medium","Humanoid","Orc","","chaotic evil","","16","60","1","","legendary","","Monster-A-Day: https://www.reddit.com/r/monsteraday/comments/3sonx0/day_89_orc_hand_of_gruumsh/"
"","mad.orc-horderaiser","Orc Horderaiser","14","Medium","Humanoid","Orc","","chaotic evil","arctic, coast, desert, dungeon, forest, grassland, mountain, ruins, swamp, urban","17","345","2","","","","Monster-A-Day: https://www.reddit.com/r/monsteraday/comments/7jltgk/day_208_orc_horderaiser/"
"","mad.ornemental","Ornemental","2","Tiny","Elemental","","","neutral good","arctic, urban","13","50","3","","","","Monster-A-Day: https://www.reddit.com/r/monsteraday/comments/7knhv5/day_211_ornemental/"
"","mad.owlbear-cublet","Owlbear Cublet","1/4","Tiny","Monstrosity","","","unaligned","forest, mountain","13","17","3","","","","Monster-A-Day: https://www.reddit.com/r/monsteraday/comments/7quvcb/day_232_owlbear_cublet/"
"837f7fa0-d9a6-5a3a-a99a-1df012f90a39","mad.owlbear-matron","Owlbear Matron","5","Large","Monstrosity","","","unaligned","","14","114","2","","","","Monster-A-Day: https://www.reddit.com/r/monsteraday/comments/3oc713/day_56_owlbear_matron/"
"","mad.owlconer","Owlconer","7","Medium","Fey","","","chaotic evil","forest, grassland, ruins","15","157","4","","","","Monster-A-Day: https://www.reddit.com/r/monsteraday/comments/82qw3n/day_268_owlconer/"
"f14e1cac-3f0b-5312-8927-720f4130e960","mad.pact-devil","Pact Devil","9","Large","Fiend","Devil","","lawful evil","","17","142","3","","","","Monster-A-Day: https://www.reddit.com/r/monsteraday/comments/3kxhr5/day_29_pact_devil/"
"","mad.paladin-oath-of-conquest","Paladin, Oath of Conquest","9","Medium","Humanoid","Goblinoid","","lawful evil","cave, coast, forest, grassland, urban","20","135","1","","","","Monster-A-Day: https://www.reddit.com/r/monsteraday/comments/6lg1qs/day_93_1d6_paladins/"
"","mad.paladin-oath-of-treachery","Paladin, Oath of Treachery","5","Medium","Humanoid","Half-Elf","","lawful neutral","cave, coast, forest, grassland, urban","18","135","4","","","","Monster-A-Day: https://www.reddit.com/r/monsteraday/comments/6lg1qs/day_93_1d6_paladins/"
"","mad.peat-boggle","Peat Boggle","1","Small","Fey","","","chaotic neutral","forest, grassland, swamp","14","44","4","","","","Monster-A-Day: https://www.reddit.com/r/monsteraday/comments/6hofu4/day_80_peat_boggle/"
"","mad.pegacorn","Pegacorn","4","Large","Celestial","","","neutral good","forest, ruins","12","119","2","","","","Monster-A-Day: https://www.reddit.com/r/monsteraday/comments/7x3e1e/day_251_pegacorn/"
"","mad.penumbra-of-spirits","Penumbra of Spirits","7","Large","Undead","","","chaotic evil","dungeon, ruins, swamp, urban","15","110","5","","","","Monster-A-Day: https://www.reddit.com/r/monsteraday/comments/7bfq26/day_182_penumbra_of_spirits/"
"","mad.peregriffon","Peregriffon","5","Large","Monstrosity","","","unaligned","arctic, coast, grassland, mountain","13","178","3","","","","Monster-A-Day: https://www.reddit.com/r/monsteraday/comments/7odenn/day_225_alternative_griffons/"
"","mad.phantasmal-sword","Phantasmal Sword","3","Small","Construct","","","neutral evil","dungeon, ruins, urban","17","70","2","","","","Monster-A-Day: https://www.reddit.com/r/monsteraday/comments/5xcmco/day_5_phantasmal_sword/"
"c7ee7278-4db9-5dcb-9259-bdaaf26e1b3d","mad.phelddagrif","Phelddagrif","5","Huge","Celestial","","","neutral good","","14","105","-1","","","","Monster-A-Day: https://www.reddit.com/r/monsteraday/comments/3tymld/day_99_phelddagrif/"
"","mad.pietr-the-bloodless","Pietr the Bloodless","15","Medium","Undead","Shapechanger","","lawful good","arctic, cave, coast, forest, grassland, urban","18","238","5","","","unique","Monster-A-Day: https://www.reddit.com/r/monsteraday/comments/699hvw/day_49_pietr_the_bloodless/"
"1f81997d-fd0a-5ea9-b813-baab00fd9676","mad.pirate-axe-thrower","Pirate Axe Thrower","2","Medium","Humanoid","Any Race","","non-lawful","","13","55","2","","","","Monster-A-Day: https://www.reddit.com/r/monsteraday/comments/3t6n4i/day_93_grim_sea_pirates/"
"dc7cf588-46c1-56d4-97cb-7c86cd1055b9","mad.pirate-chain-swinger","Pirate Chain Swinger","3","Medium","Humanoid","Any Race","","non-lawful","","15","66","3","","","","Monster-A-Day: https://www.reddit.com/r/monsteraday/comments/3t6n4i/day_93_grim_sea_pirates/"
"","mad.plague-wyvern","Plague Wyvern","7","Large","Dragon","","","neutral evil","arctic, coast, grassland","14","133","0","","","","Monster-A-Day: https://www.reddit.com/r/monsteraday/comments/6ata13/day_55_plague_wyvern/?st=J2M7Z4LC&sh=41fcbc97"
"","mad.plaguecaster-cultist","Plaguecaster Cultist","7","Medium","Humanoid","Any","","neutral evil","cave, coast, forest, grassland, ruins, urban","14","136","2","","","","Monster-A-Day: https://www.reddit.com/r/monsteraday/comments/6qy1we/day_112_plaguecaster_cultist/"
"","mad.potriffon","Potriffon","1/8","Tiny","Monstrosity","","","unaligned","coast, grassland, mountain, urban","12","7","2","","","","Monster-A-Day: https://www.reddit.com/r/monsteraday/comments/7p1167/day_226_potriffon/"
"3fd4bc9b-3562-570b-a7ea-820fa582baad","mad.priest-of-blight","Priest of Blight","8","Medium","Humanoid","Any Race","","chaotic evil","","14","84","2","","","","Monster-A-Day: https://www.reddit.com/r/monsteraday/comments/3i7xyy/day_8_priest_of_blight/"
"","mad.prismhawk","Prismhawk","14","Huge","Elemental","","","neutral good","arctic, cave, coast, desert, forest, grassland, mountain, planar, ruins","18","228","3","","","","Monster-A-Day: https://www.reddit.com/r/monsteraday/comments/6fngqh/day_72_prismhawk/"
"3a01c90d-aae7-531a-9491-af8f00f720b1","mad.pumpkin-king","Pumpkin King","13","Huge","Plant","","","unaligned","","17","225","0","","legendary","","Monster-A-Day: https://www.reddit.com/r/monsteraday/comments/3quzlc/day_75_pumpkin_king/"
"076fbeb4-e49f-5e35-9e99-78d229bf7ad2","mad.pustuloid","Pustuloid","1","Small","Fiend","Demon","","chaotic evil","","12","27","2","","","","Monster-A-Day: https://www.reddit.com/r/monsteraday/comments/3hzslo/day_6_pustuloid/"
"","mad.pygmy-elder","Pygmy Elder","2","Small","Humanoid","any","","chaotic neutral","desert, forest, grassland","","82","2","","","","Monster-A-Day: https://www.reddit.com/r/monsteraday/comments/684ljy/day_45_pygmies/"
"","mad.pygmy-hunter","Pygmy Hunter","1/2","Small","Humanoid","any","","chaotic neutral","desert, forest, grassland","13","45","3","","","","Monster-A-Day: https://www.reddit.com/r/monsteraday/comments/684ljy/day_45_pygmies/"
"","mad.quickling-bounder","Quickling Bounder","5","Tiny","Fey","","","chaotic evil","forest, grassland","17","112","7","","","","Monster-A-Day: https://www.reddit.com/r/monsteraday/comments/7cpl90/day_186_quickling_bounder/"
"","mad.quill-devil","Quill Devil","8","Medium","Fiend","","","lawful evil","dungeon, planar","17","184","-1","","","","Monster-A-Day: https://www.reddit.com/r/monsteraday/comments/5zsvw3/day_14_quill_devil/"
"","mad.radiant-elemental","Radiant Elemental","5","Large","Elemental","","","neutral","dungeon, planar","14","102","3","","","","Monster-A-Day: https://www.reddit.com/r/monsteraday/comments/71t6r4/day_150_scrap_metal_golem/"
"","mad.ranger-horizon-walker","Ranger, Horizon Walker","2","Small","Humanoid","Gnome","","lawful neutral","arctic, cave, coast, forest, grassland, urban","14","54","3","","","","Monster-A-Day: https://www.reddit.com/r/monsteraday/comments/6mw4ro/day_98_1d6_rangers/"
"","mad.ranger-monster-slayer","Ranger, Monster Slayer","5","Medium","Humanoid","Any","","chaotic good","arctic, cave, coast, forest, grassland, urban","16","117","2","","","","Monster-A-Day: https://www.reddit.com/r/monsteraday/comments/6mw4ro/day_98_1d6_rangers/"
"","mad.ranger-primeval-guardian","Ranger, Primeval Guardian","9","Medium","Humanoid","Firbolg","","chaotic neutral","arctic, cave, coast, forest, grassland, urban","15","182","4","","","","Monster-A-Day: https://www.reddit.com/r/monsteraday/comments/6mw4ro/day_98_1d6_rangers/"
"2e38eaec-d231-51d2-beb3-da82cb7a1d44","mad.rat-hermit","Rat Hermit","3","Medium","Humanoid","Any Race","","non-good","","15","44","3","","","","Monster-A-Day: https://www.reddit.com/r/monsteraday/comments/3hhz8l/day_2_rat_hermit/"
"","mad.rogue-inquisitive","Rogue, Inquisitive","5","Medium","Humanoid","Tiefling","","chaotic neutral","arctic, cave, coast, forest, grassland, urban","15","88","3","","","","Monster-A-Day: https://www.reddit.com/r/monsteraday/comments/6oas7z/day_103_1d6_rogues/"
"","mad.rogue-mastermind","Rogue, Mastermind","9","Medium","Humanoid","Changeling","","lawful evil","arctic, cave, coast, forest, grassland, urban","15","195","4","","","","Monster-A-Day: https://www.reddit.com/r/monsteraday/comments/6oas7z/day_103_1d6_rogues/"
"","mad.rogue-scout","Rogue, Scout","1","Medium","Humanoid","Goliath","","chaotic neutral","arctic, cave, coast, forest, grassland, urban","14","26","3","","","","Monster-A-Day: https://www.reddit.com/r/monsteraday/comments/6oas7z/day_103_1d6_rogues/"
"","mad.royal-jelly","Royal Jelly","10","Medium","Ooze","","","unaligned","dungeon, ruins","8","153","-2","","","","Monster-A-Day: https://www.reddit.com/r/monsteraday/comments/7pacs3/day_227_royal_jelly/"
"","mad.runehound","Runehound","5","Medium","Aberration","","","chaotic evil","cave, dungeon, forest, grassland, mountain, ruins, underground","15","136","1","","","","Monster-A-Day: https://www.reddit.com/r/monsteraday/comments/770mb6/day_167_runehound/"
"44750eef-c3ac-51b1-b62f-5538630d38df","mad.rusalka","Rusalka","4","Medium","Fey","Undead","","neutral evil","","17","97","4","","","","Monster-A-Day: https://www.reddit.com/r/monsteraday/comments/3p4fvb/day_62_rusalka/"
"","mad.sand-witch","Sand Witch","7","Medium","Fey","","","neutral evil","coast, desert","16","104","2","","","","Monster-A-Day: https://www.reddit.com/r/monsteraday/comments/7b7nai/day_181_sand_witch/"
"","mad.sandstorm-elemental","Sandstorm Elemental","14","Huge","Elemental","","","neutral evil","desert, dungeon, planar","16","210","6","","","","Monster-A-Day: https://www.reddit.com/r/monsteraday/comments/6uc3dd/day_124_sandstorm_elemental/"
"","mad.santacap","Santacap","5","Small","Fey","","","chaotic evil","arctic, urban","15","121","2","","","","Monster-A-Day: https://www.reddit.com/r/monsteraday/comments/7m38ba/day_216_santacap/"
"","mad.scarlet-macgriffon","Scarlet Macgriffon","1","Small","Monstrosity","","","unaligned","coast, grassland, mountain, urban","13","27","3","","","","Monster-A-Day: https://www.reddit.com/r/monsteraday/comments/7odenn/day_225_alternative_griffons/"
"da89e087-058e-5d11-b7df-85a3cdd7a9a6","mad.scorpikis","Scorpikis","6","Large","Monstrosity","","","chaotic evil","","17","123","3","","","","Monster-A-Day: https://www.reddit.com/r/monsteraday/comments/3r8fmp/day_78_scorpikis/"
"","mad.scrap-metal-golem","Scrap Metal Golem","15","Large","Construct","","","unaligned","dungeon, ruins, urban","18","210","-1","","","","Monster-A-Day: https://www.reddit.com/r/monsteraday/comments/71t6r4/day_150_scrap_metal_golem/"
"63473bc9-006e-52b2-8a8a-f69a2be556de","mad.screecher","Screecher","2","Large","Monstrosity","","","neutral","","13","45","2","","","","Monster-A-Day: https://www.reddit.com/r/monsteraday/comments/3nl5wp/day_50_screecher/"
"e01aaafc-acdd-56a9-8fcf-f8baa248c75a","mad.selachian","Selachian","8","Large","Humanoid","Selachian","","any chaotic","","15","133","0","","","","Monster-A-Day: https://www.reddit.com/r/monsteraday/comments/3hqoeo/day_4_selachian/"
"","mad.seukothi","Seukothi","1","Medium","Monstrosity","Seukothi","","neutral","desert, forest, grassland","16","55","2","","","","Monster-A-Day: https://www.reddit.com/r/monsteraday/comments/6khywn/day_90_seukothi/"
"","mad.sharkbear","Sharkbear","5","Large","Monstrosity","","","unaligned","aquatic, forest, grassland","14","136","1","","","","Monster-A-Day: https://www.reddit.com/r/monsteraday/comments/6q5uxz/day_110_shark_week_sharkbear/"
"","mad.shedim","Shedim","6","Medium","Fiend","","","neutral evil","dungeon, planar","16","136","3","","","","Monster-A-Day: https://www.reddit.com/r/monsteraday/comments/7xcg6l/day_252_shedim/"
"","mad.shepherd-of-the-veil","Shepherd of the Veil","13","Large","Celestial","","","lawful evil","forest, grassland, planar","17","195","3","","","","Monster-A-Day: https://www.reddit.com/r/monsteraday/comments/7dezgl/day_189_shepherd_of_the_veil/"
"","mad.shield-bug","Shield Bug","1/2","Small","Beast","","","unaligned","dungeon, ruins, urban","13","38","1","","","","Monster-A-Day: https://www.reddit.com/r/monsteraday/comments/72ekrz/day_151_shield_bug_helmet_crab/"
"","mad.shield-golem","Shield Golem","8","Large","Construct","","","unaligned","dungeon, ruins, urban","20","21","-1","","","","Monster-A-Day: https://www.reddit.com/r/monsteraday/comments/71d9bd/day_148_shield_golem/"
"","mad.silent-knight","Silent Knight","9","Medium","Fey","","","chaotic neutral","forest, grassland, swamp","19","225","3","","","","Monster-A-Day: https://www.reddit.com/r/monsteraday/comments/6cwmi7/day_62_silent_knight/"
"","mad.silverback-girallon","Silverback Girallon","6","Large","Monstrosity","","","unaligned","forest","15","152","3","","","","Monster-A-Day: https://www.reddit.com/r/monsteraday/comments/6ewbq8/day_70_silverback_girallon/"
"212bc756-ae05-5452-b3b0-b7b3197b9384","mad.silverpaw-dog","Silverpaw Dog","1","Medium","Fey","","","neutral","","14","32","3","","","","Monster-A-Day: https://www.reddit.com/r/monsteraday/comments/3m7l6o/day_39_silverpaw_paladin_and_dog/"
"1500c9b6-65c4-5cb6-965f-454b09d853b1","mad.silverpaw-paladin","Silverpaw Paladin","4","Small","Humanoid","Halfling","","neutral","","15","65","3","","","","Monster-A-Day: https://www.reddit.com/r/monsteraday/comments/3m7l6o/day_39_silverpaw_paladin_and_dog/"
"","mad.sir-hunter-von-huntington-iii","Sir Hunter Von Huntington III","15","Medium","Humanoid","Gnome","","lawful neutral","arctic, cave, coast, forest, grassland, urban","19","187","5","","","unique","Monster-A-Day: https://www.reddit.com/r/monsteraday/comments/6927w0/day_48_sir_hunter_von_huntington_iii_the_hunter/"
"1e871052-ad86-5143-9643-1eb60e1a9c37","mad.sire-of-stagnation","Sire of Stagnation","17","Gargantuan","Aberration","","","chaotic evil","","18","310","0","","","","Monster-A-Day: https://www.reddit.com/r/monsteraday/comments/3n4hkn/day_46_sire_of_stagnation/"
"","mad.size-of-a-field-mouse","Size-of-a-Field Mouse","7","Gargantuan","Monstrosity","","","unaligned","grassland","16","162","4","","","","Monster-A-Day: https://www.reddit.com/r/monsteraday/comments/6juhzt/day_87_sizeofafield_mouse/"
"","mad.skeletal-pillar","Skeletal Pillar","3","Large","Undead","","","chaotic evil","dungeon, ruins, swamp, urban","13","68","-1","","","","Monster-A-Day: https://www.reddit.com/r/monsteraday/comments/6mo8ro/day_97_skeletal_pillar/"
"","mad.skulking-cyst","Skulking Cyst","4","Small","Undead","","","chaotic evil","cave, dungeon, mountain, ruins","14","123","4","","","","Monster-A-Day: https://www.reddit.com/r/monsteraday/comments/664wsr/day_37_skulking_cyst/"
"","mad.skuz","Skuz","9","Large","Undead","","","chaotic evil","aquatic, grassland, swamp","16","189","-1","","","","Monster-A-Day: https://www.reddit.com/r/1d6Adventurers/comments/79y0t4/day_177_skuz_halloweenie_treats/"
"","mad.sky-manta","Sky Manta","1","Huge","Beast","","","unaligned","aquatic, arctic, coast","13","45","0","","","","Monster-A-Day: https://www.reddit.com/r/monsteraday/comments/6a0kj5/day_51_sky_manta/"
"","mad.sleepless-knight","Sleepless Knight","13","Medium","Fey","","","lawful neutral","forest, grassland, swamp","18","190","4","","","","Monster-A-Day: https://www.reddit.com/r/monsteraday/comments/6gaf5u/day_75_sleepless_knight/"
"d437a412-3128-54af-a952-addebebab87c","mad.sliver","Sliver","1/2","Medium","Monstrosity","Sliver","","neutral evil","","12","22","2","","","","Monster-A-Day: https://www.reddit.com/r/monsteraday/comments/3j3u2p/day_15_sliver/"
"6c980cfc-5e86-58c7-ad36-9f4f30b69cf7","mad.sliver-queen","Sliver Queen","13","Huge","Monstrosity","Sliver","","neutral evil","","17","200","2","","legendary","","Monster-A-Day: https://www.reddit.com/r/monsteraday/comments/3jmqxr/day_19_sliver_queen/"
"","mad.slothshark","Slothshark","2","Medium","Monstrosity","","","unaligned","aquatic, forest, grassland","13","65","3","","","","Monster-A-Day: https://www.reddit.com/r/1d6Adventurers/comments/6q44qx/shark_week_bonus_monster_slothshark/"
"","mad.smog-elemental","Smog Elemental","6","Large","Elemental","","","chaotic evil","dungeon, planar, ruins, swamp","15","135","5","","","","Monster-A-Day: https://www.reddit.com/r/monsteraday/comments/7o5csh/day_224_smog_elemental/"
"","mad.snow-golem","Snow Golem","6","Huge","Construct","","","lawful evil","arctic","15","133","1","","","","Monster-A-Day: https://www.reddit.com/r/monsteraday/comments/80zipb/day_263_snowmen_and_snow_golems/"
"a896ebd5-dbb4-5efa-a3ef-90de48d771e8","mad.snow-spider","Snow Spider","3","Large","Beast","","","unaligned","","13","65","2","","","","Monster-A-Day: https://www.reddit.com/r/monsteraday/comments/3ogkel/day_57_snow_spider/"
"","mad.snowman","Snowman","1","Medium","Construct","","","lawful good or chaotic evil","arctic","9","35","-1","","","","Monster-A-Day: https://www.reddit.com/r/monsteraday/comments/80zipb/day_263_snowmen_and_snow_golems/"
"","mad.sorcerer-phoenix","Sorcerer, Phoenix","6","Medium","Humanoid","Aasimar","","chaotic good","arctic, cave, coast, forest, grassland, urban","","135","2","","","","Monster-A-Day: https://www.reddit.com/r/monsteraday/comments/6pq8l4/day_108_1d6_sorcerers/"
"","mad.sorcerer-sea","Sorcerer, Sea","9","Medium","Humanoid","Goblinoid","","neutral evil","arctic, cave, coast, forest, grassland, urban","","171","2","","","","Monster-A-Day: https://www.reddit.com/r/monsteraday/comments/6pq8l4/day_108_1d6_sorcerers/"
"","mad.sorcerer-stone","Sorcerer, Stone","3","Medium","Humanoid","Warforged","","lawful good","arctic, cave, coast, forest, grassland, urban","18","98","1","","","","Monster-A-Day: https://www.reddit.com/r/monsteraday/comments/6pq8l4/day_108_1d6_sorcerers/"
"","mad.spelleater-slime","Spelleater Slime","4","Medium","Ooze","","","unaligned","dungeon, urban","8","120","-2","","","","Monster-A-Day: https://www.reddit.com/r/monsteraday/comments/7noz8f/day_222_spelleater_slime/"
"98a0cb71-6791-541f-90d7-fc586010e839","mad.spellskite","Spellskite","5","Large","Construct","","","unaligned","","14","102","2","","","","Monster-A-Day: https://www.reddit.com/r/monsteraday/comments/3ltrtn/day_36_spellskite/"
"ae587e7a-dcd7-5c4b-b4d7-eeae5b167a8b","mad.spider-skull","Spider Skull","1/2","Tiny","Undead","","","neutral evil","","13","13","3","","","","Monster-A-Day: https://www.reddit.com/r/monsteraday/comments/3nur5w/day_52_spider_skull/"
"46c49f1e-ece4-5713-a7d9-ece62dd64d0e","mad.spirit","Spirit","1/2","Medium","Undead","","","any","","11","16","1","","","","Monster-A-Day: https://www.reddit.com/r/monsteraday/comments/3koi6v/day_27_spirit/"
"","mad.spirit-dragon","Spirit Dragon","19","Huge","Celestial","","","neutral good (50%) or neutral evil (50%)","planar","19","243","0","","","","Monster-A-Day: https://www.reddit.com/r/monsteraday/comments/6rmlhn/day_115_spirit_dragon/"
"a9792b74-860b-59ea-be7c-1cc44139b2ef","mad.spitting-sliver","Spitting Sliver","2","Large","Monstrosity","Sliver","","neutral evil","","12","45","2","","","","Monster-A-Day: https://www.reddit.com/r/monsteraday/comments/3jic37/day_18_crystalline_and_spitting_slivers/"
"","mad.spring-heeled-jack","Spring Heeled Jack","10","Medium","Fey","","","chaotic neutral","urban","14","299","4","","","unique","Monster-A-Day: https://www.reddit.com/r/1d6Adventurers/comments/79xx85/halloween_bonus_spring_heeled_jack/"
"","mad.stag-knight","Stag Knight","11","Medium","Fey","","","chaotic neutral","grassland, forest, swamp","16","225","5","","","","Monster-A-Day: https://www.reddit.com/r/monsteraday/comments/6bbysr/day_56_stag_knight/"
"","mad.stamen","Stamen","4","Medium","Plant","Shapechanger","","neutral evil","dungeon, grassland, forest, ruins, urban","14","112","1","","","","Monster-A-Day: https://www.reddit.com/r/monsteraday/comments/76sms4/day_166_stamen/"
"","mad.stitched-zombeast","Stitched Zombeast","9","Large","Undead","","","neutral evil","dungeon, ruins, swamp, urban","16","189","1","","","","Monster-A-Day: https://www.reddit.com/r/monsteraday/comments/7ebn00/day_191_stitched_zombeast/"
"","mad.stone-eyed-cyclops","Stone-eyed Cyclops","8","Huge","Giant","","","chaotic neutral","dungeon, forest, mountain, swamp","16","172","0","","","","Monster-A-Day: https://www.reddit.com/r/monsteraday/comments/6oq0gz/day_105_stoneeyed_cyclops/"
"","mad.stone-giant-colossus-hunter","Stone Giant Colossus Hunter","8","Huge","Giant","","","neutral","dungeon, forest, mountain, swamp","16","184","2","","","","Monster-A-Day: https://www.reddit.com/r/monsteraday/comments/6am1xl/day_54_stone_giant_colossus_hunter/"
"fb44e9eb-1edd-59f5-bbce-9ac84f631e71","mad.stone-strix","Stone Strix","8","Huge","Monstrosity","","","unaligned","","16","147","3","","","","Monster-A-Day: https://www.reddit.com/r/monsteraday/comments/3u3mkx/day_100_stone_strix/"
"","mad.storm-giant-water-bearer","Storm Giant Water-Bearer","15","Huge","Giant","","","chaotic good","arctic, aquatic, coast, desert, mountain","18","287","2","","","","Monster-A-Day: https://www.reddit.com/r/monsteraday/comments/6disuw/day_65_storm_giant_waterbearer/"
"","mad.superb-owl","Superb Owl","9","Large","Fey","","","chaotic good","forest, grassland, urban","16","210","3","","","","Monster-A-Day: https://www.reddit.com/r/monsteraday/comments/7vf2wk/day_246_superb_owl/"
"","mad.swamp-drake","Swamp Drake","3","Medium","Dragon","","","neutral evil","grassland, forest, swamp","15","78","1","","","","Monster-A-Day: https://www.reddit.com/r/monsteraday/comments/6svgc5/day_119_swamp_drake/"
"385b9e74-056e-5f8f-af84-82a8a3f369c1","mad.swarm-of-squirrels","Swarm of Squirrels","2","Medium","Beast","Swarm","","unaligned","","14","36","4","","","","Monster-A-Day: https://www.reddit.com/r/monsteraday/comments/3nzdh1/day_53_swarm_of_squirrels/"
"b5ba63d2-4eb9-5328-98e9-3cd51ea24dc5","mad.sylvan-stalker","Sylvan Stalker","8","Medium","Humanoid","Plant","","neutral","","15","78","4","","","","Monster-A-Day: https://www.reddit.com/r/monsteraday/comments/3rnhq1/day_81_sylvan_stalker/"
"","mad.taena-morae","Taena Morae","4","Medium","Monstrosity","Seukothi","","neutral","desert, forest, grassland","19","117","2","","","","Monster-A-Day: https://www.reddit.com/r/monsteraday/comments/6khywn/day_90_seukothi/"
"","mad.tarspawn-demodand","Tarspawn Demodand","13","Medium","Fiend","","","neutral evil","dungeon, planar","18","252","0","","","","Monster-A-Day: https://www.reddit.com/r/monsteraday/comments/7y1j8f/day_255_tarspawn_demodand/"
"","mad.teacup-pigasus","Teacup Pigasus","1/4","Tiny","Fey","","","neutral good","grassland, forest, planar, swamp","13","7","3","","","","Monster-A-Day: https://www.reddit.com/r/monsteraday/comments/6c5hpo/day_60_pigasus/"
"cb35c29c-3459-5048-b75b-14e92d9b1bfc","mad.technothug","Technothug","1/2","Medium","Humanoid","Any Race","","chaotic neutral","","16","19","2","","","","Monster-A-Day: https://www.reddit.com/r/monsteraday/comments/3rx71v/day_83_technothug/"
"ea36ebf6-3fb3-5098-b38f-77e66298954d","mad.tentaghoul","Tentaghoul","3","Large","Undead","","","chaotic evil","","13","76","-1","","","","Monster-A-Day: https://www.reddit.com/r/monsteraday/comments/3nctcd/day_48_tentaghoul/"
"","mad.terracotta-dryad","Terracotta Dryad","7","Medium","Fey","","","neutral evil","forest, urban","18","165","1","","","","Monster-A-Day: https://www.reddit.com/r/monsteraday/comments/74i0hl/day_159_terracotta_dryad/"
"","mad.terrahawk","Terrahawk","2","Tiny","Elemental","","","neutral good","arctic, cave, coast, desert, dungeon, forest, grassland, mountain, planar, ruins, swamp, underground","15","90","0","","","","Monster-A-Day: https://www.reddit.com/r/monsteraday/comments/5wybf7/day_3_terrahawk/"
"","mad.the-fool","The Fool","3","Medium","Humanoid","Any","","chaotic evil","urban","16","82","4","","","","Monster-A-Day: https://www.reddit.com/r/1d6Adventurers/comments/62uq65/the_april_fools_fool_mule_and_wood_chopping_tool/"
"","mad.thunderhawk","Thunderhawk","2","Tiny","Elemental","","","neutral good","arctic, cave, coast, desert, forest, grassland, mountain, planar, ruins","15","47","5","","","","Monster-A-Day: https://www.reddit.com/r/monsteraday/comments/5zlq91/day_13_thunderhawk/"
"52f02835-820d-5dc6-9c86-14b11dd11532","mad.timeless-chronomancer","Timeless Chronomancer","14","Medium","Construct","","","neutral","","18","150","2","","","","Monster-A-Day: https://www.reddit.com/r/monsteraday/comments/3rdrry/day_79_chronomancers/"
"","mad.tin-soldier","Tin Soldier","1/4","Medium","Construct","","","unaligned","dungeon, ruins, urban","14","13","-1","","","","Monster-A-Day: https://www.reddit.com/r/monsteraday/comments/60irs6/day_16_tin_soldier/"
"","mad.tinsel-constrictor","Tinsel Constrictor","4","Large","Monstrosity","","","unaligned","arctic, urban","15","82","2","","","","Monster-A-Day: https://www.reddit.com/r/monsteraday/comments/7l3lpq/day_213_tinsel_constrictor/"
"","mad.tormentor","Tormentor","9","Large","Fiend","","","chaotic evil","dungeon, planar","16","204","3","","","","Monster-A-Day: https://www.reddit.com/r/monsteraday/comments/742gyj/day_157_tormentor/"
"","mad.tortle-elder","Tortle Elder","4","Medium","Humanoid","Tortle","","lawful good","aquatic, coast, urban","17","91","3","","","","Monster-A-Day: https://www.reddit.com/r/monsteraday/comments/714vk7/day_147_tortle_elder/"
"","mad.training-golem","Training Golem","4","Large","Construct","","","unaligned","dungeon, ruins, urban","","105","3","","","","Monster-A-Day: https://www.reddit.com/r/monsteraday/comments/6sfm55/day_117_training_golem/"
"","mad.treant-hurler","Treant Hurler","10","Huge","Plant","","","chaotic neutral","dungeon, grassland, forest, ruins","16","138","-1","","","","Monster-A-Day: https://www.reddit.com/r/monsteraday/comments/71ldr1/day_149_treant_hurler/"
"7f6ee622-ec69-52a8-a9de-62dd94df77ac","mad.troll-boar","Troll Boar","3","Large","Monstrosity","","","chaotic evil","","13","57","0","","","","Monster-A-Day: https://www.reddit.com/r/monsteraday/comments/3lyhsw/day_37_troll_boar/"
"46f4e1d3-315b-5682-8c38-3445af06b159","mad.truesong-dancer","Truesong Dancer","3","Medium","Humanoid","Any Race","","chaotic neutral","","14","44","3","","","","Monster-A-Day: https://www.reddit.com/r/monsteraday/comments/3l2bm1/day_30_truesong_bards/"
"d6000051-ecfd-5bf6-a7b2-8377bbacf114","mad.truesong-dirge","Truesong Dirge","5","Medium","Humanoid","Any Race","","chaotic neutral","","16","91","1","","","","Monster-A-Day: https://www.reddit.com/r/monsteraday/comments/3l2bm1/day_30_truesong_bards/"
"35022402-2e9b-5902-b195-31e3e3128775","mad.tuskaloth","Tuskaloth","10","Gargantuan","Beast","","","unaligned","","14","198","-1","","","","Monster-A-Day: https://www.reddit.com/r/monsteraday/comments/3lboj2/day_32_tuskaloth/"
"","mad.two-headed-brainstealer-dragon","Two-Headed Brainstealer Dragon","18","Huge","Dragon","","","lawful evil","dungeon, underground, urban","19","297","0","","","","Monster-A-Day: https://www.reddit.com/r/monsteraday/comments/7i0azz/day_203_twoheaded_brainstealer_dragon/"
"","mad.ubercorn","Ubercorn","8","Large","Celestial","","","lawful good","forest, planar, ruins","13","187","2","","","","Monster-A-Day: https://www.reddit.com/r/monsteraday/comments/7szt4n/day_239_ubercorn/"
"715fa170-48c8-5b1c-8473-62fa7bd8fe77","mad.ulamog-the-ceaseless-hunger","Ulamog, the Ceaseless Hunger","30","Gargantuan","Aberration","Titan","","chaotic evil","","25","717","0","","legendary","","Monster-A-Day: https://www.reddit.com/r/monsteraday/comments/3n8wqq/day_47_ulamog_the_ceaseless_hunger/"
"","mad.valkyrie","Valkyrie","6","Medium","Celestial","","","lawful neutral","planar","16","142","3","","","","Monster-A-Day: https://www.reddit.com/r/monsteraday/comments/75r5aa/day_163_valkyrie/"
"","mad.valravn","Valravn","12","Medium","Undead","Shapechanger","","neutral evil","dungeon, forest, swamp","19","162","3","","","","Monster-A-Day: https://www.reddit.com/r/monsteraday/comments/7rl8ii/day_235_valravn/"
"","mad.vatnagedda","Vatnagedda","6","Huge","Monstrosity","","","neutral evil","aquatic","13","142","0","","","","Monster-A-Day: https://www.reddit.com/r/monsteraday/comments/7u3j1s/day_242_vatnagedda/"
"","mad.ventrunculus","Ventrunculus","3","Small","Construct","","","neutral","dungeon, ruins, urban","13","97","3","","","","Monster-A-Day: https://www.reddit.com/r/monsteraday/comments/7j4ovi/day_206_ventrunculus/"
"e1d6d3fc-8f5f-5aba-b531-471f5659051c","mad.verdalin","Verdalin","1/2","Small","Fey","","","neutral","","13","18","3","","","","Monster-A-Day: https://www.reddit.com/r/monsteraday/comments/3o8i97/day_55_verdalin/"
"","mad.vine-bramble","Vine Bramble","3","Large","Plant","","","unaligned","dungeon, grassland, forest, ruins","16","39","0","","","","Monster-A-Day: https://www.reddit.com/r/monsteraday/comments/6wsyk7/day_132_vine_bramble/"
"","mad.vinebeast","Vinebeast","1","Medium","Plant","","","unaligned","dungeon, grassland, forest, ruins","14","39","2","","","","Monster-A-Day: https://www.reddit.com/r/monsteraday/comments/6tvtmu/day_122_vinebeast/"
"2adf3d0a-8617-5b52-99ea-de9477a51309","mad.virulent-sliver","Virulent Sliver","3","Large","Monstrosity","Sliver","","neutral evil","","12","52","2","","","","Monster-A-Day: https://www.reddit.com/r/monsteraday/comments/3jdpx6/day_17_winged_and_virulent_slivers/"
"a3bfe860-8cc3-5ce3-8afe-986a55461553","mad.vodyanoy","Vodyanoy","5","Medium","Monstrosity","","","chaotic neutral","","16","119","3","","","","Monster-A-Day: https://www.reddit.com/r/monsteraday/comments/3tgj7n/day_95_vodyanoy/"
"","mad.walking-hive","Walking Hive","5","Huge","Elemental","","","neutral","dungeon, grassland, forest, planar","16","115","0","","","","Monster-A-Day: https://www.reddit.com/r/monsteraday/comments/7k25u8/day_210_walking_hive/"
"8489ece9-af4a-5494-b040-1796f3040318","mad.war-titan","War Titan","16","Huge","Fiend","Titan","","any chaotic","","18","207","0","","legendary","","Monster-A-Day: https://www.reddit.com/r/monsteraday/comments/3px4wr/day_68_war_titan/"
"","mad.warlock-hexblade","Warlock, Hexblade","9","Medium","Humanoid","Human","","chaotic good","cave, coast, forest, grassland, urban","15","195","0","","","","Monster-A-Day: https://www.reddit.com/r/monsteraday/comments/6r6g7v/day_113_1d6_warlocks/"
"","mad.warlock-raven-queen","Warlock, Raven Queen","4","Medium","Humanoid","Goliath","","neutral evil","cave, coast, forest, grassland, urban","14","91","2","","","","Monster-A-Day: https://www.reddit.com/r/monsteraday/comments/6r6g7v/day_113_1d6_warlocks/"
"","mad.warlock-seeker","Warlock, Seeker","2","Medium","Humanoid","Water Genasi","","lawful neutral","cave, coast, forest, grassland, urban","13","52","2","","","","Monster-A-Day: https://www.reddit.com/r/monsteraday/comments/6r6g7v/day_113_1d6_warlocks/"
"","mad.wavehawk","Wavehawk","5","Medium","Elemental","","","neutral good","aquatic, arctic, cave, coast, dungeon, forest, grassland, mountain, planar, ruins, swamp, underground","12","105","2","","","","Monster-A-Day: https://www.reddit.com/r/monsteraday/comments/628mos/day_23_wavehawk/"
"","mad.wendigo","Wendigo","6","Large","Monstrosity","","","chaotic evil","arctic, cave, coast, desert, dungeon, forest, grassland, mountain, ruins, swamp, underground, urban","15","114","2","","","","Monster-A-Day: https://www.reddit.com/r/monsteraday/comments/5yhb8i/day_9_wendigo/"
"","mad.were-shark","Were-Shark","7","Medium","Humanoid","Human,Shapechanger","","neutral evil","aquatic, cave, forest, mountain, urban","","170","2","","","","Monster-A-Day: https://www.reddit.com/r/monsteraday/comments/6pi18n/day_107_shark_week_wereshark/"
"123f6378-24e4-5b67-bebe-2f4b5ebb3c3d","mad.werewolf-alpha","Werewolf Alpha","9","Medium","Humanoid","","","chaotic evil","","16","119","2","","legendary","","Monster-A-Day: https://www.reddit.com/r/monsteraday/comments/3rsad4/day_82_werewolf_alpha/"
"6159d5f3-547e-5a37-9519-cf0d0237f350","mad.wight-walker","Wight Walker","6","Medium","Undead","","","neutral evil","","14","112","2","","","","Monster-A-Day: https://www.reddit.com/r/monsteraday/comments/3oqgxh/day_59_wight_walker/"
"","mad.wildermann","Wildermann","6","Large","Humanoid","","","neutral","arctic, cave, forest, mountain","14","136","-1","","","","Monster-A-Day: https://www.reddit.com/r/monsteraday/comments/7sq0b3/day_238_wildermann/"
"ab1e249e-377f-53c8-b508-a0c78fe3b1bc","mad.winged-ape","Winged Ape","2","Medium","Monstrosity","","","neutral","","13","39","2","","","","Monster-A-Day: https://www.reddit.com/r/monsteraday/comments/3qzcso/day_76_winged_ape/"
"50576b80-6e26-5f03-bda5-a3dba5ca0700","mad.winged-sliver","Winged Sliver","3","Large","Monstrosity","Sliver","","neutral evil","","12","60","2","","","","Monster-A-Day: https://www.reddit.com/r/monsteraday/comments/3jdpx6/day_17_winged_and_virulent_slivers/"
"85985297-b434-5c7a-9a03-39dca982c613","mad.winter-sprite","Winter Sprite","1","Tiny","Fey","","","chaotic neutral","","15","7","5","","","","Monster-A-Day: https://www.reddit.com/r/monsteraday/comments/3olui8/day_58_winter_sprite/"
"","mad.wizard-lore-mastery","Wizard, Lore Mastery","6","Medium","Humanoid","Dwarf","","lawful neutral","cave, coast, forest, grassland, urban","15","136","4","","","","Monster-A-Day: https://www.reddit.com/r/monsteraday/comments/6snl5x/day_118_1d6_wizards/"
"","mad.wizard-theurgy","Wizard, Theurgy","9","Medium","Humanoid","Half-Elf","","neutral evil","cave, coast, forest, grassland, urban","","148","2","","","","Monster-A-Day: https://www.reddit.com/r/monsteraday/comments/6snl5x/day_118_1d6_wizards/"
"","mad.wizard-war-magic","Wizard, War Magic","4","Medium","Humanoid","Human","","chaotic good","cave, coast, forest, grassland, urban","","97","4","","","","Monster-A-Day: https://www.reddit.com/r/monsteraday/comments/6snl5x/day_118_1d6_wizards/"
"","mad.wooden-horse","Wooden Horse","1/4","Large","Construct","","","unaligned","dungeon, ruins, urban","11","39","1","","","","Monster-A-Day: https://www.reddit.com/r/monsteraday/comments/60pw0m/day_17_wooden_horse/"
"","mad.workshop-elves","Workshop Elves","2","Tiny","Fey","","","lawful good","arctic, urban","14","49","4","","","","Monster-A-Day: https://www.reddit.com/r/monsteraday/comments/7ljux0/day_215_workshop_elves/"
"","mad.wrackspawn","Wrackspawn","3","Medium","Fiend","","","chaotic evil","dungeon, planar","13","120","0","","","","Monster-A-Day: https://www.reddit.com/r/monsteraday/comments/7327np/day_154_wrackspawn/"
"","mad.wrecker","Wrecker","11","Huge","Construct","","","unaligned","dungeon, ruins, urban","16","157","0","","","","Monster-A-Day: https://www.reddit.com/r/monsteraday/comments/6jn4gd/day_86_wrecker/"
"","mad.xanmu","Xanmu","7","Medium","Fiend","Demon","","chaotic evil","dungeon, planar","16","153","6","","","","Monster-A-Day: https://www.reddit.com/r/monsteraday/comments/6bjikl/day_57_xanmu/"
"","mad.yeti-abomination","Yeti Abomination","12","Huge","Aberration","","","chaotic evil","arctic, cave, dungeon, mountain, ruins","17","250","0","","","","Monster-A-Day: https://www.reddit.com/r/monsteraday/comments/6e1y55/day_66_yeti_abomination/"
"","mad.yuan-ti-ignan","Yuan-Ti Ignan","8","Large","Monstrosity","Yuan-Ti","","chaotic evil","desert, forest, mountain, ruins, swamp","16","133","1","","","","Monster-A-Day: https://www.reddit.com/r/monsteraday/comments/6j38d7/day_85_yuanti_ignan/"
"","mad.yuan-ti-zuma","Yuan-ti, Zuma","10","Large","Monstrosity","Yuan-Ti","","chaotic evil","desert, forest, mountain, ruins, swamp","17","209","2","","","","Monster-A-Day: https://www.reddit.com/r/monsteraday/comments/80fhgr/day_261_yuanti_zuma/"
"","mmod.aarakocra-captain","Aarakocra Captain","3","Medium","Humanoid","Aarakocra","Aarakocra","neutral good","mountain, planar","16","65","4","","","","Monster Module: 3"
"","mmod.aarakocra-priest-of-aerdrie","Aarakocra Priest of Aerdrie","8","Medium","Humanoid","Aarakocra","Aarakocra","neutral good","mountain, planar","14","71","2","","","","Monster Module: 4"
"","mmod.aarakocra-sharpshooter","Aarakocra Sharpshooter","1/2","Medium","Humanoid","Aarakocra","Aarakocra","neutral good","mountain, planar","13","22","3","","","","Monster Module: 3"
"","mmod.aboleth-sovereign","Aboleth Sovereign","16","Huge","Aberration","","Aboleths","lawful evil","aquatic, coast","19","199","1","lair","legendary","","Monster Module: 5"
"","mmod.agathion","Agathion","4","Medium","Celestial","","Angels","Lawful Good","planar","17","42","2","","","","Monster Module: 7"
"","mmod.animators-staff","Animators Staff","3","Small","Construct","","Animated Objects","unaligned","dungeon, ruins, urban","","39","0","","","","Monster Module: 9"
"","mmod.animators-wand","Animators Wand","1/2","Tiny","Construct","","Animated Objects","unaligned","dungeon, ruins, urban","11","13","1","","","","Monster Module: 9"
"","mmod.azer-artisan","Azer Artisan","3","Medium","Elemental","","Azer","lawful neutral","planar, underground","15","52","1","","","","Monster Module: 13"
"","mmod.azer-lord","Azer Lord","6","Medium","Elemental","","Azer","lawful neutral","planar, underground","17","52","1","","","","Monster Module: 13"
"","mmod.bewailer","Bewailer","7","Medium","Undead","","Banshees","chaotic evil","dungeon, forest, ruins, swamp","13","78","3","","","","Monster Module: 14"
"","mmod.bramble-blight","Bramble Blight","1","Medium","Plant","","Blights","neutral evil","forest, grassland, swamp","14","32","1","","","","Monster Module: 18"
"","mmod.branch-blight","Branch Blight","3","Large","Plant","","Blights","neutral evil","forest, grassland, swamp","14","95","1","","","","Monster Module: 19"
"","mmod.bugbear-assassin","Bugbear Assassin","6","Medium","Humanoid","Goblinoid","Bugbears","chaotic evil","cave, dungeon, forest, mountain, ruins, urban","16","112","4","","","","Monster Module: 20"
"","mmod.bugbear-champion-of-hruggek","Bugbear Champion of Hruggek","4","Medium","Humanoid","Goblinoid","Bugbears","chaotic evil","cave, dungeon, forest, mountain, ruins, urban","16","60","1","","","","Monster Module: 20"
"","mmod.bullywug-chief","Bullywug Chief","3","Medium","Humanoid","Bullywug","Bullywugs","neutral evil","coast, swamp","16","82","1","","","","Monster Module: 22"
"","mmod.bullywug-hunter","Bullywug Hunter","1/2","Medium","Humanoid","Bullywug","Bullywugs","neutral evil","coast, swamp","14","33","3","","","","Monster Module: 22"
"","mmod.bullywug-shaman","Bullywug Shaman","3","Medium","Humanoid","Bullywug","Bullywugs","neutral evil","coast, swamp","","58","1","","","","Monster Module: 21"
"","mmod.eye-of-the-deep","Eye of the Deep","5","Medium","Aberration","","Beholders","neutral evil","aquatic, cave, coast, dungeon, underground","15","52","2","","","","Monster Module: 17"
"","mmod.flying-caltrop","Flying Caltrop","1/8","Tiny","Construct","","Animated Objects","unaligned","dungeon, ruins, urban","13","2","2","","","","Monster Module: 10"
"","mmod.flying-shield","Flying Shield","1/2","Small","Construct","","Animated Objects","unaligned","dungeon, ruins, urban","17","33","2","","","","Monster Module: 10"
"","mmod.greater-basilisk","Greater Basilisk","10","Huge","Monstrosity","","Basilisks","unaligned","aquatic, cave, coast, desert, dungeon, forest, grassland, mountain, ruins, swamp, underground","17","142","1","","","","Monster Module: 16"
"","mmod.jungle-ankheg","Jungle Ankheg","5","Large","Monstrosity","","Ankhegs","unaligned","coast, forest, grassland, underground","","105","1","","","","Monster Module: 12"
"","mmod.marine-basilisk","Marine Basilisk","4","Large","Monstrosity","","Basilisks","unaligned","aquatic, cave, coast, dungeon, ruins, swamp, underground","16","85","0","","","","Monster Module: 15"
"","mmod.sack-of-smothering","Sack of Smothering","1/2","Small","Construct","","Animated Objects","unaligned","dungeon, ruins, urban","12","18","2","","","","Monster Module: 11"
"","mmod.swarm-of-ball-bearings","Swarm of Ball Bearings","1","Medium","Construct","","Animated Objects","unaligned","dungeon, ruins, urban","13","31","2","","","","Monster Module: 11"
"","mmod.swarm-of-flying-caltrops","Swarm of Flying Caltrops","1","Medium","Construct","","Animated Objects","unaligned","dungeon, ruins, urban","13","36","2","","","","Monster Module: 11"
"","mmod.valkyrie","Valkyrie","8","Medium","Celestial","","Angels","Lawful Good","planar","20","76","3","","","","Monster Module: 8"
"","mmod.wood-blight","Wood Blight","1/2","Medium","Plant","","Blights","neutral evil","forest, grassland, swamp","14","37","0","","","","Monster Module: 19"
"","mmod.young-aboleth","Young Aboleth","5","Large","Aberration","","Aboleths","lawful evil","aquatic, coast","16","91","-1","","","","Monster Module: 6"
"","motg.aarakocra-necromancer","Aarakocra Necromancer","4","Medium","Humanoid","Aarakocra","","Neutral Evil","mountain","12","90","2","","","","Monsters of the Guild: 7"
"","motg.abyssal-giant-lizard","Abyssal Giant Lizard","1","Large","Fiend","Demon","","Chaotic Evil","","11","37","0","","","","Monsters of the Guild: 8"
"","motg.adult-dokufu","Adult Dokufu","12","Large","Monstrosity","","Dokufu","Neutral Evil","arctic, mountain","19","230","4","","","","Monsters of the Guild: 44"
"","motg.adult-dokufu-lair","Adult Dokufu (lair)","15","Large","Monstrosity","","Dokufu","Neutral Evil","arctic","19","230","4","lair","","","Monsters of the Guild: 44"
"","motg.amethyst-dragon-gem-dragon","Amethyst Dragon (Gem Dragon)","16","Huge","Dragon","","Dragons","Neutral","arctic, mountain","18","229","0","","legendary","","Monsters of the Guild: 48"
"","motg.ankashar","Ankashar","5","Large","Fiend","Demon","Baphomet's Minions","Chaotic Evil","","14","115","0","","","","Monsters of the Guild: 17"
"","motg.arachtus","Arachtus","4","Large","Plant","","","Unaligned","desert","12","120","4","","","","Monsters of the Guild: 9"
"","motg.arcane-ooze","Arcane Ooze","6","Huge","Ooze","","Oozes","Unaligned","underground","7","95","-3","","","","Monsters of the Guild: 101"
"","motg.arrow-demon","Arrow Demon","4","Medium","Fiend","Demon","","Chaotic Evil","","14","66","3","","","","Monsters of the Guild: 10"
"","motg.aurochon","Aurochon","5","Large","Aberration","","","Chaotic Evil","grassland, grassland, urban","16","58","1","","","","Monsters of the Guild: 11"
"","motg.azer-acolyte","Azer Acolyte","3","Medium","Elemental","","Azers","Lawful Neutral","","17","46","1","","","","Monsters of the Guild: 13"
"","motg.azer-priest","Azer Priest","4","Medium","Elemental","","Azers","Lawful Neutral","","17","77","1","","","","Monsters of the Guild: 13"
"","motg.beholder-eye-of-the-deep","Beholder, Eye of the Deep","8","Large","Aberration","","","Lawful Evil","aquatic","18","136","2","","","","Monsters of the Guild: 19"
"","motg.big-green-eye","Big Green Eye","3","Large","Aberration","","","Neutral Evil","underground","18","39","2","","","","Monsters of the Guild: 20"
"","motg.blight-swarm","Blight Swarm","2","Medium","Plant","Swarm","","Neutral Evil","forest","13","44","2","","","","Monsters of the Guild: 21"
"","motg.bloodthorn","Bloodthorn","12","Huge","Plant","","","Neutral Evil","","15","189","1","","","","Monsters of the Guild: 134"
"","motg.bog-worm","Bog Worm","7","Huge","Monstrosity","","","Unaligned","swamp","18","125","-2","","","","Monsters of the Guild: 22"
"","motg.bone-giant","Bone Giant","6","Huge","Undead","","","Chaotic Evil","swamp, grassland","12","136","-1","","","","Monsters of the Guild: 24"
"","motg.bound-colossus","Bound Colossus","21","Gargantuan","Elemental","","","Lawful Evil","","17","364","2","","legendary","","Monsters of the Guild: 26"
"","motg.bulezau","Bulezau","9","Large","Fiend","Demon","Baphomet's Minions","Chaotic Evil","","16","115","4","","","","Monsters of the Guild: 17"
"","motg.cackling-zombie","Cackling Zombie","1/4","Medium","Undead","","","Neutral Evil","urban","8","22","-2","","","","Monsters of the Guild: 27"
"","motg.cairnlord","Cairnlord","13","Medium","Fey","","","Neutral Evil","","16","184","3","lair","","","Monsters of the Guild: 30"
"","motg.caller-from-the-deeps","Caller From The Deeps","7","Huge","Elemental","","","Neutral Evil","aquatic","15","157","0","","","","Monsters of the Guild: 31"
"","motg.chart-attack","Chart Attack","1/2","Tiny","Construct","","","Unaligned","urban","16","12","2","","","","Monsters of the Guild: 32"
"","motg.chilling-eyes","Chilling Eyes","6","Medium","Undead","","","Chaotic Evil","swamp, underground, urban","14","78","2","","","","Monsters of the Guild: 33"
"","motg.crocotta","Crocotta","4","Large","Monstrosity","","","Unaligned","grassland, forest, grassland","14","110","1","","","","Monsters of the Guild: 35"
"","motg.dark-rose","Dark Rose","5","Large","Plant","","","Neutral Evil","forest,urban","14","114","0","","","","Monsters of the Guild: 36"
"","motg.death-golem","Death Golem","15","Large","Construct","","","Unaligned","","20","210","0","","","","Monsters of the Guild: 38"
"","motg.demon-blight","Demon Blight","3","Medium","Fiend","","","Neutral Evil","forest","16","72","3","","","","Monsters of the Guild: 39"
"","motg.dhanava","Dhanava","14","Medium","Fiend","","","Lawful Evil","urban","16","110","14","","","","Monsters of the Guild: 40"
"","motg.dokufu-spiderling","Dokufu Spiderling","6","Small","Monstrosity","","Dokufu","Neutral Evil","arctic, mountain","17","150","4","","","","Monsters of the Guild: 45"
"","motg.eadochas","Eadochas","5","Medium","Undead","","","Chaotic Evil","urban","15","81","5","","","","Monsters of the Guild: 51"
"","motg.eelfolk","Eelfolk","1/2","Medium","Humanoid","","","Chaotic Evil","coast, aquatic","15","19","1","","","","Monsters of the Guild: 53"
"","motg.eelfolk-hunter","Eelfolk Hunter","1","Medium","Humanoid","","","Chaotic Evil","coast, aquatic","13","37","1","","","","Monsters of the Guild: 54"
"","motg.eelfolk-scourge","Eelfolk Scourge","4","Medium","Humanoid","","","Chaotic Evil","coast, aquatic","13","82","1","","","","Monsters of the Guild: 54"
"","motg.eelfolk-stormcaller","Eelfolk Stormcaller","6","Medium","Humanoid","","","Chaotic Evil","coast, aquatic","15","117","3","","","","Monsters of the Guild: 55"
"","motg.elemental-core","Elemental Core","0","Tiny","Construct","","Relentless Constructs","Unaligned","","13","1","3","","","","Monsters of the Guild: 118"
"","motg.empty-sack","Empty Sack","4","Medium","Aberration","","","Neutral Evil","urban","14","60","2","","","","Monsters of the Guild: 58"
"","motg.estinfalo","Estinfalo","1","Small","Beast","","","Unaligned","swamp","13","17","-3","","","","Monsters of the Guild: 59"
"","motg.evil-doll","Evil Doll","4","Tiny","Construct","","","Chaotic Evil","urban","14","119","4","","","","Monsters of the Guild: 136"
"","motg.fiendish-maggot","Fiendish Maggot","1","Medium","Fiend","","","Chaotic evil","swamp, urban","12","39","0","","","","Monsters of the Guild: 60"
"","motg.firefly-golem","Firefly Golem","6","Large","Construct","","","Unaligned","forest","14","75","1","","","","Monsters of the Guild: 61"
"","motg.floater","Floater","5","Tiny","Undead","","","Unaligned","grassland","16","36","3","","","","Monsters of the Guild: 137"
"","motg.fools-slush","Fool's Slush","1","Large","Ooze","","Oozes","Unaligned","arctic","7","52","-3","","","","Monsters of the Guild: 103"
"","motg.formican-drone","Formican Drone","3","Large","Beast","","Formicans","Unaligned","forest, mountain","20","52","3","","","","Monsters of the Guild: 65"
"","motg.formican-psion","Formican Psion","2","Large","Beast","","Formicans","Unaligned","forest, mountain","16","52","1","","","","Monsters of the Guild: 63"
"","motg.formican-shocker","Formican Shocker","5","Large","Beast","","Formicans","Unaligned","forest, mountain","18","68","2","","","","Monsters of the Guild: 64"
"","motg.formican-soldier","Formican Soldier","4","Large","Beast","","Formicans","Unaligned","forest, mountain","17","68","4","","","","Monsters of the Guild: 64"
"","motg.formican-worker","Formican Worker","2","Large","Beast","","Formicans","Unaligned","forest, mountain","17","52","2","","","","Monsters of the Guild: 65"
"","motg.frabulungbiog-avatar-of-neugmiros","Frabulungbiog, Avatar of Neugmiros","6","Medium","Fey","","","Neutral Evil","","16","86","6","","","","Monsters of the Guild: 66"
"","motg.ghour","Ghour","15","Huge","Fiend","Demon","Baphomet's Minions","Chaotic Evil","","14","241","-1","","","","Monsters of the Guild: 18"
"","motg.giant-mimic","Giant Mimic","3","Large","Monstrosity","","","Unaligned","urban","14","78","3","","","","Monsters of the Guild: 68"
"","motg.grave-weird","Grave Weird","6","Large","Elemental","","","Chaotic evil","urban","11","59","1","","","","Monsters of the Guild: 69"
"","motg.great-ghul","Great Ghul","10","Large","Undead","","","Neutral Evil","underground, urban","17","184","2","","","","Monsters of the Guild: 71"
"","motg.great-ghul-sorcerer","Great Ghul Sorcerer","11","Large","Undead","","","Neutral Evil","","17","229","2","","","","Monsters of the Guild: 71"
"","motg.greater-habilis-ooze","Greater Habilis Ooze","7","Large","Ooze","","Oozes","Unaligned","underground, urban","7","102","-3","","","","Monsters of the Guild: 104"
"","motg.gulabus","Gulabus","5","Medium","Fiend","Demon","","Chaotic evil","urban","15","82","0","","","","Monsters of the Guild: 72"
"","motg.habilis-ooze","Habilis Ooze","4","Medium","Ooze","","Oozes","Unaligned","underground, urban","7","75","-3","","","","Monsters of the Guild: 104"
"","motg.hood","Hood","6","Tiny","Undead","","","Unaligned","mountain, urban","18","27","3","","","","Monsters of the Guild: 138"
"","motg.hound-archon","Hound Archon","5","Medium","Celestial","","","Lawful Good","","15","75","2","","","","Monsters of the Guild: 73"
"","motg.hypnoboa","Hypnoboa","3","Large","Beast","","","Unaligned","forest, swamp","12","60","2","","","","Monsters of the Guild: 74"
"","motg.ice-elemental","Ice Elemental","5","Large","Elemental","","Elemental","Neutral","arctic","13","90","-1","","","","Monsters of the Guild: 56"
"","motg.ice-spider","Ice Spider","3","Medium","Monstrosity","","Dokufu","Unaligned","arctic, mountain","14","22","4","","","","Monsters of the Guild: 45"
"","motg.infernal-obelisk","Infernal Obelisk","11","Large","Fiend","","","Lawful Evil","","20","127","3","","","","Monsters of the Guild: 76"
"","motg.jungle-walker","Jungle Walker","8","Large","Aberration","","","Unaligned","forest","18","135","2","","legendary","","Monsters of the Guild: 77"
"","motg.kenning","Kenning","1","Medium","Fey","","","Chaotic evil","","13","30","3","","","","Monsters of the Guild: 78"
"","motg.kobold-air-cavalry","Kobold Air Cavalry","2","Small","Humanoid","Half green dragon winged kobold","Kobolds","Lawful Evil","arctic, coast, desert, forest, mountain, swamp, grassland, underground, urban","16","44","4","","","","Monsters of the Guild: 79"
"","motg.kobold-commando","Kobold Commando","1","Small","Humanoid","Kobold","Kobolds","Lawful Evil","arctic, coast, desert, forest, mountain, swamp, grassland, underground, urban","14","18","3","","","","Monsters of the Guild: 80"
"","motg.kobold-hunting-drake","Kobold Hunting Drake","3","Medium","Dragon","","Kobolds","Unaligned","arctic, coast, desert, forest, mountain, swamp, grassland, underground, urban","16","75","2","","","","Monsters of the Guild: 81"
"","motg.kobold-poison-fanatic","Kobold Poison Fanatic","1","Small","Humanoid","","Kobolds","Lawful Evil","arctic, coast, desert, forest, mountain, swamp, grassland, underground, urban","13","33","2","","","","Monsters of the Guild: 82"
"","motg.kobold-riding-drake","Kobold Riding Drake","1","Medium","Dragon","","Kobolds","Unaligned","arctic, coast, desert, forest, mountain, swamp, grassland, underground, urban","15","39","3","","","","Monsters of the Guild: 81"
"","motg.lindworm","Lindworm","11","Large","Dragon","","","Unaligned","mountain, swamp, grassland","18","152","1","","","","Monsters of the Guild: 83"
"","motg.lizardfolk-hulk","Lizardfolk Hulk","3","Large","Humanoid","Lizardfolk","","neutral","forest, swamp","13","59","-1","","","","Monsters of the Guild: 84"
"","motg.manski","Manski","1/2","Small","Beast","","","Unaligned","urban","16","2","3","","","","Monsters of the Guild: 85"
"","motg.mardak-orog-spirit-shaman","Mardak Orog Spirit Shaman","5","Medium","Humanoid","Orog","","chaotic evil","arctic, grassland, mountain, forest, grassland, underground","18","65","2","","","","Monsters of the Guild: 86"
"","motg.maurezhi","Maurezhi","11","Medium","Fiend","Demon","","chaotic evil","","17","51","2","","","","Monsters of the Guild: 87"
"","motg.merrshaulk","Merrshaulk","26","Huge","Fiend","Demon","","chaotic evil","","18","496","3","","legendary","","Monsters of the Guild: 88"
"","motg.mind-flayer-cenomorph","Mind Flayer Cenomorph","3","Medium","Aberration","","Mind Flayers","lawful evil","underground","11","36","1","","","","Monsters of the Guild: 91"
"","motg.mind-flayer-tadpole","Mind Flayer Tadpole","0","Tiny","Aberration","","Mind Flayers","lawful evil","underground","11","2","1","","","","Monsters of the Guild: 91"
"","motg.necrosphinx","Necrosphinx","20","Large","Undead","","","Lawful evil","desert","20","331","0","","legendary","","Monsters of the Guild: 94"
"","motg.netherchild","Netherchild","1","Small","Fiend","","Netherchildren","chaotic evil","urban","15","9","3","","","","Monsters of the Guild: 95"
"","motg.netherchild-forsaken","Netherchild Forsaken","3","Small","Fiend","","Netherchildren","Chaotic Evil","urban","16","33","3","","","","Monsters of the Guild: 96"
"","motg.niddhog","Niddhog","7","Huge","Monstrosity","","","Chaotic Evil","grassland, forest, grassland","18","138","0","","","","Monsters of the Guild: 97"
"","motg.nyth","Nyth","4","Small","Elemental","","","Chaotic Evil","","19","36","4","","","","Monsters of the Guild: 98"
"","motg.octogoth","Octogoth","3","Large","Aberration","","","Chaotic Evil","coast, aquatic","11","91","3","","","","Monsters of the Guild: 99"
"","motg.ooze-dragon","Ooze Dragon","20","Huge","Dragon","Ooze","Dragons","Unaligned","","18","172","0","","legendary","","Monsters of the Guild: 47"
"","motg.pantherfolk","Pantherfolk","4","Medium","Humanoid","Shapechanger, pantherfolk","","Lawful evil","urban","16","59","3","","","","Monsters of the Guild: 106"
"","motg.pech","Pech","1/2","Small","Humanoid","Pech","","Neutral Good","mountain, grassland, underground","15","19","1","","","","Monsters of the Guild: 108"
"","motg.porcelain-doll-swarm","Porcelain Doll Swarm","3","Small","Construct","","","Chaotic Evil","","15","75","3","","","","Monsters of the Guild: 109"
"","motg.potato-sack-man","Potato Sack Man","4","Medium","Fey","","","Lawful Evil","","14","82","2","lair","legendary","","Monsters of the Guild: 111"
"","motg.pulper","Pulper","1/2","Small","Undead","","","Chaotic Evil","urban","11","39","0","","","","Monsters of the Guild: 114"
"","motg.rainbringer","Rainbringer","6","Medium","Fey","","","Lawful Evil","mountain","13","40","3","","","","Monsters of the Guild: 115"
"","motg.ramathep","Ramathep","8","Large","Aberration","","","Neutral Evil","desert, underground","15","135","1","","","","Monsters of the Guild: 116"
"","motg.relentless-colossus","Relentless Colossus","13","Huge","Construct","","Relentless Constructs","Unaligned","","19","238","2","","","","Monsters of the Guild: 119"
"","motg.relentless-squire","Relentless Squire","1","Small","Construct","","Relentless Constructs","Unaligned","","15","21","3","","","","Monsters of the Guild: 119"
"","motg.scarecrow-crow-master","Scarecrow - Crow Master","2","Medium","Construct","","","Chaotic Evil","grassland","12","45","2","","","","Monsters of the Guild: 120"
"","motg.shadokar","Shadokar","9","Huge","Undead","","","Chaotic Evil","swamp, underground","16","113","2","","","","Monsters of the Guild: 122"
"","motg.shadow-snake","Shadow Snake","2","Large","Monstrosity","","","Lawful Evil","forest, swamp","12","60","4","","","","Monsters of the Guild: 123"
"","motg.shaitan","Shaitan","4","Medium","Fey","","","Chaotic Evil","desert","15","90","2","lair","","","Monsters of the Guild: 125"
"","motg.song-of-the-sea","Song of the Sea","11","Gargantuan","Elemental","","","Chaotic Neutral","coast, aquatic","16","178","2","","","","Monsters of the Guild: 127"
"","motg.soul-homunculus","Soul Homunculus","1/2","Tiny","Construct","","","Lawful Evil","","13","7","1","","","","Monsters of the Guild: 128"
"","motg.storm-hound","Storm Hound","2","Medium","Elemental","","","Lawful Evil","","15","45","1","","","","Monsters of the Guild: 129"
"","motg.tangling-willow","Tangling Willow","3","Large","Plant","","","Unaligned","","12","67","3","","","","Monsters of the Guild: 130"
"","motg.tempest-beast","Tempest Beast","4","Large","Beast","","","Unaligned","coast","15","102","2","","","","Monsters of the Guild: 131"
"","motg.terracotta-general","Terracotta General","17","Medium","Construct","","Terracotta Warriors","Unaligned","","23","283","2","","legendary","","Monsters of the Guild: 133"
"","motg.terracotta-soldier","Terracotta Soldier","2","Medium","Construct","","Terracotta Warriors","Unaligned","","21","15","0","","","","Monsters of the Guild: 133"
"","motg.tomb-spider","Tomb Spider","3","Large","Beast","","Tomb Spider","Neutral Evil","forest, mountain, swamp, underground","14","52","3","","","","Monsters of the Guild: 139"
"","motg.tomb-spider-broodswarm","Tomb Spider Broodswarm","1/2","Medium","Beast","Swarm","Tomb Spider","Unaligned","forest, swamp, underground, mountain","12","22","1","","","","Monsters of the Guild: 140"
"","motg.troll-dog","Troll Dog","3","Large","Monstrosity","","","Chaotic Evil","arctic, mountain,swamp, grassland, underground","13","57","0","","","","Monsters of the Guild: 143"
"","motg.troll-slaughter-guard","Troll - Slaughter Guard","11","Large","Giant","","","Chaotic Evil","arctic, mountain, swamp, forest, grassland","17","157","2","","","","Monsters of the Guild: 142"
"","motg.tu-gok","Tu' Gok","11","Huge","Beast","","","Unaligned","grassland, forest","15","172","0","","","","Monsters of the Guild: 144"
"","motg.tyrannosaurus-chamaeleonidae","Tyrannosaurus Chamaeleonidae","8","Huge","Beast","","","Unaligned","grassland, forest","13","136","0","","","","Monsters of the Guild: 145"
"","motg.utility-drone","Utility Drone","1/4","Tiny","Construct","","","Neutral","","14","10","1","","","","Monsters of the Guild: 147"
"","motg.vildrat","Vildrat","1","Large","Monstrosity","","","Chaotic Evil","urban","14","55","3","","","","Monsters of the Guild: 148"
"","motg.vomit-spawn","Vomit Spawn","1/2","Large","Ooze","","Oozes","Unaligned","urban","8","22","-2","","","","Monsters of the Guild: 105"
"","motg.web-mummy","Web Mummy","1/2","Medium","Undead","","Tomb Spider","Neutral Evil","forest, mountain,swamp, underground","8","22","-2","","","","Monsters of the Guild: 140"
"","motg.wee-wicked-potato-man","Wee Wicked Potato Man","1/2","Tiny","Plant","","","Chaotic Evil","","12","10","2","","","","Monsters of the Guild: 113"
"","motg.werebadger","Werebadger","7","Medium","Humanoid","Human, Shapechanger","","Neutral Evil","forest","13","104","3","","","","Monsters of the Guild: 149"
"","motg.werefox","Werefox","2","Medium","Humanoid","Human, Shapechanger","","Neutral Evil","forest, urban","12","33","14","","","","Monsters of the Guild: 150"
"","motg.werespider","Werespider","5","Medium","Humanoid","Human, Shapechanger","","Neutral Evil","underground","14","71","4","","","","Monsters of the Guild: 151"
"","motg.yantra","Yantra","3","Medium","Construct","","","Unaligned","","14","39","2","","","","Monsters of the Guild: 152"
"","motg.young-crystal-dragon","Young Crystal Dragon","6","Large","Dragon","","Dragons","Chaotic Neutral","arctic, mountain","17","123","0","","","","Monsters of the Guild: 50"
"","ndmt2.adorable-flufflet-and-devious-gremlin","Adorable Flufflet And Devious Gremlin","1/2","Tiny","Fiend","Devil","","chaotic evil","","13","7","3","","","","Nerzugal's Dungeon Master Toolkit 2: 162"
"","ndmt2.aetherspawn","Aetherspawn","1","Medium","Elemental","","Aetherspawn","unaligned","dungeon, ruins, planar","14","26","2","","","","Nerzugal's Dungeon Master Toolkit 2: 164"
"","ndmt2.aetherspawn-paragon","Aetherspawn Paragon","5","Medium","Elemental","","Aetherspawn","unaligned","dungeon, ruins, planar","15","91","4","","","","Nerzugal's Dungeon Master Toolkit 2: 167"
"","ndmt2.aetherspawn-rift-walker","Aetherspawn Rift Walker","3","Medium","Elemental","","Aetherspawn","unaligned","dungeon, ruins, planar","15","65","3","","","","Nerzugal's Dungeon Master Toolkit 2: 166"
"","ndmt2.aetherspawn-spellblade","Aetherspawn Spellblade","2","Medium","Elemental","","Aetherspawn","unaligned","dungeon, ruins, planar","14","45","3","","","","Nerzugal's Dungeon Master Toolkit 2: 165"
"","ndmt2.apprentice-shifter","Apprentice Shifter","1","Medium","Humanoid","Any Race","NPCs","any","arctic,cave,coast,desert,forest,grassland,mountain,planar,ruins,swamp,urban","13","22","2","","","","Nerzugal's Dungeon Master Toolkit 2: 248"
"","ndmt2.aspect-of-hatred","Aspect of Hatred","4","Large","Construct","","Aspects of Emotion","chaotic evil","dungeon, ruins, urban","17","85","0","","","","Nerzugal's Dungeon Master Toolkit 2: 184"
"","ndmt2.aspect-of-sorrow","Aspect of Sorrow","4","Large","Construct","","Aspects of Emotion","chaotic evil","dungeon, ruins, urban","17","66","0","","","","Nerzugal's Dungeon Master Toolkit 2: 184"
"","ndmt2.blade-dancer","Blade Dancer","5","Medium","Humanoid","Any Race","Multiclass NPCs","any","arctic,cave,coast,desert,forest,grassland,mountain,planar,ruins,swamp,urban","17","81","4","","","","Nerzugal's Dungeon Master Toolkit 2: 261"
"","ndmt2.bloodwing-seraph","Bloodwing Seraph","11","Medium","Celestial","","Angels, Corrupted","chaotic evil","planar","17","153","5","","","","Nerzugal's Dungeon Master Toolkit 2: 177"
"","ndmt2.blooming-badger","Blooming Badger","1/4","Tiny","Beast","","Floral Creatures","unaligned","forest, grassland, ruins","11","7","1","","","","Nerzugal's Dungeon Master Toolkit 2: 197"
"","ndmt2.boisterous-musician","Boisterous Musician","3","Medium","Humanoid","Any Race","NPCs","any","arctic,cave,coast,desert,forest,grassland,mountain,planar,ruins,swamp,urban","14","65","2","","","","Nerzugal's Dungeon Master Toolkit 2: 246"
"","ndmt2.bringer-of-sin","Bringer of Sin","12","Medium","Celestial","","Angels, Corrupted","chaotic evil","planar","18","142","5","","","","Nerzugal's Dungeon Master Toolkit 2: 179"
"","ndmt2.capricious-fireweaver","Capricious Fireweaver","1","Medium","Humanoid","Any Race","NPCs","any","arctic,cave,coast,desert,forest,grassland,mountain,planar,ruins,swamp,urban","12","22","2","","","","Nerzugal's Dungeon Master Toolkit 2: 254"
"","ndmt2.chaos-blade","Chaos Blade","5","Medium","Humanoid","Any Race","Multiclass NPCs","any","arctic,cave,coast,desert,forest,grassland,mountain,planar,ruins,swamp,urban","17","73","3","","","","Nerzugal's Dungeon Master Toolkit 2: 265"
"","ndmt2.cloaked-traveler","Cloaked Traveler","3","Medium","Humanoid","Any Race","NPCs","any","arctic,cave,coast,desert,forest,grassland,mountain,planar,ruins,swamp,urban","16","55","3","","","","Nerzugal's Dungeon Master Toolkit 2: 250"
"","ndmt2.conflux-elemental","Conflux Elemental","11","Huge","Elemental","","Conflux Elemental","unaligned","dungeon, ruins, planar","16","157","2","","legendary","","Nerzugal's Dungeon Master Toolkit 2: 187"
"","ndmt2.corlapis","Corlapis","2","Medium","Elemental","","Corlapis","lawful neutral","dungeon, ruins, planar","16","45","0","","","","Nerzugal's Dungeon Master Toolkit 2: 191"
"","ndmt2.corlapis-architect","Corlapis Architect","4","Medium","Elemental","","Corlapis","lawful neutral","dungeon, ruins, planar","16","75","0","","","","Nerzugal's Dungeon Master Toolkit 2: 192"
"","ndmt2.corlapis-earth-shaker","Corlapis Earth Shaker","3","Medium","Elemental","","Corlapis","lawful neutral","dungeon, ruins, planar","18","60","0","","","","Nerzugal's Dungeon Master Toolkit 2: 192"
"","ndmt2.corlapis-overlord","Corlapis Overlord","7","Medium","Elemental","","Corlapis","lawful neutral","dungeon, ruins, planar","17","136","1","","legendary","","Nerzugal's Dungeon Master Toolkit 2: 193"
"","ndmt2.corrupted-guardian","Corrupted Guardian","9","Medium","Celestial","","Angels, Corrupted","chaotic evil","planar","19","119","2","","","","Nerzugal's Dungeon Master Toolkit 2: 176"
"","ndmt2.cunning-acrobat","Cunning Acrobat","1","Medium","Humanoid","Any Race","NPCs","any","arctic,cave,coast,desert,forest,grassland,mountain,planar,ruins,swamp,urban","15","22","3","","","","Nerzugal's Dungeon Master Toolkit 2: 253"
"","ndmt2.deep-speaker","Deep Speaker","3","Medium","Humanoid","Any Race","NPCs","any","arctic,cave,coast,desert,forest,grassland,mountain,planar,ruins,swamp,urban","12","58","2","","","","Nerzugal's Dungeon Master Toolkit 2: 255"
"","ndmt2.devious-virtuoso","Devious Virtuoso","5","Medium","Humanoid","Any Race","Multiclass NPCs","any","arctic,cave,coast,desert,forest,grassland,mountain,planar,ruins,swamp,urban","17","77","4","","","","Nerzugal's Dungeon Master Toolkit 2: 258"
"","ndmt2.dire-wolf-armored","Dire Wolf, Armored","2","Large","Beast","","","unaligned","arctic, coast, desert, dungeon, forest, grassland, mountain, ruins, swamp, urban","17","52","2","","","","Nerzugal's Dungeon Master Toolkit 2: 194"
"","ndmt2.disfigured-disciple","Disfigured Disciple","2","Medium","Aberration","","Horrors","chaotic evil","arctic, cave, coast, desert, dungeon, forest, grassland, mountain, ruins, swamp, underground, urban","14","39","0","","","","Nerzugal's Dungeon Master Toolkit 2: 211"
"","ndmt2.disgraced-sentinel","Disgraced Sentinel","8","Medium","Celestial","","Angels, Corrupted","chaotic evil","planar","15","120","5","","","","Nerzugal's Dungeon Master Toolkit 2: 175"
"","ndmt2.divine-stalker","Divine Stalker","5","Medium","Humanoid","Any Race","Multiclass NPCs","any","arctic,cave,coast,desert,forest,grassland,mountain,planar,ruins,swamp,urban","16","81","4","","","","Nerzugal's Dungeon Master Toolkit 2: 264"
"","ndmt2.elder-conflux-elemental","Elder Conflux Elemental","20","Gargantuan","Elemental","","Conflux Elemental","unaligned","dungeon, ruins, planar","19","313","3","","legendary","unique","Nerzugal's Dungeon Master Toolkit 2: 188"
"","ndmt2.elegant-sparkmage","Elegant Sparkmage","1","Medium","Humanoid","Any Race","NPCs","any","arctic,cave,coast,desert,forest,grassland,mountain,planar,ruins,swamp,urban","11","14","1","","","","Nerzugal's Dungeon Master Toolkit 2: 256"
"","ndmt2.elemental-shaper","Elemental Shaper","5","Medium","Humanoid","Any Race","Multiclass NPCs","any","arctic,cave,coast,desert,forest,grassland,mountain,planar,ruins,swamp,urban","16","74","4","","","","Nerzugal's Dungeon Master Toolkit 2: 262"
"","ndmt2.faceless-zealot","Faceless Zealot","1/2","Medium","Aberration","","Horrors","chaotic evil","arctic, cave, coast, desert, dungeon, forest, grassland, mountain, ruins, swamp, underground, urban","12","16","2","","","","Nerzugal's Dungeon Master Toolkit 2: 210"
"","ndmt2.fey-speaker","Fey Speaker","1","Medium","Humanoid","Any Race","NPCs","any","arctic,cave,coast,desert,forest,grassland,mountain,planar,ruins,swamp,urban","11","26","1","","","","Nerzugal's Dungeon Master Toolkit 2: 255"
"","ndmt2.feyblade-paladin","Feyblade Paladin","5","Medium","Humanoid","Any Race","Multiclass NPCs","any","arctic,cave,coast,desert,forest,grassland,mountain,planar,ruins,swamp,urban","20","86","-1","","","","Nerzugal's Dungeon Master Toolkit 2: 263"
"","ndmt2.fiend-slayer","Fiend Slayer","1","Medium","Humanoid","Any Race","NPCs","any","arctic,cave,coast,desert,forest,grassland,mountain,planar,ruins,swamp,urban","18","26","-1","","","","Nerzugal's Dungeon Master Toolkit 2: 251"
"","ndmt2.fireheart-devotee","Fireheart Devotee","3","Medium","Humanoid","Any Race","NPCs","any","arctic,cave,coast,desert,forest,grassland,mountain,planar,ruins,swamp,urban","18","55","0","","","","Nerzugal's Dungeon Master Toolkit 2: 247"
"","ndmt2.flameblade-crusader","Flameblade Crusader","5","Medium","Humanoid","Any Race","Multiclass NPCs","any","arctic,cave,coast,desert,forest,grassland,mountain,planar,ruins,swamp,urban","17","62","0","","","","Nerzugal's Dungeon Master Toolkit 2: 266"
"","ndmt2.fortress-rhino","Fortress Rhino","12","Huge","Beast","","","unaligned","arctic, coast, desert, forest, grassland, mountain, swamp, urban","16","210","-2","","","","Nerzugal's Dungeon Master Toolkit 2: 202"
"","ndmt2.fungal-titan","Fungal Titan","10","Huge","Plant","","Floral Creatures","unaligned","cave, dungeon, forest, ruins, swamp","18","200","-1","","","","Nerzugal's Dungeon Master Toolkit 2: 200"
"","ndmt2.furious-zealot","Furious Zealot","5","Medium","Humanoid","Any Race","Multiclass NPCs","any","arctic,cave,coast,desert,forest,grassland,mountain,planar,ruins,swamp,urban","15","81","0","","","","Nerzugal's Dungeon Master Toolkit 2: 259"
"","ndmt2.giant-tiki-ant","Giant Tiki Ant","1","Small","Beast","","","unaligned","coast, desert, dungeon, forest, grassland, mountain, ruins, swamp","18","76","1","","","","Nerzugal's Dungeon Master Toolkit 2: 205"
"","ndmt2.goblin-brute","Goblin Brute","2","Small","Humanoid","Goblinoid","Goblins","neutral evil","aquatic, arctic, cave, coast, desert, dungeon, forest, grassland, mountain, ruins, swamp, underground, urban","11","55","1","","","","Nerzugal's Dungeon Master Toolkit 2: 206"
"","ndmt2.greater-aspect-of-hatred","Greater Aspect of Hatred","6","Large","Construct","","Aspects of Emotion","chaotic evil","dungeon, ruins, urban","17","123","0","","","","Nerzugal's Dungeon Master Toolkit 2: 185"
"","ndmt2.greater-aspect-of-sorrow","Greater Aspect of Sorrow","6","Large","Construct","","Aspects of Emotion","chaotic evil","dungeon, ruins, urban","17","95","0","","","","Nerzugal's Dungeon Master Toolkit 2: 185"
"","ndmt2.grotesque-leech","Grotesque Leech","2","Large","Monstrosity","","","neutral evil","cave, swamp","15","60","2","","","","Nerzugal's Dungeon Master Toolkit 2: 207"
"","ndmt2.haloed-reaper","Haloed Reaper","13","Large","Celestial","","Angels, Corrupted","chaotic evil","planar","18","178","4","","","","Nerzugal's Dungeon Master Toolkit 2: 180"
"","ndmt2.haunted-tome","Haunted Tome","1/4","Tiny","Construct","","","chaotic evil","dungeon, ruins, urban","11","5","1","","","","Nerzugal's Dungeon Master Toolkit 2: 208"
"","ndmt2.headstrong-smasher","Headstrong Smasher","1","Medium","Humanoid","Any Race","NPCs","any","arctic,cave,coast,desert,forest,grassland,mountain,planar,ruins,swamp,urban","13","26","1","","","","Nerzugal's Dungeon Master Toolkit 2: 245"
"","ndmt2.heir-of-the-forest","Heir of the Forest","3","Medium","Humanoid","Any Race","NPCs","any","arctic,cave,coast,desert,forest,grassland,mountain,planar,ruins,swamp,urban","14","52","3","","","","Nerzugal's Dungeon Master Toolkit 2: 248"
"","ndmt2.infernal-enforcer","Infernal Enforcer","5","Medium","Humanoid","Any Race","Multiclass NPCs","any","arctic,cave,coast,desert,forest,grassland,mountain,planar,ruins,swamp,urban","15","78","3","","","","Nerzugal's Dungeon Master Toolkit 2: 265"
"","ndmt2.labyrinth-crawler","Labyrinth Crawler","1","Medium","Monstrosity","","Minotaurs","chaotic evil","cave, dungeon, ruins, underground","13","37","1","","","","Nerzugal's Dungeon Master Toolkit 2: 216"
"","ndmt2.local-champion","Local Champion","1","Medium","Humanoid","Any Race","NPCs","any","arctic,cave,coast,desert,forest,grassland,mountain,planar,ruins,swamp,urban","16","30","0","","","","Nerzugal's Dungeon Master Toolkit 2: 249"
"","ndmt2.mage-hunter","Mage Hunter","3","Medium","Humanoid","Any Race","NPCs","any","arctic,cave,coast,desert,forest,grassland,mountain,planar,ruins,swamp,urban","17","52","-1","","","","Nerzugal's Dungeon Master Toolkit 2: 251"
"","ndmt2.minotaur-rampager","Minotaur Rampager","5","Large","Monstrosity","","Minotaurs","chaotic evil","cave, dungeon, ruins, underground","15","114","0","","","","Nerzugal's Dungeon Master Toolkit 2: 218"
"","ndmt2.minotaur-shaman","Minotaur Shaman","3","Large","Monstrosity","","Minotaurs","chaotic evil","cave, dungeon, ruins, underground","13","60","0","","","","Nerzugal's Dungeon Master Toolkit 2: 217"
"","ndmt2.minotaur-totem-warrior","Minotaur Totem Warrior","4","Large","Monstrosity","","Minotaurs","chaotic evil","cave, dungeon, ruins, underground","15","85","0","","","","Nerzugal's Dungeon Master Toolkit 2: 217"
"","ndmt2.morphing-knave","Morphing Knave","5","Medium","Humanoid","Any Race","Multiclass NPCs","any","arctic,cave,coast,desert,forest,grassland,mountain,planar,ruins,swamp,urban","15","66","4","","","","Nerzugal's Dungeon Master Toolkit 2: 264"
"","ndmt2.moss-mammoth","Moss Mammoth","8","Huge","Beast","","Floral Creatures","unaligned","forest, grassland","15","138","-1","","","","Nerzugal's Dungeon Master Toolkit 2: 199"
"","ndmt2.mushroom-moose","Mushroom Moose","2","Large","Beast","","Floral Creatures","unaligned","forest, grassland, ruins","15","37","1","","","","Nerzugal's Dungeon Master Toolkit 2: 198"
"","ndmt2.oracle-of-distortion","Oracle of Distortion","5","Medium","Aberration","","Horrors","chaotic evil","arctic, cave, coast, desert, dungeon, forest, grassland, mountain, ruins, swamp, underground, urban","13","66","3","","","","Nerzugal's Dungeon Master Toolkit 2: 213"
"","ndmt2.outlaw-commander","Outlaw Commander","4","Medium","Humanoid","Any Race","Outlaws","non-lawful","arctic,coast,desert,forest,grassland,mountain,ruins,urban","17","98","1","","","","Nerzugal's Dungeon Master Toolkit 2: 220"
"","ndmt2.outlaw-warlord","Outlaw Warlord","6","Medium","Humanoid","Any Race","Outlaws","non-lawful","arctic,coast,desert,forest,grassland,mountain,ruins,urban","20","108","0","","","","Nerzugal's Dungeon Master Toolkit 2: 221"
"","ndmt2.paper-knight","Paper Knight","1/8","Tiny","Construct","","Paper Warriors","unaligned","dungeon, ruins, urban","13","4","3","","","","Nerzugal's Dungeon Master Toolkit 2: 223"
"","ndmt2.paper-mage","Paper Mage","1/2","Tiny","Construct","","Paper Warriors","unaligned","dungeon, ruins, urban","13","12","3","","","","Nerzugal's Dungeon Master Toolkit 2: 224"
"","ndmt2.paper-ranger","Paper Ranger","1/4","Tiny","Construct","","Paper Warriors","unaligned","dungeon, ruins, urban","14","6","4","","","","Nerzugal's Dungeon Master Toolkit 2: 223"
"","ndmt2.phoenix-adult","Phoenix, Adult","6","Large","Elemental","","Phoenix","lawful good","coast,desert,forest,grassland,mountain,urban","15","105","5","","","","Nerzugal's Dungeon Master Toolkit 2: 226"
"","ndmt2.phoenix-hatchling","Phoenix, Hatchling","1","Small","Elemental","","Phoenix","lawful good","coast,desert,forest,grassland,mountain,urban","13","27","2","","","","Nerzugal's Dungeon Master Toolkit 2: 226"
"","ndmt2.pitiful-goblin","Pitiful Goblin","1/8","Small","Humanoid","Goblinoid","Goblins","neutral evil","aquatic, arctic, cave, coast, desert, dungeon, forest, grassland, mountain, ruins, swamp, underground, urban","13","7","2","","","","Nerzugal's Dungeon Master Toolkit 2: 206"
"","ndmt2.primeval-strix","Primeval Strix","6","Large","Monstrosity","","","chaotic evil","coast,desert,forest,grassland,mountain,urban","14","105","4","","","","Nerzugal's Dungeon Master Toolkit 2: 228"
"","ndmt2.primordial-archer","Primordial Archer","4","Medium","Humanoid","Any Race","Ancient Tribal Warriors","neutral evil","forest, grassland, mountain, swamp","15","77","4","","","","Nerzugal's Dungeon Master Toolkit 2: 170"
"","ndmt2.rasa","Rasa","1/2","Medium","Humanoid","Rasa","Rasa","any evil","arctic,coast,desert,forest,grassland,mountain,ruins,urban","13","16","2","","","","Nerzugal's Dungeon Master Toolkit 2: 230"
"","ndmt2.rasa-alley-stalker","Rasa Alley Stalker","1","Medium","Humanoid","Rasa","Rasa","any evil","arctic,coast,desert,forest,grassland,mountain,ruins,urban","14","27","3","","","","Nerzugal's Dungeon Master Toolkit 2: 231"
"","ndmt2.rasa-cutthroat","Rasa Cutthroat","2","Medium","Humanoid","Rasa","Rasa","any evil","arctic,coast,desert,forest,grassland,mountain,ruins,urban","15","52","3","","","","Nerzugal's Dungeon Master Toolkit 2: 232"
"","ndmt2.rasa-mastermind","Rasa Mastermind","4","Medium","Humanoid","Rasa","Rasa","any evil","arctic,coast,desert,forest,grassland,mountain,ruins,urban","16","91","4","","","","Nerzugal's Dungeon Master Toolkit 2: 233"
"","ndmt2.rock-worm","Rock Worm","3","Huge","Monstrosity","","","unaligned","cave, dungeon, underground","16","80","0","","","","Nerzugal's Dungeon Master Toolkit 2: 234"
"","ndmt2.roving-ruffian","Roving Ruffian","5","Medium","Humanoid","Any Race","Multiclass NPCs","any","arctic,cave,coast,desert,forest,grassland,mountain,planar,ruins,swamp,urban","18","92","3","","","","Nerzugal's Dungeon Master Toolkit 2: 257"
"","ndmt2.rugged-marksman","Rugged Marksman","1","Medium","Humanoid","Any Race","NPCs","any","arctic,cave,coast,desert,forest,grassland,mountain,planar,ruins,swamp,urban","15","26","3","","","","Nerzugal's Dungeon Master Toolkit 2: 252"
"","ndmt2.runebound-dire-wolf","Runebound Dire Wolf","3","Large","Beast","","Runebound Creatures","chaotic evil","arctic,cave,coast,desert,forest,grassland,mountain,planar,ruins,swamp,urban","14","60","2","","","","Nerzugal's Dungeon Master Toolkit 2: 240"
"","ndmt2.runebound-giant","Runebound Giant","8","Huge","Giant","Any Race","Runebound Creatures","chaotic evil","arctic,cave,coast,desert,forest,grassland,mountain,planar,ruins,swamp,urban","13","130","-1","","","","Nerzugal's Dungeon Master Toolkit 2: 240"
"","ndmt2.runebound-orc","Runebound Orc","2","Medium","Humanoid","Orc","Runebound Creatures","chaotic evil","arctic,cave,coast,desert,forest,grassland,mountain,planar,ruins,swamp,urban","14","45","2","","","","Nerzugal's Dungeon Master Toolkit 2: 238"
"","ndmt2.runebound-soldier","Runebound Soldier","1","Medium","Humanoid","Any Race","Runebound Creatures","chaotic evil","arctic,cave,coast,desert,forest,grassland,mountain,planar,ruins,swamp,urban","16","22","1","","","","Nerzugal's Dungeon Master Toolkit 2: 238"
"","ndmt2.sly-songwrite","Sly Songwrite","1","Medium","Humanoid","Any Race","NPCs","any","arctic,cave,coast,desert,forest,grassland,mountain,planar,ruins,swamp,urban","14","24","2","","","","Nerzugal's Dungeon Master Toolkit 2: 246"
"","ndmt2.spirit-weaver","Spirit Weaver","5","Medium","Humanoid","Any Race","Ancient Tribal Warriors","neutral evil","forest, grassland, mountain, swamp","16","65","2","","","","Nerzugal's Dungeon Master Toolkit 2: 171"
"","ndmt2.squad-of-bandits","Squad of Bandits","1","Large","Humanoid","Any Race","Outlaws","non-lawful","arctic,coast,desert,forest,grassland,mountain,ruins,urban","11","33","0","","","","Nerzugal's Dungeon Master Toolkit 2: 219"
"","ndmt2.squad-of-thugs","Squad of Thugs","2","Large","Humanoid","Any Race","Outlaws","non-good","arctic,coast,desert,forest,grassland,mountain,ruins,urban","11","65","0","","","","Nerzugal's Dungeon Master Toolkit 2: 219"
"","ndmt2.stonefist-protector","Stonefist Protector","1","Medium","Humanoid","Any Race","NPCs","any","arctic,cave,coast,desert,forest,grassland,mountain,planar,ruins,swamp,urban","15","22","3","","","","Nerzugal's Dungeon Master Toolkit 2: 250"
"","ndmt2.sturdy-brute","Sturdy Brute","3","Medium","Humanoid","Any Race","NPCs","any","arctic,cave,coast,desert,forest,grassland,mountain,planar,ruins,swamp,urban","14","66","2","","","","Nerzugal's Dungeon Master Toolkit 2: 245"
"","ndmt2.sundrop-squirrel","Sundrop Squirrel","1/8","Tiny","Beast","","Floral Creatures","unaligned","forest, grassland, ruins","11","1","1","","","","Nerzugal's Dungeon Master Toolkit 2: 196"
"","ndmt2.swarm-of-temple-scarabs","Swarm of Temple Scarabs","2","Medium","Beast","","","chaotic evil","dungeon, ruins","13","36","3","","","","Nerzugal's Dungeon Master Toolkit 2: 241"
"","ndmt2.tactical-spellblade","Tactical Spellblade","3","Medium","Humanoid","Any Race","NPCs","any","arctic,cave,coast,desert,forest,grassland,mountain,planar,ruins,swamp,urban","19","60","0","","","","Nerzugal's Dungeon Master Toolkit 2: 249"
"","ndmt2.tavern-gambler","Tavern Gambler","3","Medium","Humanoid","Any Race","NPCs","any","arctic,cave,coast,desert,forest,grassland,mountain,planar,ruins,swamp,urban","15","55","3","","","","Nerzugal's Dungeon Master Toolkit 2: 253"
"","ndmt2.the-dread-bringer","The Dread Bringer","11","Large","Aberration","","Horrors","chaotic evil","arctic, cave, coast, desert, dungeon, forest, grassland, mountain, ruins, swamp, underground, urban","17","170","2","","legendary","unique","Nerzugal's Dungeon Master Toolkit 2: 214"
"","ndmt2.the-runespeaker","The Runespeaker","15","Medium","Humanoid","Any Race","","chaotic evil","arctic,cave,coast,desert,forest,grassland,mountain,planar,ruins,swamp,urban","18","209","2","","legendary","unique","Nerzugal's Dungeon Master Toolkit 2: 236"
"","ndmt2.tomb-guardian","Tomb Guardian","6","Medium","Construct","","","unaligned","dungeon, ruins","13","114","-1","lair","legendary","","Nerzugal's Dungeon Master Toolkit 2: 243"
"","ndmt2.tranquil-spellshield","Tranquil Spellshield","3","Medium","Humanoid","Any Race","NPCs","any","arctic,cave,coast,desert,forest,grassland,mountain,planar,ruins,swamp,urban","12","34","2","","","","Nerzugal's Dungeon Master Toolkit 2: 256"
"","ndmt2.tribal-soldier","Tribal Soldier","1","Medium","Humanoid","Any Race","Ancient Tribal Warriors","neutral evil","forest, grassland, mountain, swamp","14","32","2","","","","Nerzugal's Dungeon Master Toolkit 2: 169"
"","ndmt2.tribal-tactician","Tribal Tactician","3","Medium","Humanoid","Any Race","Ancient Tribal Warriors","neutral evil","forest, grassland, mountain, swamp","14","60","2","","","","Nerzugal's Dungeon Master Toolkit 2: 170"
"","ndmt2.vengeful-archangel","Vengeful Archangel","18","Large","Celestial","","Angels, Corrupted","chaotic evil","planar","20","250","5","","legendary","","Nerzugal's Dungeon Master Toolkit 2: 181"
"","ndmt2.veteran-outlaw","Veteran Outlaw","3","Medium","Humanoid","Any Race","Outlaws","non-lawful","arctic,coast,desert,forest,grassland,mountain,ruins,urban","15","78","3","","","","Nerzugal's Dungeon Master Toolkit 2: 220"
"","ndmt2.vine-viper","Vine Viper","1/2","Tiny","Beast","","Floral Creatures","unaligned","forest, grassland, ruins","13","13","3","","","","Nerzugal's Dungeon Master Toolkit 2: 197"
"","ndmt2.virulent-sorcerer","Virulent Sorcerer","3","Medium","Humanoid","Any Race","NPCs","any","arctic,cave,coast,desert,forest,grassland,mountain,planar,ruins,swamp,urban","15","45","2","","","","Nerzugal's Dungeon Master Toolkit 2: 254"
"","ndmt2.warrior-priestess","Warrior Priestess","1","Medium","Humanoid","Any Race","NPCs","any","arctic,cave,coast,desert,forest,grassland,mountain,planar,ruins,swamp,urban","18","26","-1","","","","Nerzugal's Dungeon Master Toolkit 2: 247"
"","ndmt2.warrior-princess","Warrior Princess","7","Medium","Humanoid","Any Race","Ancient Tribal Warriors","neutral evil","forest, grassland, mountain, swamp","18","104","4","","","","Nerzugal's Dungeon Master Toolkit 2: 172"
"","ndmt2.windwalker","Windwalker","5","Medium","Humanoid","Any Race","Multiclass NPCs","any","arctic,cave,coast,desert,forest,grassland,mountain,planar,ruins,swamp,urban","13","74","2","","","","Nerzugal's Dungeon Master Toolkit 2: 260"
"","ndmt2.wolf-trainer","Wolf Trainer","3","Medium","Humanoid","Any Race","NPCs","any","arctic,cave,coast,desert,forest,grassland,mountain,planar,ruins,swamp,urban","16","58","3","","","","Nerzugal's Dungeon Master Toolkit 2: 252"
"","ndmt2.writhing-abomination","Writhing Abomination","3","Large","Aberration","","Horrors","chaotic evil","arctic, cave, coast, desert, dungeon, forest, grassland, mountain, ruins, swamp, underground, urban","12","60","0","","","","Nerzugal's Dungeon Master Toolkit 2: 212"
"","neb.abomination-from-the-deep","Abomination From The Deep","6","Medium","Aberration","","","chaotic evil","aquatic, coast, forest","15","120","2","","","unique","Nerzugal's Extended Bestiary: 1"
"","neb.alpha-war-eagle","Alpha War Eagle","9","Large","Beast","","","neutral good","mountain","15","120","5","","","unique","Nerzugal's Extended Bestiary: 9"
"","neb.ancient-fisherman","Ancient Fisherman","5","Medium","Humanoid","","","unaligned","aquatic, coast, urban","16","110","0","","","","Nerzugal's Extended Bestiary: 12"
"","neb.aquatic-strider","Aquatic Strider","2","Medium","Construct","","","unaligned","dungeon, ruins, urban","13","51","-1","","","","Nerzugal's Extended Bestiary: 13"
"","neb.arcane-entity","Arcane Entity","7","Large","Elemental","","","chaotic neutral","planar, ruins, urban","15","135","3","","","","Nerzugal's Extended Bestiary: 14"
"","neb.arcane-wyrm","Arcane Wyrm","1/2","Tiny","Elemental","","","unaligned","planar, ruins, urban","12","14","2","","","","Nerzugal's Extended Bestiary: 15"
"","neb.azer-berserker","Azer Berserker","3","Medium","Elemental","","Azer","lawful neutral","planar, underground","15","68","0","","","","Nerzugal's Extended Bestiary: 16"
"","neb.azer-guard-captain","Azer Guard Captain","4","Medium","Elemental","","Azer","lawful neutral","planar, underground","17","85","0","","","","Nerzugal's Extended Bestiary: 16"
"","neb.azer-lavashaper","Azer Lavashaper","2","Medium","Elemental","","Azer","lawful neutral","planar, underground","13","38","0","","","","Nerzugal's Extended Bestiary: 17"
"","neb.azer-magma-shaman","Azer Magma Shaman","3","Medium","Elemental","","Azer","lawful neutral","planar, underground","13","55","0","","","","Nerzugal's Extended Bestiary: 17"
"","neb.azer-prototype","Azer Prototype","1","Medium","Elemental","","Azer","lawful neutral","planar, underground","15","27","1","","","","Nerzugal's Extended Bestiary: 18"
"","neb.bullywug-brute","Bullywug Brute","1","Medium","Humanoid","Bullywug","Bullywugs","neutral evil","coast, swamp","12","30","0","","","","Nerzugal's Extended Bestiary: 20"
"","neb.bullywug-tortoise-knight","Bullywug Tortoise Knight","1/2","Medium","Humanoid","Bullywug","Bullywugs","neutral evil","coast, swamp","13","19","1","","","","Nerzugal's Extended Bestiary: 21"
"","neb.caustic-alchemist","Caustic Alchemist","2","Medium","Humanoid","Any Race","Alchemists","chaotic evil","dungeon, urban","13","52","3","","","","Nerzugal's Extended Bestiary: 3"
"","neb.cave-goblin","Cave Goblin","1/2","Small","Humanoid","Goblinoid","Goblins","neutral evil","cave, underground","16","14","2","","","","Nerzugal's Extended Bestiary: 49"
"","neb.centaur-marauder","Centaur Marauder","3","Large","Monstrosity","","Centaurs","neutral good","coast, desert, grassland","16","68","2","","","","Nerzugal's Extended Bestiary: 22"
"","neb.centaur-mystic","Centaur Mystic","2","Large","Monstrosity","","Centaurs","neutral good","coast, desert, grassland","12","39","2","","","","Nerzugal's Extended Bestiary: 23"
"","neb.centaur-scout","Centaur Scout","1","Large","Monstrosity","","Centaurs","neutral good","coast, desert, grassland","12","22","2","","","","Nerzugal's Extended Bestiary: 23"
"","neb.construct-alchemist","Construct Alchemist","7","Medium","Humanoid","Any Race","Alchemists","chaotic neutral","dungeon, urban","16","136","0","","legendary","unique","Nerzugal's Extended Bestiary: 3"
"","neb.crabstrosity","Crabstrosity","10","Gargantuan","Monstrosity","","","unaligned","aquatic, coast","15","186","0","","","unique","Nerzugal's Extended Bestiary: 24"
"","neb.cube-of-anomalies","Cube of Anomalies","8","Medium","Construct","","","unaligned","dungeon","16","133","0","","legendary","unique","Nerzugal's Extended Bestiary: 26"
"","neb.cursed-cat","Cursed Cat","1/8","Tiny","Beast","","","neutral evil","forest, swamp, urban","12","5","2","","","","Nerzugal's Extended Bestiary: 28"
"","neb.deadly-hunter","Deadly Hunter","5","Medium","Humanoid","","","unaligned","forest, urban","16","91","4","","","","Nerzugal's Extended Bestiary: 29"
"","neb.decaying-zoblin","Decaying Zoblin","1/8","Small","Undead","Goblinoid","Zombies and Zoblins","neutral evil","aquatic, arctic, cave, coast, desert, dungeon, forest, grassland, mountain, ruins, swamp, underground, urban","8","10","-3","","","","Nerzugal's Extended Bestiary: 95"
"","neb.demonblood-orc-berserker","Demonblood Orc Berserker","3","Medium","Humanoid","","Orcs","chaotic evil","arctic, coast, desert, dungeon, forest, grassland, mountain, ruins, swamp, urban","14","45","1","","","","Nerzugal's Extended Bestiary: 80"
"","neb.demonblood-orc-bloodcaster","Demonblood Orc Bloodcaster","4","Medium","Humanoid","","Orcs","chaotic evil","arctic, coast, desert, dungeon, forest, grassland, mountain, ruins, swamp, urban","11","67","1","","","","Nerzugal's Extended Bestiary: 81"
"","neb.demonblood-orc-hunter","Demonblood Orc Hunter","3","Medium","Humanoid","","Orcs","chaotic evil","arctic, coast, desert, dungeon, forest, grassland, mountain, ruins, swamp, urban","15","60","3","","","","Nerzugal's Extended Bestiary: 81"
"","neb.demonblood-orc-warrior","Demonblood Orc Warrior","4","Medium","Humanoid","","Orcs","chaotic evil","arctic, coast, desert, dungeon, forest, grassland, mountain, ruins, swamp, urban","18","76","1","","","","Nerzugal's Extended Bestiary: 82"
"","neb.dragon-knight","Dragon Knight","6","Medium","Humanoid","","","lawful good (50%) or lawful evil (50%)","desert, cave, coast, grassland, ruins, swamp, underground, urban","19","128","-1","","","","Nerzugal's Extended Bestiary: 33"
"","neb.dragons-blood-kobold","Dragon's Blood Kobold","1/2","Small","Humanoid","Kobold","Kobolds","lawful evil","cave, dungeon, mountain, underground","13","18","3","","","","Nerzugal's Extended Bestiary: 56"
"","neb.dragoon","Dragoon","3","Medium","Humanoid","Any Race","","lawful good","coast, forest, grassland, urban","15","60","2","","","","Nerzugal's Extended Bestiary: 34"
"","neb.elemental-defender","Elemental Defender","3","Large","Construct","","","unaligned","dungeon, ruins, planar, urban","16","65","-1","","","","Nerzugal's Extended Bestiary: 42"
"","neb.fan-dancer","Fan Dancer","5","Medium","Humanoid","","","unaligned","urban","15","91","4","","","","Nerzugal's Extended Bestiary: 43"
"","neb.feral-zombie","Feral Zombie","1/2","Small","Undead","","Zombies and Zoblins","neutral evil","aquatic, arctic, cave, coast, desert, dungeon, forest, grassland, mountain, ruins, swamp, underground, urban","12","22","2","","","","Nerzugal's Extended Bestiary: 97"
"","neb.festering-tick","Festering Tick","1/4","Tiny","Beast","","","unaligned","forest, swamp","10","13","0","","","","Nerzugal's Extended Bestiary: 44"
"","neb.flame-hydra","Flame Hydra","9","Huge","Monstrosity","","","neutral evil","cave, forest, grassland, urban","15","172","1","","","","Nerzugal's Extended Bestiary: 45"
"","neb.frost-alchemist","Frost Alchemist","2","Medium","Humanoid","Any Race","Alchemists","chaotic evil","dungeon, urban","16","45","1","","","","Nerzugal's Extended Bestiary: 5"
"","neb.giant-feymoth","Giant Feymoth","6","Large","Fey","","","neutral good","forest","16","112","2","","","","Nerzugal's Extended Bestiary: 46"
"","neb.giant-wasp","Giant Wasp","1/4","Small","Beast","","Giant Wasps","unaligned","forest, urban","12","14","2","","","","Nerzugal's Extended Bestiary: 47"
"","neb.glacial-raptor","Glacial Raptor","2","Medium","Undead","Beast","","neutral evil","arctic, dungeon","13","51","3","","","","Nerzugal's Extended Bestiary: 48"
"","neb.glass-infused-alchemist","Glass-Infused Alchemist","1","Medium","Humanoid","Any Race","Alchemists","chaotic evil","dungeon, urban","12","27","2","","","","Nerzugal's Extended Bestiary: 5"
"","neb.goblin-war-shaman","Goblin War Shaman","2","Small","Humanoid","Goblinoid","Goblins","neutral evil","cave, dungeon, forest, grassland, mountain, ruins, urban","12","31","2","","","","Nerzugal's Extended Bestiary: 49"
"","neb.gravigas","Gravigas","9","Large","Fiend","Demon","","chaotic evil","dungeon, planar","17","119","3","","","","Nerzugal's Extended Bestiary: 30"
"","neb.greater-glass-infused-alchemist","Greater Glass-Infused Alchemist","3","Medium","Humanoid","Any Race","Alchemists","chaotic evil","dungeon, urban","14","65","4","","","","Nerzugal's Extended Bestiary: 6"
"","neb.greater-iron-infused-alchemist","Greater Iron-Infused Alchemist","3","Medium","Humanoid","Any Race","Alchemists","chaotic evil","dungeon, urban","17","60","0","","","","Nerzugal's Extended Bestiary: 6"
"","neb.grim-puppeteer","Grim Puppeteer","6","Medium","Fiend","","","chaotic evil","urban","16","98","3","","","","Nerzugal's Extended Bestiary: 51"
"","neb.grinning-marionette","Grinning Marionette","1/4","Tiny","Construct","","","chaotic evil","urban","12","10","2","","","","Nerzugal's Extended Bestiary: 50"
"","neb.haste-devil","Haste Devil","5","Medium","Fiend","Devil","","chaotic evil","dungeon, planar","16","78","6","","","","Nerzugal's Extended Bestiary: 52"
"","neb.hellhound-alpha","Hellhound Alpha","4","Medium","Fiend","","Hellhounds","lawful evil","dungeon, planar, urban","15","75","1","","","","Nerzugal's Extended Bestiary: 53"
"","neb.herald-of-lightning","Herald of Lightning","9","Large","Celestial","","","chaotic good","planar","18","152","4","","","","Nerzugal's Extended Bestiary: 54"
"","neb.hive-queen","Hive Queen","3","Small","Beast","","Giant Wasps","unaligned","forest, urban","14","49","4","","","","Nerzugal's Extended Bestiary: 47"
"","neb.horde-of-zoblins","Horde of Zoblins","3","Large","Undead","","Zombies and Zoblins","neutral evil","aquatic, arctic, cave, coast, desert, dungeon, forest, grassland, mountain, ruins, swamp, underground, urban","9","66","-2","","","","Nerzugal's Extended Bestiary: 95"
"","neb.ice-elemental","Ice Elemental","5","Large","Elemental","","Elementals","unaligned","arctic, dungeon, planar","15","114","0","","","","Nerzugal's Extended Bestiary: 39"
"","neb.imbued-magma-mephit","Imbued Magma Mephit","2","Small","Elemental","","Mephits","neutral evil","cave, dungeon, mountain, planar, urban","12","34","2","","","","Nerzugal's Extended Bestiary: 65"
"","neb.imbued-steam-mephit","Imbued Steam Mephit","1","Small","Elemental","","Mephits","neutral evil","dungeon, planar, urban","12","28","2","","","","Nerzugal's Extended Bestiary: 65"
"","neb.iron-infused-alchemist","Iron-Infused Alchemist","1","Medium","Humanoid","Any Race","Alchemists","chaotic evil","dungeon, urban","15","27","0","","","","Nerzugal's Extended Bestiary: 7"
"","neb.kobold-dragon-shaman","Kobold Dragon Shaman","1","Small","Humanoid","Kobold","Kobolds","lawful evil","cave, dungeon, mountain, underground","11","17","1","","","","Nerzugal's Extended Bestiary: 56"
"","neb.leaf-sorcerer","Leaf Sorcerer","1/4","Tiny","Fey","","","chaotic good","forest","15","10","5","","","","Nerzugal's Extended Bestiary: 57"
"","neb.light-devourer","Light Devourer","4","Medium","Aberration","","","chaotic evil","cave, underground","16","60","3","","","","Nerzugal's Extended Bestiary: 58"
"","neb.living-temple","Living Temple","20","Gargantuan","Construct","","","lawful neutral","dungeon","19","333","-2","","legendary","unique","Nerzugal's Extended Bestiary: 59"
"","neb.lord-of-the-azer","Lord of the Azer","8","Medium","Elemental","","Azer","lawful evil","planar, underground","18","130","0","","legendary","unique","Nerzugal's Extended Bestiary: 18"
"","neb.magma-mephit-king","Magma Mephit King","4","Small","Elemental","","Mephits","neutral evil","cave, dungeon, mountain, planar, urban","13","65","3","","","","Nerzugal's Extended Bestiary: 66"
"","neb.maiden-of-ice","Maiden of Ice","9","Huge","Giant","","","neutral good","arctic, mountain, planar","16","175","3","","","","Nerzugal's Extended Bestiary: 62"
"","neb.mammoth-beetle","Mammoth Beetle","5","Huge","Beast","","","unaligned","cave, underground","20","116","-2","","","","Nerzugal's Extended Bestiary: 64"
"","neb.merfolk-hydromancer","Merfolk Hydromancer","9","Medium","Humanoid","Merfolk","","neutral good","aquatic, coast","15","91","2","","","","Nerzugal's Extended Bestiary: 68"
"","neb.molten-spider","Molten Spider","2","Medium","Beast","","","unaligned","mountain, dungeon, planar","12","45","2","","","","Nerzugal's Extended Bestiary: 69"
"","neb.monk-of-the-scattered-sands","Monk of the Scattered Sands","4","Medium","Humanoid","Any Race","","neutral good","desert, urban","16","65","3","","","","Nerzugal's Extended Bestiary: 70"
"","neb.mysterious-starcaller","Mysterious Starcaller","9","Medium","Celestial","","","chaotic neutral","planar","17","114","3","","","unique","Nerzugal's Extended Bestiary: 71"
"","neb.mystic-spellblade","Mystic Spellblade","5","Medium","Humanoid","Any Race","","lawful good (50%) or lawful evil (50%)","coast, forest, grassland, urban","16","105","0","","","","Nerzugal's Extended Bestiary: 73"
"","neb.necromancer","Necromancer","3","Medium","Humanoid","Any Race","","lawful evil","coast, desert, forest, grassland, urban","12","45","2","","","","Nerzugal's Extended Bestiary: 75"
"","neb.ninja","Ninja","1","Medium","Humanoid","Any Race","","lawful neutral","arctic, cave, coast, desert, dungeon, forest, grassland, mountain, ruins, swamp, underground, urban","14","22","3","","","","Nerzugal's Extended Bestiary: 76"
"","neb.noxious-savageclaw","Noxious Savageclaw","2","Medium","Aberration","","","chaotic evil","cave, dungeon, underground","16","39","1","","","","Nerzugal's Extended Bestiary: 77"
"","neb.obsidian-drake","Obsidian Drake","13","Huge","Dragon","","Drakes","chaotic evil","mountain, planar","18","207","1","","legendary","unique","Nerzugal's Extended Bestiary: 37"
"","neb.obsidian-golem","Obsidian Golem","7","Large","Construct","","","unaligned","dungeon, ruins, urban","18","142","-1","","","","Nerzugal's Extended Bestiary: 78"
"","neb.ogre-shaman","Ogre Shaman","2","Large","Giant","","Ogres","chaotic evil","dungeon, forest, mountain, swamp","9","59","-1","","","","Nerzugal's Extended Bestiary: 79"
"","neb.ogre-warchief","Ogre Warchief","4","Large","Giant","","Ogres","chaotic evil","dungeon, forest, mountain, swamp","16","76","-1","","","","Nerzugal's Extended Bestiary: 79"
"","neb.overgrowth-ghoul","Overgrowth Ghoul","1/4","Medium","Undead","","","chaotic evil","forest, swamp","9","17","-1","","","","Nerzugal's Extended Bestiary: 83"
"","neb.pyrefly","Pyrefly","1/4","Tiny","Elemental","","","chaotic neutral","forest, grassland","12","14","2","","","","Nerzugal's Extended Bestiary: 84"
"","neb.radiant-stalker","Radiant Stalker","5","Large","Construct","","","unaligned","dungeon, ruins, urban","15","110","5","","","","Nerzugal's Extended Bestiary: 85"
"","neb.scorched-alchemist","Scorched Alchemist","2","Medium","Humanoid","Any Race","Alchemists","chaotic evil","dungeon, urban","11","42","1","","","","Nerzugal's Extended Bestiary: 7"
"","neb.small-air-elemental","Small Air Elemental","1/2","Small","Elemental","","Elementals","unaligned","arctic, cave, coast, desert, dungeon, forest, grassland, mountain, planar, ruins, swamp, underground","13","19","3","","","","Nerzugal's Extended Bestiary: 39"
"","neb.small-earth-elemental","Small Earth Elemental","1/2","Small","Elemental","","Elementals","unaligned","arctic, cave, coast, desert, dungeon, forest, grassland, mountain, planar, ruins, swamp, underground","16","25","-1","","","","Nerzugal's Extended Bestiary: 40"
"","neb.small-fire-elemental","Small Fire Elemental","1/2","Small","Elemental","","Elementals","unaligned","cave, coast, desert, dungeon, grassland, mountain, planar, ruins, underground","13","19","2","","","","Nerzugal's Extended Bestiary: 40"
"","neb.small-ice-elemental","Small Ice Elemental","1/2","Small","Elemental","","Elementals","unaligned","arctic, dungeon, planar, urban","12","22","0","","","","Nerzugal's Extended Bestiary: 41"
"","neb.small-water-elemental","Small Water Elemental","1/2","Small","Elemental","","Elementals","unaligned","cave, coast, forest, mountain, planar, swamp, underground","13","22","1","","","","Nerzugal's Extended Bestiary: 41"
"","neb.soul-harvester","Soul Harvester","17","Huge","Fiend","Devil","","chaotic evil","dungeon, planar","19","240","3","","legendary","unique","Nerzugal's Extended Bestiary: 31"
"","neb.sparking-alchemist","Sparking Alchemist","2","Medium","Humanoid","Any Race","Alchemists","chaotic evil","dungeon, urban","12","39","2","","","","Nerzugal's Extended Bestiary: 7"
"","neb.storm-raven","Storm Raven","2","Tiny","Beast","","","unaligned","grassland, mountain","13","31","3","","","","Nerzugal's Extended Bestiary: 86"
"","neb.temple-scarab","Temple Scarab","1/8","Tiny","Beast","","","chaotic evil","dungeon, ruins","11","7","0","","","","Nerzugal's Extended Bestiary: 87"
"","neb.terror-beast","Terror Beast","10","Small","Aberration","","","chaotic evil","arctic, cave, coast, desert, dungeon, forest, grassland, mountain, ruins, swamp, underground, urban","16","88","3","","","","Nerzugal's Extended Bestiary: 88"
"","neb.the-emerald-queen","The Emerald Queen","7","Medium","Fey","","","lawful evil","forest","15","134","4","lair","legendary","unique","Nerzugal's Extended Bestiary: 89"
"","neb.timeless-chronomancer","Timeless Chronomancer","17","Medium","Humanoid","","","chaotic neutral","arctic, cave, coast, desert, dungeon, forest, grassland, mountain, ruins, swamp, underground, urban","14","169","4","","legendary","unique","Nerzugal's Extended Bestiary: 92"
"","neb.tortoise","Tortoise","1/2","Medium","Beast","","Bullywugs","unaligned","aquatic","16","25","-3","","","","Nerzugal's Extended Bestiary: 21"
"","neb.wind-drake","Wind Drake","2","Medium","Dragon","","Drakes","unaligned","mountain","14","45","1","","","","Nerzugal's Extended Bestiary: 38"
"","neb.witch-doctor","Witch Doctor","5","Medium","Humanoid","","","neutral evil","cave, forest, swamp, mountain","13","91","2","","","","Nerzugal's Extended Bestiary: 93"
"","neb.woodwraith","Woodwraith","4","Medium","Undead","Plant","","chaotic evil","forest, swamp","15","85","0","","","","Nerzugal's Extended Bestiary: 94"
"","neb.young-hellhound","Young Hellhound","1","Medium","Fiend","","Hellhounds","lawful evil","dungeon, planar, urban","13","26","1","","","","Nerzugal's Extended Bestiary: 53"
"","neb.zoblin","Zoblin","1/4","Small","Undead","Goblinoid","Zombies and Zoblins","neutral evil","aquatic, arctic, cave, coast, desert, dungeon, forest, grassland, mountain, ruins, swamp, underground, urban","10","22","-1","","","","Nerzugal's Extended Bestiary: 96"
"","neb.zoblin-boss","Zoblin Boss","1","Small","Undead","Goblinoid","Zombies and Zoblins","neutral evil","aquatic, arctic, cave, coast, desert, dungeon, forest, grassland, mountain, ruins, swamp, underground, urban","12","33","-1","","","","Nerzugal's Extended Bestiary: 97"
"","neb.zombie-warrior","Zombie Warrior","2","Small","Undead","","Zombies and Zoblins","neutral evil","aquatic, arctic, cave, coast, desert, dungeon, forest, grassland, mountain, ruins, swamp, underground, urban","16","51","0","","","","Nerzugal's Extended Bestiary: 97"